date,team,model_pct,pm_pct,kalshi_pct,consensus_pct,abs_pp,rel_pct,inserted_at,mle_pct,pool_pct,pm_bid,pm_ask,kalshi_bid,kalshi_ask
2026-06-10,Algeria,0.168,0.15,0.15,0.144,0.024,-14.3,2026-07-23T18:54:57.881688+00:00,,,,,,
2026-06-10,Argentina,10.387,8.55,8.65,8.259,2.127,-20.5,2026-07-23T18:54:57.881688+00:00,,,,,,
2026-06-10,Australia,0.012,0.15,0.15,0.144,-0.132,1099.9,2026-07-23T18:54:57.881688+00:00,,,,,,
2026-06-10,Austria,0.538,0.55,0.45,0.48,0.058,-10.8,2026-07-23T18:54:57.881688+00:00,,,,,,
2026-06-10,Belgium,2.033,1.95,2.25,2.017,0.016,-0.8,2026-07-23T18:54:57.881688+00:00,,,,,,
2026-06-10,Brazil,6.485,8.45,8.35,8.067,-1.582,24.4,2026-07-23T18:54:57.881688+00:00,,,,,,
2026-06-10,Canada,0.426,0.35,0.35,0.336,0.09,-21.1,2026-07-23T18:54:57.881688+00:00,,,,,,
2026-06-10,Cape Verde,0.004,0.1,,0.096,-0.092,2299.9,2026-07-23T18:54:57.881688+00:00,,,,,,
2026-06-10,Colombia,1.345,1.85,1.95,1.825,-0.48,35.7,2026-07-23T18:54:57.881688+00:00,,,,,,
2026-06-10,Croatia,1.745,0.85,0.95,0.864,0.88,-50.5,2026-07-23T18:54:57.881688+00:00,,,,,,
2026-06-10,Curacao,0.0,0.1,,0.096,-0.096,,2026-07-23T18:54:57.881688+00:00,,,,,,
2026-06-10,Czechia,0.202,0.25,,0.24,-0.038,18.8,2026-07-23T18:54:57.881688+00:00,,,,,,
2026-06-10,Ecuador,0.988,0.85,0.85,0.816,0.172,-17.4,2026-07-23T18:54:57.881688+00:00,,,,,,
2026-06-10,Egypt,0.098,0.25,0.15,0.192,-0.094,95.9,2026-07-23T18:54:57.881688+00:00,,,,,,
2026-06-10,England,11.887,10.85,10.75,10.372,1.515,-12.7,2026-07-23T18:54:57.881688+00:00,,,,,,
2026-06-10,France,15.355,16.05,16.05,15.414,-0.059,0.4,2026-07-23T18:54:57.881688+00:00,,,,,,
2026-06-10,Germany,4.538,5.25,5.55,5.186,-0.648,14.3,2026-07-23T18:54:57.881688+00:00,,,,,,
2026-06-10,Ghana,0.008,0.15,0.15,0.144,-0.136,1699.9,2026-07-23T18:54:57.881688+00:00,,,,,,
2026-06-10,Haiti,0.004,0.1,0.15,0.12,-0.116,2899.8,2026-07-23T18:54:57.881688+00:00,,,,,,
2026-06-10,Iran,0.024,0.15,0.15,0.144,-0.12,500.0,2026-07-23T18:54:57.881688+00:00,,,,,,
2026-06-10,Iraq,0.002,0.1,,0.096,-0.094,4699.7,2026-07-23T18:54:57.881688+00:00,,,,,,
2026-06-10,Ivory Coast,0.36,0.35,0.35,0.336,0.024,-6.7,2026-07-23T18:54:57.881688+00:00,,,,,,
2026-06-10,Japan,0.996,1.75,1.65,1.633,-0.636,63.8,2026-07-23T18:54:57.881688+00:00,,,,,,
2026-06-10,Jordan,0.0,0.1,,0.096,-0.096,,2026-07-23T18:54:57.881688+00:00,,,,,,
2026-06-10,Mexico,0.322,1.35,1.7,1.465,-1.142,354.6,2026-07-23T18:54:57.881688+00:00,,,,,,
2026-06-10,Morocco,1.068,1.65,1.65,1.585,-0.516,48.3,2026-07-23T18:54:57.881688+00:00,,,,,,
2026-06-10,Netherlands,4.832,4.05,4.65,4.178,0.655,-13.5,2026-07-23T18:54:57.881688+00:00,,,,,,
2026-06-10,New Zealand,0.002,0.1,,0.096,-0.094,4699.7,2026-07-23T18:54:57.881688+00:00,,,,,,
2026-06-10,Norway,1.451,2.45,2.45,2.353,-0.902,62.2,2026-07-23T18:54:57.881688+00:00,,,,,,
2026-06-10,Panama,0.014,0.1,,0.096,-0.082,585.7,2026-07-23T18:54:57.881688+00:00,,,,,,
2026-06-10,Paraguay,0.17,0.15,0.25,0.192,-0.022,12.9,2026-07-23T18:54:57.881688+00:00,,,,,,
2026-06-10,Portugal,7.373,10.55,10.55,10.132,-2.759,37.4,2026-07-23T18:54:57.881688+00:00,,,,,,
2026-06-10,Qatar,0.0,0.1,,0.096,-0.096,,2026-07-23T18:54:57.881688+00:00,,,,,,
2026-06-10,Saudi Arabia,0.0,0.1,,0.096,-0.096,,2026-07-23T18:54:57.881688+00:00,,,,,,
2026-06-10,Scotland,0.234,0.25,0.25,0.24,-0.006,2.6,2026-07-23T18:54:57.881688+00:00,,,,,,
2026-06-10,Senegal,1.241,0.75,0.75,0.72,0.52,-41.9,2026-07-23T18:54:57.881688+00:00,,,,,,
2026-06-10,South Africa,0.002,0.1,,0.096,-0.094,4699.7,2026-07-23T18:54:57.881688+00:00,,,,,,
2026-06-10,South Korea,0.168,0.25,0.25,0.24,-0.072,42.8,2026-07-23T18:54:57.881688+00:00,,,,,,
2026-06-10,Spain,19.105,16.45,17.35,16.23,2.874,-15.0,2026-07-23T18:54:57.881688+00:00,,,,,,
2026-06-10,Sweden,0.334,0.55,0.35,0.432,-0.098,29.3,2026-07-23T18:54:57.881688+00:00,,,,,,
2026-06-10,Switzerland,1.573,1.15,0.95,1.008,0.564,-35.9,2026-07-23T18:54:57.881688+00:00,,,,,,
2026-06-10,Tunisia,0.01,0.1,,0.096,-0.086,859.9,2026-07-23T18:54:57.881688+00:00,,,,,,
2026-06-10,Turkey,1.839,1.25,1.15,1.152,0.686,-37.3,2026-07-23T18:54:57.881688+00:00,,,,,,
2026-06-10,United States,0.628,1.15,1.6,1.321,-0.692,110.2,2026-07-23T18:54:57.881688+00:00,,,,,,
2026-06-10,Uruguay,2.007,1.05,0.95,0.96,1.047,-52.1,2026-07-23T18:54:57.881688+00:00,,,,,,
2026-06-10,Uzbekistan,0.02,0.1,,0.096,-0.076,380.0,2026-07-23T18:54:57.881688+00:00,,,,,,
2026-06-11,Algeria,0.18,0.15,0.15,0.141,0.039,-21.5,2026-06-11T09:34:59.474587+00:00,0.59,0.336,,,,
2026-06-11,Argentina,10.321,8.85,8.85,8.322,1.999,-19.4,2026-06-11T09:34:59.474587+00:00,9.207,10.055,,,,
2026-06-11,Australia,0.019,0.15,0.15,0.141,-0.122,623.3,2026-06-11T09:34:59.474587+00:00,0.315,0.081,,,,
2026-06-11,Austria,0.5,0.55,0.25,0.376,0.124,-24.8,2026-06-11T09:34:59.474587+00:00,0.785,0.646,,,,
2026-06-11,Belgium,2.075,1.95,2.25,1.975,0.1,-4.8,2026-06-11T09:34:59.474587+00:00,5.33,3.43,,,,
2026-06-11,Bosnia and Herzegovina,0.033,0.15,,0.141,-0.108,332.6,2026-06-11T11:03:14.771834+00:00,0.028,0.031,,,,
2026-06-11,Brazil,6.274,8.65,8.75,8.181,-1.907,30.4,2026-06-11T09:34:59.474587+00:00,9.424,7.932,,,,
2026-06-11,Canada,0.407,0.35,0.35,0.329,0.078,-19.1,2026-06-11T09:34:59.474587+00:00,0.291,0.355,,,,
2026-06-11,Cape Verde,0.003,0.1,,0.094,-0.091,3142.4,2026-06-11T09:34:59.474587+00:00,0.008,0.005,,,,
2026-06-11,Colombia,1.323,1.75,1.85,1.693,-0.37,27.9,2026-06-11T09:34:59.474587+00:00,4.723,2.578,,,,
2026-06-11,Croatia,1.798,0.85,0.75,0.752,1.046,-58.2,2026-06-11T09:34:59.474587+00:00,2.03,1.971,,,,
2026-06-11,Curacao,0.0,0.1,,0.094,-0.094,,2026-06-11T09:34:59.474587+00:00,0.0,0.0,,,,
2026-06-11,Czechia,0.179,0.25,,0.235,-0.056,31.5,2026-06-11T09:34:59.474587+00:00,0.348,0.257,,,,
2026-06-11,DR Congo,0.028,0.1,,0.094,-0.066,235.8,2026-06-11T11:03:14.771834+00:00,0.052,0.039,,,,
2026-06-11,Ecuador,1.063,0.85,0.85,0.799,0.264,-24.8,2026-06-11T09:34:59.474587+00:00,1.609,1.349,,,,
2026-06-11,Egypt,0.091,0.25,0.15,0.188,-0.097,107.3,2026-06-11T09:34:59.474587+00:00,0.264,0.159,,,,
2026-06-11,England,11.831,10.55,10.75,10.014,1.816,-15.4,2026-06-11T09:34:59.474587+00:00,7.053,9.422,,,,
2026-06-11,France,15.257,16.05,17.05,15.562,-0.305,2.0,2026-06-11T09:34:59.474587+00:00,7.482,11.021,,,,
2026-06-11,Germany,4.541,5.15,5.55,5.031,-0.49,10.8,2026-06-11T09:34:59.474587+00:00,6.774,5.721,,,,
2026-06-11,Ghana,0.012,0.15,0.15,0.141,-0.129,1046.7,2026-06-11T09:34:59.474587+00:00,0.037,0.022,,,,
2026-06-11,Haiti,0.002,0.1,0.15,0.118,-0.116,6429.8,2026-06-11T09:34:59.474587+00:00,0.002,0.002,,,,
2026-06-11,Iran,0.031,0.15,0.15,0.141,-0.11,356.5,2026-06-11T09:34:59.474587+00:00,0.467,0.124,,,,
2026-06-11,Iraq,0.0,0.1,,0.094,-0.094,46914.6,2026-06-11T09:34:59.474587+00:00,0.009,0.001,,,,
2026-06-11,Ivory Coast,0.384,0.35,0.35,0.329,0.055,-14.4,2026-06-11T09:34:59.474587+00:00,0.301,0.351,,,,
2026-06-11,Japan,0.988,1.75,1.65,1.598,-0.61,61.8,2026-06-11T09:34:59.474587+00:00,1.26,1.151,,,,
2026-06-11,Jordan,0.001,0.1,,0.094,-0.093,10347.7,2026-06-11T09:34:59.474587+00:00,0.012,0.003,,,,
2026-06-11,Mexico,0.341,1.35,2.3,1.716,-1.376,404.0,2026-06-11T09:34:59.474587+00:00,0.679,0.496,,,,
2026-06-11,Morocco,1.076,1.55,1.55,1.457,-0.382,35.5,2026-06-11T09:34:59.474587+00:00,1.659,1.378,,,,
2026-06-11,Netherlands,4.821,4.65,6.2,5.101,-0.28,5.8,2026-06-11T09:34:59.474587+00:00,5.146,5.138,,,,
2026-06-11,New Zealand,0.003,0.1,,0.094,-0.091,3258.2,2026-06-11T09:34:59.474587+00:00,0.002,0.002,,,,
2026-06-11,Norway,1.537,2.35,2.45,2.257,-0.72,46.9,2026-06-11T09:34:59.474587+00:00,2.038,1.825,,,,
2026-06-11,Panama,0.009,0.1,,0.094,-0.085,911.1,2026-06-11T09:34:59.474587+00:00,0.011,0.01,,,,
2026-06-11,Paraguay,0.149,0.15,0.15,0.141,0.008,-5.1,2026-06-11T09:34:59.474587+00:00,0.447,0.266,,,,
2026-06-11,Portugal,7.51,10.85,10.85,10.202,-2.692,35.8,2026-06-11T09:34:59.474587+00:00,8.196,8.093,,,,
2026-06-11,Qatar,0.0,0.1,,0.094,-0.094,93929.1,2026-06-11T09:34:59.474587+00:00,0.005,0.001,,,,
2026-06-11,Saudi Arabia,0.001,0.1,,0.094,-0.094,18705.8,2026-06-11T09:34:59.474587+00:00,0.015,0.003,,,,
2026-06-11,Scotland,0.241,0.25,0.25,0.235,0.006,-2.5,2026-06-11T09:34:59.474587+00:00,0.328,0.29,,,,
2026-06-11,Senegal,1.225,0.65,0.65,0.611,0.613,-50.1,2026-06-11T09:34:59.474587+00:00,0.762,0.996,,,,
2026-06-11,South Africa,0.002,0.1,,0.094,-0.092,5776.8,2026-06-11T09:34:59.474587+00:00,0.038,0.008,,,,
2026-06-11,South Korea,0.157,0.25,0.25,0.235,-0.078,49.9,2026-06-11T09:34:59.474587+00:00,0.292,0.221,,,,
2026-06-11,Spain,19.174,16.95,17.3,16.102,3.071,-16.0,2026-06-11T09:34:59.474587+00:00,15.698,17.896,,,,
2026-06-11,Sweden,0.32,0.55,0.35,0.423,-0.103,32.4,2026-06-11T09:34:59.474587+00:00,0.436,0.385,,,,
2026-06-11,Switzerland,1.571,1.25,0.95,1.034,0.536,-34.2,2026-06-11T09:34:59.474587+00:00,2.081,1.865,,,,
2026-06-11,Tunisia,0.005,0.1,,0.094,-0.089,1780.6,2026-06-11T09:34:59.474587+00:00,0.098,0.023,,,,
2026-06-11,Turkey,1.862,1.05,0.95,0.94,0.922,-49.5,2026-06-11T09:34:59.474587+00:00,0.776,1.24,,,,
2026-06-11,United States,0.595,1.15,1.65,1.316,-0.722,121.4,2026-06-11T09:34:59.474587+00:00,0.294,0.432,,,,
2026-06-11,Uruguay,2.047,0.95,0.95,0.893,1.153,-56.4,2026-06-11T09:34:59.474587+00:00,2.563,2.362,,,,
2026-06-11,Uzbekistan,0.019,0.1,,0.094,-0.075,397.5,2026-06-11T09:34:59.474587+00:00,0.035,0.027,,,,
2026-06-12,Algeria,0.181,0.15,0.15,0.141,0.04,-22.2,2026-06-12T12:14:57.265454+00:00,0.59,0.337,,,,
2026-06-12,Argentina,10.326,8.85,8.85,8.308,2.018,-19.5,2026-06-12T12:14:57.265454+00:00,9.212,10.062,,,,
2026-06-12,Australia,0.02,0.15,0.15,0.141,-0.121,604.1,2026-06-12T12:14:57.265454+00:00,0.313,0.082,,,,
2026-06-12,Austria,0.501,0.55,0.25,0.375,0.125,-25.0,2026-06-12T12:14:57.265454+00:00,0.781,0.645,,,,
2026-06-12,Belgium,2.064,1.95,2.25,1.971,0.093,-4.5,2026-06-12T12:14:57.265454+00:00,5.343,3.426,,,,
2026-06-12,Bosnia and Herzegovina,0.033,0.15,,0.141,-0.108,325.4,2026-06-12T12:14:57.265454+00:00,0.027,0.031,,,,
2026-06-12,Brazil,6.277,8.55,8.45,7.979,-1.702,27.1,2026-06-12T12:14:57.265454+00:00,9.406,7.927,,,,
2026-06-12,Canada,0.406,0.35,0.25,0.282,0.124,-30.6,2026-06-12T12:14:57.265454+00:00,0.289,0.353,,,,
2026-06-12,Cape Verde,0.003,0.1,,0.094,-0.091,2928.2,2026-06-12T12:14:57.265454+00:00,0.008,0.005,,,,
2026-06-12,Colombia,1.32,1.75,1.85,1.69,-0.369,28.0,2026-06-12T12:14:57.265454+00:00,4.726,2.577,,,,
2026-06-12,Croatia,1.796,0.85,0.75,0.751,1.045,-58.2,2026-06-12T12:14:57.265454+00:00,2.022,1.966,,,,
2026-06-12,Curacao,0.0,0.1,,0.094,-0.094,,2026-06-12T12:14:57.265454+00:00,0.0,0.0,,,,
2026-06-12,Czechia,0.147,0.25,,0.235,-0.088,59.8,2026-06-12T12:14:57.265454+00:00,0.258,0.201,,,,
2026-06-12,DR Congo,0.028,0.1,,0.094,-0.066,234.1,2026-06-12T12:14:57.265454+00:00,0.052,0.039,,,,
2026-06-12,Ecuador,1.059,0.85,0.85,0.798,0.261,-24.6,2026-06-12T12:14:57.265454+00:00,1.603,1.344,,,,
2026-06-12,Egypt,0.09,0.25,0.15,0.188,-0.098,108.1,2026-06-12T12:14:57.265454+00:00,0.263,0.159,,,,
2026-06-12,England,11.822,10.55,10.75,9.998,1.824,-15.4,2026-06-12T12:14:57.265454+00:00,7.018,9.396,,,,
2026-06-12,France,15.266,16.05,17.05,15.536,-0.27,1.8,2026-06-12T12:14:57.265454+00:00,7.487,11.03,,,,
2026-06-12,Germany,4.534,5.15,5.55,5.022,-0.488,10.8,2026-06-12T12:14:57.265454+00:00,6.768,5.715,,,,
2026-06-12,Ghana,0.012,0.15,0.15,0.141,-0.129,1054.2,2026-06-12T12:14:57.265454+00:00,0.036,0.022,,,,
2026-06-12,Haiti,0.002,0.1,0.15,0.117,-0.115,6076.0,2026-06-12T12:14:57.265454+00:00,0.003,0.002,,,,
2026-06-12,Iran,0.031,0.15,0.15,0.141,-0.11,360.2,2026-06-12T12:14:57.265454+00:00,0.465,0.123,,,,
2026-06-12,Iraq,0.0,0.1,,0.094,-0.094,46837.3,2026-06-12T12:14:57.265454+00:00,0.008,0.001,,,,
2026-06-12,Ivory Coast,0.383,0.35,0.35,0.329,0.054,-14.2,2026-06-12T12:14:57.265454+00:00,0.297,0.348,,,,
2026-06-12,Japan,0.986,2.05,1.65,1.737,-0.751,76.1,2026-06-12T12:14:57.265454+00:00,1.26,1.15,,,,
2026-06-12,Jordan,0.001,0.1,,0.094,-0.093,10330.5,2026-06-12T12:14:57.265454+00:00,0.013,0.003,,,,
2026-06-12,Mexico,0.366,1.45,2.35,1.784,-1.417,387.1,2026-06-12T12:14:57.265454+00:00,0.777,0.55,,,,
2026-06-12,Morocco,1.072,1.55,1.55,1.455,-0.383,35.7,2026-06-12T12:14:57.265454+00:00,1.648,1.372,,,,
2026-06-12,Netherlands,4.821,4.55,5.65,4.788,0.033,-0.7,2026-06-12T12:14:57.265454+00:00,5.139,5.135,,,,
2026-06-12,New Zealand,0.003,0.1,,0.094,-0.091,3376.8,2026-06-12T12:14:57.265454+00:00,0.002,0.002,,,,
2026-06-12,Norway,1.537,2.45,2.45,2.3,-0.763,49.6,2026-06-12T12:14:57.265454+00:00,2.032,1.823,,,,
2026-06-12,Panama,0.01,0.1,,0.094,-0.084,877.9,2026-06-12T12:14:57.265454+00:00,0.011,0.01,,,,
2026-06-12,Paraguay,0.149,0.15,0.15,0.141,0.008,-5.4,2026-06-12T12:14:57.265454+00:00,0.447,0.266,,,,
2026-06-12,Portugal,7.507,11.25,10.75,10.326,-2.819,37.6,2026-06-12T12:14:57.265454+00:00,8.186,8.088,,,,
2026-06-12,Qatar,0.0,0.1,,0.094,-0.094,93774.7,2026-06-12T12:14:57.265454+00:00,0.005,0.001,,,,
2026-06-12,Saudi Arabia,0.001,0.1,,0.094,-0.093,18674.9,2026-06-12T12:14:57.265454+00:00,0.015,0.003,,,,
2026-06-12,Scotland,0.24,0.25,0.25,0.235,0.005,-2.1,2026-06-12T12:14:57.265454+00:00,0.327,0.289,,,,
2026-06-12,Senegal,1.228,0.65,0.65,0.61,0.618,-50.3,2026-06-12T12:14:57.265454+00:00,0.76,0.997,,,,
2026-06-12,South Africa,0.001,0.1,,0.094,-0.093,7722.9,2026-06-12T12:14:57.265454+00:00,0.025,0.006,,,,
2026-06-12,South Korea,0.191,0.35,0.35,0.329,-0.138,72.2,2026-06-12T12:14:57.265454+00:00,0.402,0.286,,,,
2026-06-12,Spain,19.174,16.95,17.65,16.24,2.933,-15.3,2026-06-12T12:14:57.265454+00:00,15.703,17.901,,,,
2026-06-12,Sweden,0.318,0.55,0.25,0.375,-0.057,17.9,2026-06-12T12:14:57.265454+00:00,0.433,0.383,,,,
2026-06-12,Switzerland,1.57,1.35,0.95,1.08,0.49,-31.2,2026-06-12T12:14:57.265454+00:00,2.077,1.863,,,,
2026-06-12,Tunisia,0.005,0.1,,0.094,-0.089,1777.5,2026-06-12T12:14:57.265454+00:00,0.099,0.023,,,,
2026-06-12,Turkey,1.866,1.05,0.95,0.939,0.927,-49.7,2026-06-12T12:14:57.265454+00:00,0.78,1.244,,,,
2026-06-12,United States,0.598,1.15,1.75,1.361,-0.763,127.6,2026-06-12T12:14:57.265454+00:00,0.296,0.434,,,,
2026-06-12,Uruguay,2.038,0.95,0.95,0.892,1.146,-56.2,2026-06-12T12:14:57.265454+00:00,2.553,2.353,,,,
2026-06-12,Uzbekistan,0.018,0.1,,0.094,-0.075,410.2,2026-06-12T12:14:57.265454+00:00,0.034,0.026,,,,
2026-06-13,Algeria,0.182,0.15,0.15,0.142,0.04,-22.0,2026-06-13T11:08:18.477303+00:00,0.592,0.338,0.1,0.2,0.1,0.2
2026-06-13,Argentina,10.243,7.85,8.85,7.892,2.351,-23.0,2026-06-13T11:08:18.477303+00:00,9.228,10.029,7.8,7.9,8.8,8.9
2026-06-13,Australia,0.019,0.15,0.15,0.142,-0.123,646.2,2026-06-13T11:08:18.477303+00:00,0.313,0.08,,,0.1,0.2
2026-06-13,Austria,0.502,0.55,0.25,0.378,0.124,-24.6,2026-06-13T11:08:18.477303+00:00,0.781,0.646,,,0.2,0.3
2026-06-13,Belgium,2.049,1.95,2.05,1.89,0.158,-7.7,2026-06-13T11:08:18.477303+00:00,5.367,3.421,,,2.0,2.1
2026-06-13,Bosnia and Herzegovina,0.034,0.15,,0.142,-0.108,320.7,2026-06-13T11:08:18.477303+00:00,0.027,0.031,0.1,0.2,,
2026-06-13,Brazil,6.271,8.35,8.55,7.987,-1.716,27.4,2026-06-13T11:08:18.477303+00:00,9.406,7.923,8.3,8.4,8.5,8.6
2026-06-13,Canada,0.405,0.25,0.25,0.236,0.169,-41.7,2026-06-13T11:08:18.477303+00:00,0.29,0.354,0.2,0.3,0.2,0.3
2026-06-13,Cape Verde,0.003,0.1,,0.095,-0.092,3159.2,2026-06-13T11:08:18.477303+00:00,0.008,0.005,,,,
2026-06-13,Colombia,1.322,1.65,1.65,1.56,-0.238,18.0,2026-06-13T11:08:18.477303+00:00,4.73,2.58,1.6,1.7,1.6,1.7
2026-06-13,Croatia,1.796,0.85,0.75,0.756,1.04,-57.9,2026-06-13T11:08:18.477303+00:00,2.022,1.966,,,0.7,0.8
2026-06-13,Curacao,0.0,0.1,,0.095,-0.094,94418.0,2026-06-13T11:08:18.477303+00:00,0.0,0.0,,0.1,,
2026-06-13,Czechia,0.147,0.25,,0.236,-0.089,60.6,2026-06-13T11:08:18.477303+00:00,0.262,0.203,,,,
2026-06-13,DR Congo,0.028,0.1,,0.095,-0.067,242.5,2026-06-13T11:08:18.477303+00:00,0.051,0.039,,,,
2026-06-13,Ecuador,1.062,0.85,0.75,0.756,0.306,-28.8,2026-06-13T11:08:18.477303+00:00,1.601,1.345,0.8,0.9,0.7,0.8
2026-06-13,Egypt,0.088,0.25,0.15,0.189,-0.101,115.8,2026-06-13T11:08:18.477303+00:00,0.264,0.157,,,0.1,0.2
2026-06-13,England,11.831,9.65,10.75,9.641,2.19,-18.5,2026-06-13T11:08:18.477303+00:00,7.024,9.404,9.6,9.7,10.7,10.8
2026-06-13,France,15.315,16.05,17.15,15.69,-0.375,2.4,2026-06-13T11:08:18.477303+00:00,7.478,11.04,16.0,16.1,17.1,17.2
2026-06-13,Germany,4.548,5.15,5.05,4.82,-0.272,6.0,2026-06-13T11:08:18.477303+00:00,6.768,5.723,5.1,5.2,5.0,5.1
2026-06-13,Ghana,0.012,0.15,0.15,0.142,-0.13,1101.5,2026-06-13T11:08:18.477303+00:00,0.036,0.021,0.1,0.2,0.1,0.2
2026-06-13,Haiti,0.002,0.1,0.15,0.118,-0.116,5807.4,2026-06-13T11:08:18.477303+00:00,0.002,0.002,,0.1,0.1,0.2
2026-06-13,Iran,0.029,0.15,0.15,0.142,-0.112,383.9,2026-06-13T11:08:18.477303+00:00,0.468,0.121,0.1,0.2,0.1,0.2
2026-06-13,Iraq,0.0,0.1,,0.095,-0.094,47159.0,2026-06-13T11:08:18.477303+00:00,0.008,0.001,,0.1,,
2026-06-13,Ivory Coast,0.383,0.35,0.25,0.284,0.099,-25.9,2026-06-13T11:08:18.477303+00:00,0.298,0.348,,,0.2,0.3
2026-06-13,Japan,0.986,1.95,1.65,1.701,-0.716,72.6,2026-06-13T11:08:18.477303+00:00,1.261,1.15,1.9,2.0,1.6,1.7
2026-06-13,Jordan,0.001,0.1,,0.095,-0.094,13402.6,2026-06-13T11:08:18.477303+00:00,0.012,0.003,,0.1,,
2026-06-13,Mexico,0.364,1.35,1.85,1.512,-1.148,315.2,2026-06-13T11:08:18.477303+00:00,0.781,0.55,1.3,1.4,1.7,2.0
2026-06-13,Morocco,1.073,1.45,1.55,1.418,-0.344,32.1,2026-06-13T11:08:18.477303+00:00,1.649,1.373,1.4,1.5,1.5,1.6
2026-06-13,Netherlands,4.823,5.05,5.85,5.151,-0.328,6.8,2026-06-13T11:08:18.477303+00:00,5.132,5.132,5.0,5.1,5.8,5.9
2026-06-13,New Zealand,0.003,0.1,,0.095,-0.092,3535.3,2026-06-13T11:08:18.477303+00:00,0.002,0.002,,0.1,,
2026-06-13,Norway,1.548,2.55,2.45,2.363,-0.815,52.7,2026-06-13T11:08:18.477303+00:00,2.036,1.831,2.5,2.6,2.4,2.5
2026-06-13,Panama,0.009,0.1,,0.095,-0.085,927.4,2026-06-13T11:08:18.477303+00:00,0.011,0.01,,0.1,,
2026-06-13,Paraguay,0.095,0.15,0.15,0.142,-0.046,48.6,2026-06-13T11:08:18.477303+00:00,0.255,0.161,0.1,0.2,0.1,0.2
2026-06-13,Portugal,7.506,10.55,10.85,10.113,-2.608,34.7,2026-06-13T11:08:18.477303+00:00,8.185,8.086,10.5,10.6,10.8,10.9
2026-06-13,Qatar,0.0,0.1,,0.095,-0.094,94418.0,2026-06-13T11:08:18.477303+00:00,0.005,0.001,,,,
2026-06-13,Saudi Arabia,0.001,0.1,,0.095,-0.094,15653.0,2026-06-13T11:08:18.477303+00:00,0.016,0.003,,,,
2026-06-13,Scotland,0.243,0.25,0.15,0.189,0.054,-22.1,2026-06-13T11:08:18.477303+00:00,0.327,0.291,0.2,0.3,0.1,0.2
2026-06-13,Senegal,1.229,0.65,0.65,0.614,0.615,-50.0,2026-06-13T11:08:18.477303+00:00,0.755,0.994,0.6,0.7,0.6,0.7
2026-06-13,South Africa,0.001,0.1,,0.095,-0.093,7170.6,2026-06-13T11:08:18.477303+00:00,0.025,0.006,,0.1,,
2026-06-13,South Korea,0.192,0.45,0.55,0.473,-0.28,145.6,2026-06-13T11:08:18.477303+00:00,0.401,0.287,0.4,0.5,0.5,0.6
2026-06-13,Spain,19.163,16.75,16.95,15.926,3.237,-16.9,2026-06-13T11:08:18.477303+00:00,15.727,17.909,16.7,16.8,16.9,17.0
2026-06-13,Sweden,0.321,0.55,0.25,0.378,-0.057,17.8,2026-06-13T11:08:18.477303+00:00,0.429,0.383,,,0.2,0.3
2026-06-13,Switzerland,1.562,1.45,1.2,1.252,0.31,-19.8,2026-06-13T11:08:18.477303+00:00,2.079,1.859,1.4,1.5,1.1,1.3
2026-06-13,Tunisia,0.005,0.1,,0.095,-0.089,1683.4,2026-06-13T11:08:18.477303+00:00,0.099,0.024,,0.1,,
2026-06-13,Turkey,1.859,1.25,0.95,1.04,0.82,-44.1,2026-06-13T11:08:18.477303+00:00,0.76,1.226,1.2,1.3,0.9,1.0
2026-06-13,United States,0.709,1.95,3.55,2.599,-1.891,266.8,2026-06-13T11:08:18.477303+00:00,0.435,0.573,1.9,2.0,3.5,3.6
2026-06-13,Uruguay,2.019,0.85,0.95,0.851,1.169,-57.9,2026-06-13T11:08:18.477303+00:00,2.559,2.345,0.8,0.9,0.9,1.0
2026-06-13,Uzbekistan,0.018,0.1,,0.095,-0.077,425.1,2026-06-13T11:08:18.477303+00:00,0.034,0.026,,0.1,,
2026-06-14,Algeria,0.188,0.15,0.15,0.144,0.044,-23.4,2026-06-14T11:30:04.396705+00:00,0.593,0.344,0.1,0.2,0.1,0.2
2026-06-14,Argentina,10.674,7.85,8.85,8.015,2.659,-24.9,2026-06-14T11:30:04.396705+00:00,9.277,10.255,7.8,7.9,8.8,8.9
2026-06-14,Australia,0.051,0.15,0.25,0.192,-0.141,277.2,2026-06-14T11:30:04.396705+00:00,0.497,0.164,,,0.2,0.3
2026-06-14,Austria,0.518,0.55,0.35,0.432,0.086,-16.6,2026-06-14T11:30:04.396705+00:00,0.783,0.656,,,0.3,0.4
2026-06-14,Belgium,2.162,1.95,1.85,1.824,0.338,-15.7,2026-06-14T11:30:04.396705+00:00,5.407,3.524,,,1.8,1.9
2026-06-14,Bosnia and Herzegovina,0.035,0.15,,0.144,-0.109,310.2,2026-06-14T11:30:04.396705+00:00,0.026,0.031,0.1,0.2,,
2026-06-14,Brazil,6.291,7.45,6.85,6.863,-0.572,9.1,2026-06-14T11:30:04.396705+00:00,9.394,7.922,7.4,7.5,6.8,6.9
2026-06-14,Canada,0.416,0.25,0.25,0.24,0.176,-42.4,2026-06-14T11:30:04.396705+00:00,0.293,0.36,0.2,0.3,0.2,0.3
2026-06-14,Cape Verde,0.003,0.1,,0.096,-0.093,3739.7,2026-06-14T11:30:04.396705+00:00,0.008,0.005,,,,
2026-06-14,Colombia,1.336,1.55,1.65,1.536,-0.2,15.0,2026-06-14T11:30:04.396705+00:00,4.728,2.59,1.5,1.6,1.6,1.7
2026-06-14,Croatia,1.811,0.85,0.75,0.768,1.043,-57.6,2026-06-14T11:30:04.396705+00:00,2.023,1.972,,,0.7,0.8
2026-06-14,Curacao,0.0,0.1,,0.096,-0.096,31897.4,2026-06-14T11:30:04.396705+00:00,0.0,0.0,,0.1,,
2026-06-14,Czechia,0.152,0.25,,0.24,-0.088,57.8,2026-06-14T11:30:04.396705+00:00,0.26,0.205,,,,
2026-06-14,DR Congo,0.028,0.1,,0.096,-0.068,245.3,2026-06-14T11:30:04.396705+00:00,0.05,0.038,,,,
2026-06-14,Ecuador,1.044,0.75,0.75,0.72,0.324,-31.1,2026-06-14T11:30:04.396705+00:00,1.599,1.332,0.7,0.8,0.7,0.8
2026-06-14,Egypt,0.098,0.25,0.15,0.192,-0.094,96.3,2026-06-14T11:30:04.396705+00:00,0.265,0.166,,,0.1,0.2
2026-06-14,England,11.823,9.65,10.35,9.599,2.224,-18.8,2026-06-14T11:30:04.396705+00:00,7.032,9.396,9.6,9.7,10.3,10.4
2026-06-14,France,15.088,16.35,16.7,15.863,-0.774,5.1,2026-06-14T11:30:04.396705+00:00,7.447,10.924,16.3,16.4,16.6,16.8
2026-06-14,Germany,4.469,5.15,5.05,4.896,-0.426,9.5,2026-06-14T11:30:04.396705+00:00,6.709,5.643,5.1,5.2,5.0,5.1
2026-06-14,Ghana,0.013,0.15,0.15,0.144,-0.131,982.6,2026-06-14T11:30:04.396705+00:00,0.036,0.023,0.1,0.2,0.1,0.2
2026-06-14,Haiti,0.0,0.1,0.15,0.12,-0.12,59895.2,2026-06-14T11:30:04.396705+00:00,0.0,0.0,,0.1,0.1,0.2
2026-06-14,Iran,0.032,0.15,0.15,0.144,-0.112,357.1,2026-06-14T11:30:04.396705+00:00,0.477,0.126,0.1,0.2,0.1,0.2
2026-06-14,Iraq,0.0,0.1,,0.096,-0.096,47896.2,2026-06-14T11:30:04.396705+00:00,0.008,0.001,,0.1,,
2026-06-14,Ivory Coast,0.379,0.35,0.35,0.336,0.043,-11.4,2026-06-14T11:30:04.396705+00:00,0.298,0.346,,,0.3,0.4
2026-06-14,Japan,0.981,1.65,1.45,1.488,-0.506,51.6,2026-06-14T11:30:04.396705+00:00,1.253,1.143,1.6,1.7,1.4,1.5
2026-06-14,Jordan,0.001,0.1,,0.096,-0.095,13613.2,2026-06-14T11:30:04.396705+00:00,0.012,0.003,,0.1,,
2026-06-14,Mexico,0.363,1.25,2.0,1.56,-1.197,329.4,2026-06-14T11:30:04.396705+00:00,0.771,0.545,1.2,1.3,1.8,2.2
2026-06-14,Morocco,1.118,2.15,2.05,2.016,-0.898,80.4,2026-06-14T11:30:04.396705+00:00,1.701,1.421,2.1,2.2,2.0,2.1
2026-06-14,Netherlands,4.753,5.05,5.75,5.184,-0.43,9.1,2026-06-14T11:30:04.396705+00:00,5.054,5.051,5.0,5.1,5.7,5.8
2026-06-14,New Zealand,0.002,0.1,,0.096,-0.094,4073.6,2026-06-14T11:30:04.396705+00:00,0.002,0.002,,0.1,,
2026-06-14,Norway,1.544,2.45,2.45,2.352,-0.808,52.3,2026-06-14T11:30:04.396705+00:00,2.018,1.819,2.4,2.5,2.4,2.5
2026-06-14,Panama,0.009,0.1,,0.096,-0.087,954.9,2026-06-14T11:30:04.396705+00:00,0.011,0.01,,0.1,,
2026-06-14,Paraguay,0.091,0.15,0.15,0.144,-0.052,57.4,2026-06-14T11:30:04.396705+00:00,0.242,0.154,0.1,0.2,0.1,0.2
2026-06-14,Portugal,7.527,11.35,12.1,11.255,-3.728,49.5,2026-06-14T11:30:04.396705+00:00,8.207,8.1,11.3,11.4,11.9,12.3
2026-06-14,Qatar,0.0,0.1,,0.096,-0.096,95892.3,2026-06-14T11:30:04.396705+00:00,0.005,0.001,,,,
2026-06-14,Saudi Arabia,0.001,0.1,,0.096,-0.095,13613.2,2026-06-14T11:30:04.396705+00:00,0.014,0.003,,,,
2026-06-14,Scotland,0.309,0.25,0.25,0.24,0.069,-22.4,2026-06-14T11:30:04.396705+00:00,0.411,0.368,0.2,0.3,0.2,0.3
2026-06-14,Senegal,1.218,0.65,0.55,0.576,0.642,-52.7,2026-06-14T11:30:04.396705+00:00,0.758,0.99,0.6,0.7,0.5,0.6
2026-06-14,South Africa,0.001,0.1,,0.096,-0.095,7284.0,2026-06-14T11:30:04.396705+00:00,0.025,0.006,,0.1,,
2026-06-14,South Korea,0.19,0.35,0.45,0.384,-0.194,101.7,2026-06-14T11:30:04.396705+00:00,0.404,0.286,0.3,0.4,0.4,0.5
2026-06-14,Spain,19.433,16.65,16.5,15.911,3.522,-18.1,2026-06-14T11:30:04.396705+00:00,15.781,18.047,16.6,16.7,16.3,16.7
2026-06-14,Sweden,0.32,0.55,0.25,0.384,-0.064,20.1,2026-06-14T11:30:04.396705+00:00,0.426,0.38,,,0.2,0.3
2026-06-14,Switzerland,1.579,0.95,0.85,0.864,0.715,-45.3,2026-06-14T11:30:04.396705+00:00,2.077,1.866,0.9,1.0,0.8,0.9
2026-06-14,Tunisia,0.005,0.1,,0.096,-0.091,2033.2,2026-06-14T11:30:04.396705+00:00,0.097,0.022,,0.1,,
2026-06-14,Turkey,1.07,0.65,0.45,0.528,0.542,-50.6,2026-06-14T11:30:04.396705+00:00,0.485,0.742,0.6,0.7,0.4,0.5
2026-06-14,United States,0.703,2.05,3.65,2.736,-2.033,289.2,2026-06-14T11:30:04.396705+00:00,0.434,0.569,2.0,2.1,3.6,3.7
2026-06-14,Uruguay,2.15,0.85,0.85,0.816,1.334,-62.1,2026-06-14T11:30:04.396705+00:00,2.565,2.42,0.8,0.9,0.8,0.9
2026-06-14,Uzbekistan,0.018,0.1,,0.096,-0.078,436.3,2026-06-14T11:30:04.396705+00:00,0.034,0.025,,0.1,,
2026-06-15,Algeria,0.187,0.15,0.15,0.145,0.042,-22.5,2026-06-15T14:58:17.622357+00:00,0.59,0.342,0.1,0.2,0.1,0.2
2026-06-15,Argentina,10.684,8.05,8.65,8.089,2.595,-24.3,2026-06-15T14:58:17.622357+00:00,9.272,10.251,8.0,8.1,8.6,8.7
2026-06-15,Australia,0.052,0.15,0.35,0.242,-0.191,369.4,2026-06-15T14:58:17.622357+00:00,0.497,0.165,,,0.3,0.4
2026-06-15,Austria,0.516,0.55,0.35,0.436,0.08,-15.5,2026-06-15T14:58:17.622357+00:00,0.783,0.655,,,0.3,0.4
2026-06-15,Belgium,2.166,1.95,1.85,1.841,0.325,-15.0,2026-06-15T14:58:17.622357+00:00,5.382,3.516,,,1.8,1.9
2026-06-15,Bosnia and Herzegovina,0.034,0.15,,0.145,-0.111,321.2,2026-06-15T14:58:17.622357+00:00,0.026,0.031,0.1,0.2,,
2026-06-15,Brazil,6.311,6.65,6.55,6.394,-0.083,1.3,2026-06-15T14:58:17.622357+00:00,9.417,7.94,6.6,6.7,6.5,6.6
2026-06-15,Canada,0.419,0.25,0.25,0.242,0.177,-42.2,2026-06-15T14:58:17.622357+00:00,0.293,0.361,0.2,0.3,0.2,0.3
2026-06-15,Cape Verde,0.003,0.1,,0.097,-0.094,3775.0,2026-06-15T14:58:17.622357+00:00,0.007,0.004,,,,
2026-06-15,Colombia,1.331,1.55,1.65,1.55,-0.219,16.4,2026-06-15T14:58:17.622357+00:00,4.675,2.57,1.5,1.6,1.6,1.7
2026-06-15,Croatia,1.803,0.85,0.75,0.775,1.028,-57.0,2026-06-15T14:58:17.622357+00:00,1.995,1.953,,,0.7,0.8
2026-06-15,Curacao,0.0,0.1,,0.097,-0.097,,2026-06-15T14:58:17.622357+00:00,0.0,0.0,,0.1,,
2026-06-15,Czechia,0.154,0.25,,0.242,-0.088,57.3,2026-06-15T14:58:17.622357+00:00,0.253,0.203,,,,
2026-06-15,DR Congo,0.027,0.1,,0.097,-0.07,254.9,2026-06-15T14:58:17.622357+00:00,0.049,0.038,,,,
2026-06-15,Ecuador,0.965,0.45,0.35,0.388,0.577,-59.8,2026-06-15T14:58:17.622357+00:00,1.398,1.196,0.4,0.5,0.3,0.4
2026-06-15,Egypt,0.097,0.25,0.15,0.194,-0.097,100.4,2026-06-15T14:58:17.622357+00:00,0.264,0.164,,,0.1,0.2
2026-06-15,England,11.742,9.65,10.35,9.688,2.055,-17.5,2026-06-15T14:58:17.622357+00:00,6.943,9.3,9.6,9.7,10.3,10.4
2026-06-15,France,14.917,16.05,16.35,15.694,-0.777,5.2,2026-06-15T14:58:17.622357+00:00,7.449,10.857,16.0,16.1,16.3,16.4
2026-06-15,Germany,4.654,6.15,6.05,5.909,-1.255,27.0,2026-06-15T14:58:17.622357+00:00,6.919,5.845,6.1,6.2,6.0,6.1
2026-06-15,Ghana,0.014,0.15,0.15,0.145,-0.131,945.4,2026-06-15T14:58:17.622357+00:00,0.035,0.023,0.1,0.2,0.1,0.2
2026-06-15,Haiti,0.0,0.1,0.15,0.121,-0.121,,2026-06-15T14:58:17.622357+00:00,0.0,0.0,,0.1,0.1,0.2
2026-06-15,Iran,0.03,0.15,0.15,0.145,-0.115,379.6,2026-06-15T14:58:17.622357+00:00,0.475,0.123,0.1,0.2,0.1,0.2
2026-06-15,Iraq,0.0,0.1,,0.097,-0.097,,2026-06-15T14:58:17.622357+00:00,0.009,0.0,,0.1,,
2026-06-15,Ivory Coast,0.429,0.35,0.55,0.436,-0.007,1.6,2026-06-15T14:58:17.622357+00:00,0.37,0.41,,,0.5,0.6
2026-06-15,Japan,1.02,2.05,1.55,1.744,-0.723,70.9,2026-06-15T14:58:17.622357+00:00,1.328,1.199,2.0,2.1,1.5,1.6
2026-06-15,Jordan,0.001,0.1,,0.097,-0.096,13739.4,2026-06-15T14:58:17.622357+00:00,0.012,0.003,,0.1,,
2026-06-15,Mexico,0.357,1.35,1.65,1.453,-1.096,307.4,2026-06-15T14:58:17.622357+00:00,0.754,0.534,1.3,1.4,1.6,1.7
2026-06-15,Morocco,1.135,2.25,2.25,2.18,-1.045,92.1,2026-06-15T14:58:17.622357+00:00,1.728,1.442,2.2,2.3,2.2,2.3
2026-06-15,Netherlands,4.63,5.05,4.65,4.698,-0.069,1.5,2026-06-15T14:58:17.622357+00:00,4.934,4.923,5.0,5.1,4.6,4.7
2026-06-15,New Zealand,0.002,0.1,,0.097,-0.095,4743.8,2026-06-15T14:58:17.622357+00:00,0.002,0.002,,0.1,,
2026-06-15,Norway,1.537,2.45,2.45,2.373,-0.837,54.4,2026-06-15T14:58:17.622357+00:00,2.042,1.825,2.4,2.5,2.4,2.5
2026-06-15,Panama,0.009,0.1,,0.097,-0.088,1013.5,2026-06-15T14:58:17.622357+00:00,0.011,0.01,,0.1,,
2026-06-15,Paraguay,0.09,0.15,0.15,0.145,-0.056,62.0,2026-06-15T14:58:17.622357+00:00,0.237,0.15,0.1,0.2,0.1,0.2
2026-06-15,Portugal,7.488,10.75,11.45,10.753,-3.265,43.6,2026-06-15T14:58:17.622357+00:00,8.12,8.031,10.7,10.8,11.2,11.7
2026-06-15,Qatar,0.0,0.1,,0.097,-0.097,96775.8,2026-06-15T14:58:17.622357+00:00,0.005,0.001,,,,
2026-06-15,Saudi Arabia,0.001,0.1,,0.097,-0.096,16046.0,2026-06-15T14:58:17.622357+00:00,0.012,0.003,,,,
2026-06-15,Scotland,0.317,0.25,0.25,0.242,0.075,-23.6,2026-06-15T14:58:17.622357+00:00,0.416,0.374,0.2,0.3,0.2,0.3
2026-06-15,Senegal,1.219,0.65,0.55,0.581,0.638,-52.3,2026-06-15T14:58:17.622357+00:00,0.764,0.994,0.6,0.7,0.5,0.6
2026-06-15,South Africa,0.001,0.1,,0.097,-0.096,7973.0,2026-06-15T14:58:17.622357+00:00,0.026,0.006,,0.1,,
2026-06-15,South Korea,0.189,0.45,0.45,0.436,-0.247,130.5,2026-06-15T14:58:17.622357+00:00,0.405,0.285,0.4,0.5,0.4,0.5
2026-06-15,Spain,19.486,16.25,17.35,16.275,3.211,-16.5,2026-06-15T14:58:17.622357+00:00,15.781,18.061,16.2,16.3,17.2,17.5
2026-06-15,Sweden,0.465,0.55,0.45,0.484,-0.02,4.2,2026-06-15T14:58:17.622357+00:00,0.71,0.592,,,0.4,0.5
2026-06-15,Switzerland,1.594,0.85,0.65,0.727,0.867,-54.4,2026-06-15T14:58:17.622357+00:00,2.083,1.877,0.8,0.9,0.6,0.7
2026-06-15,Tunisia,0.002,0.1,,0.097,-0.095,4998.7,2026-06-15T14:58:17.622357+00:00,0.033,0.008,,0.1,,
2026-06-15,Turkey,1.055,0.45,0.45,0.436,0.619,-58.7,2026-06-15T14:58:17.622357+00:00,0.473,0.728,0.4,0.5,0.4,0.5
2026-06-15,United States,0.699,2.05,3.55,2.713,-2.013,287.9,2026-06-15T14:58:17.622357+00:00,0.429,0.564,2.0,2.1,3.4,3.7
2026-06-15,Uruguay,2.151,0.85,0.75,0.775,1.376,-64.0,2026-06-15T14:58:17.622357+00:00,2.558,2.416,0.8,0.9,0.7,0.8
2026-06-15,Uzbekistan,0.017,0.1,,0.097,-0.08,480.1,2026-06-15T14:58:17.622357+00:00,0.032,0.024,,0.1,,
2026-06-16,Algeria,0.195,0.15,0.15,0.145,0.049,-25.3,2026-06-16T13:29:34.68728+00:00,0.62,0.358,0.1,0.2,0.1,0.2
2026-06-16,Argentina,11.053,9.25,8.45,8.584,2.469,-22.3,2026-06-16T13:29:34.68728+00:00,9.607,10.614,9.2,9.3,8.4,8.5
2026-06-16,Australia,0.053,0.15,0.35,0.242,-0.19,360.1,2026-06-16T13:29:34.68728+00:00,0.502,0.167,,,0.3,0.4
2026-06-16,Austria,0.54,0.55,0.35,0.436,0.104,-19.2,2026-06-16T13:29:34.68728+00:00,0.819,0.685,,,0.3,0.4
2026-06-16,Belgium,2.153,1.95,1.6,1.722,0.431,-20.0,2026-06-16T13:29:34.68728+00:00,5.343,3.493,,,1.5,1.7
2026-06-16,Bosnia and Herzegovina,0.036,0.15,,0.145,-0.109,303.0,2026-06-16T13:29:34.68728+00:00,0.028,0.033,0.1,0.2,,
2026-06-16,Brazil,6.283,6.65,6.65,6.45,-0.167,2.7,2026-06-16T13:29:34.68728+00:00,9.413,7.921,6.6,6.7,6.6,6.7
2026-06-16,Canada,0.413,0.25,0.25,0.242,0.17,-41.2,2026-06-16T13:29:34.68728+00:00,0.294,0.359,0.2,0.3,0.2,0.3
2026-06-16,Cape Verde,0.004,0.1,,0.097,-0.093,2265.7,2026-06-16T13:29:34.68728+00:00,0.011,0.007,,,,
2026-06-16,Colombia,1.336,1.55,1.65,1.552,-0.216,16.2,2026-06-16T13:29:34.68728+00:00,4.716,2.585,1.5,1.6,1.6,1.7
2026-06-16,Croatia,1.83,0.85,0.75,0.776,1.054,-57.6,2026-06-16T13:29:34.68728+00:00,2.042,1.991,,,0.7,0.8
2026-06-16,Curacao,0.0,0.1,,0.097,-0.097,96893.2,2026-06-16T13:29:34.68728+00:00,0.0,0.0,,0.1,,
2026-06-16,Czechia,0.154,0.25,,0.242,-0.089,57.6,2026-06-16T13:29:34.68728+00:00,0.266,0.208,,,,
2026-06-16,DR Congo,0.028,0.1,,0.097,-0.069,242.7,2026-06-16T13:29:34.68728+00:00,0.05,0.039,,,,
2026-06-16,Ecuador,0.93,0.45,0.35,0.388,0.542,-58.3,2026-06-16T13:29:34.68728+00:00,1.399,1.175,0.4,0.5,0.3,0.4
2026-06-16,Egypt,0.113,0.25,0.25,0.242,-0.13,115.2,2026-06-16T13:29:34.68728+00:00,0.308,0.192,,,0.2,0.3
2026-06-16,England,11.89,10.55,10.25,10.087,1.802,-15.2,2026-06-16T13:29:34.68728+00:00,7.043,9.425,10.5,10.6,10.2,10.3
2026-06-16,France,14.939,17.65,17.85,17.216,-2.277,15.2,2026-06-16T13:29:34.68728+00:00,7.487,10.893,17.6,17.7,17.8,17.9
2026-06-16,Germany,4.649,6.35,6.15,6.062,-1.413,30.4,2026-06-16T13:29:34.68728+00:00,6.939,5.85,6.3,6.4,6.1,6.2
2026-06-16,Ghana,0.013,0.15,0.15,0.145,-0.133,1045.6,2026-06-16T13:29:34.68728+00:00,0.035,0.022,0.1,0.2,0.1,0.2
2026-06-16,Haiti,0.0,0.1,0.15,0.121,-0.121,,2026-06-16T13:29:34.68728+00:00,0.0,0.0,,0.1,0.1,0.2
2026-06-16,Iran,0.024,0.1,0.15,0.121,-0.097,409.4,2026-06-16T13:29:34.68728+00:00,0.368,0.096,,0.1,0.1,0.2
2026-06-16,Iraq,0.0,0.1,,0.097,-0.097,96893.2,2026-06-16T13:29:34.68728+00:00,0.009,0.001,,0.1,,
2026-06-16,Ivory Coast,0.424,0.35,0.55,0.436,-0.012,2.9,2026-06-16T13:29:34.68728+00:00,0.374,0.41,,,0.5,0.6
2026-06-16,Japan,1.03,1.85,1.45,1.6,-0.571,55.4,2026-06-16T13:29:34.68728+00:00,1.342,1.211,1.8,1.9,1.4,1.5
2026-06-16,Jordan,0.001,0.1,,0.097,-0.096,9599.3,2026-06-16T13:29:34.68728+00:00,0.012,0.004,,0.1,,
2026-06-16,Mexico,0.378,1.25,1.85,1.503,-1.125,297.7,2026-06-16T13:29:34.68728+00:00,0.768,0.555,1.2,1.3,1.8,1.9
2026-06-16,Morocco,1.127,2.15,2.15,2.085,-0.959,85.1,2026-06-16T13:29:34.68728+00:00,1.738,1.441,2.1,2.2,2.1,2.2
2026-06-16,Netherlands,4.656,4.55,4.95,4.607,0.049,-1.0,2026-06-16T13:29:34.68728+00:00,4.96,4.95,4.5,4.6,4.9,5.0
2026-06-16,New Zealand,0.002,0.1,,0.097,-0.095,3941.4,2026-06-16T13:29:34.68728+00:00,0.002,0.002,,0.1,,
2026-06-16,Norway,1.529,2.45,2.45,2.376,-0.848,55.4,2026-06-16T13:29:34.68728+00:00,2.048,1.822,2.4,2.5,2.4,2.5
2026-06-16,Panama,0.009,0.1,,0.097,-0.088,954.3,2026-06-16T13:29:34.68728+00:00,0.011,0.01,,0.1,,
2026-06-16,Paraguay,0.089,0.15,0.15,0.145,-0.056,62.7,2026-06-16T13:29:34.68728+00:00,0.243,0.152,0.1,0.2,0.1,0.2
2026-06-16,Portugal,7.431,10.75,11.55,10.815,-3.384,45.5,2026-06-16T13:29:34.68728+00:00,8.134,8.008,10.7,10.8,11.5,11.6
2026-06-16,Qatar,0.0,0.1,,0.097,-0.097,96893.2,2026-06-16T13:29:34.68728+00:00,0.006,0.001,,,,
2026-06-16,Saudi Arabia,0.002,0.1,,0.097,-0.095,6366.2,2026-06-16T13:29:34.68728+00:00,0.019,0.006,,,,
2026-06-16,Scotland,0.312,0.25,0.15,0.194,0.119,-37.9,2026-06-16T13:29:34.68728+00:00,0.418,0.372,0.2,0.3,0.1,0.2
2026-06-16,Senegal,1.212,0.65,0.55,0.582,0.63,-52.0,2026-06-16T13:29:34.68728+00:00,0.775,0.998,0.6,0.7,0.5,0.6
2026-06-16,South Africa,0.001,0.1,,0.097,-0.096,7982.8,2026-06-16T13:29:34.68728+00:00,0.027,0.006,,0.1,,
2026-06-16,South Korea,0.203,0.35,0.55,0.436,-0.233,114.5,2026-06-16T13:29:34.68728+00:00,0.415,0.299,0.3,0.4,0.5,0.6
2026-06-16,Spain,19.244,14.15,14.65,13.967,5.277,-27.4,2026-06-16T13:29:34.68728+00:00,15.324,17.688,14.1,14.2,14.6,14.7
2026-06-16,Sweden,0.462,0.55,0.55,0.533,-0.071,15.4,2026-06-16T13:29:34.68728+00:00,0.714,0.592,,,0.5,0.6
2026-06-16,Switzerland,1.55,0.85,0.75,0.776,0.774,-49.9,2026-06-16T13:29:34.68728+00:00,2.068,1.844,0.8,0.9,0.7,0.8
2026-06-16,Tunisia,0.002,0.1,,0.097,-0.095,5004.9,2026-06-16T13:29:34.68728+00:00,0.035,0.008,,0.1,,
2026-06-16,Turkey,1.054,0.45,0.45,0.436,0.618,-58.6,2026-06-16T13:29:34.68728+00:00,0.483,0.735,0.4,0.5,0.4,0.5
2026-06-16,United States,0.715,2.05,3.5,2.692,-1.977,276.7,2026-06-16T13:29:34.68728+00:00,0.444,0.58,2.0,2.1,3.4,3.6
2026-06-16,Uruguay,1.915,0.65,0.85,0.727,1.188,-62.0,2026-06-16T13:29:34.68728+00:00,2.309,2.166,0.6,0.7,0.8,0.9
2026-06-16,Uzbekistan,0.017,0.1,,0.097,-0.08,457.4,2026-06-16T13:29:34.68728+00:00,0.034,0.025,,0.1,,
2026-06-17,Algeria,0.152,0.15,0.15,0.144,0.009,-5.6,2026-06-17T12:50:59.161615+00:00,0.49,0.281,0.1,0.2,0.1,0.2
2026-06-17,Argentina,11.475,11.65,10.45,10.592,0.883,-7.7,2026-06-17T12:50:59.161615+00:00,10.137,11.105,11.6,11.7,10.4,10.5
2026-06-17,Australia,0.052,0.15,0.25,0.192,-0.14,268.7,2026-06-17T12:50:59.161615+00:00,0.495,0.165,,,0.2,0.3
2026-06-17,Austria,0.613,0.55,0.45,0.479,0.133,-21.8,2026-06-17T12:50:59.161615+00:00,1.003,0.807,,,0.4,0.5
2026-06-17,Belgium,2.139,1.95,1.75,1.773,0.366,-17.1,2026-06-17T12:50:59.161615+00:00,5.331,3.477,,,1.7,1.8
2026-06-17,Bosnia and Herzegovina,0.042,0.15,,0.144,-0.102,245.6,2026-06-17T12:50:59.161615+00:00,0.03,0.036,0.1,0.2,,
2026-06-17,Brazil,6.243,6.65,6.75,6.422,-0.179,2.9,2026-06-17T12:50:59.161615+00:00,9.26,7.829,6.6,6.7,6.7,6.8
2026-06-17,Canada,0.381,0.25,0.25,0.24,0.141,-37.1,2026-06-17T12:50:59.161615+00:00,0.287,0.341,0.2,0.3,0.2,0.3
2026-06-17,Cape Verde,0.004,0.1,,0.096,-0.092,2182.2,2026-06-17T12:50:59.161615+00:00,0.011,0.007,,,,
2026-06-17,Colombia,1.339,1.45,1.65,1.486,-0.147,10.9,2026-06-17T12:50:59.161615+00:00,4.731,2.592,1.4,1.5,1.6,1.7
2026-06-17,Croatia,1.827,0.85,0.75,0.767,1.06,-58.0,2026-06-17T12:50:59.161615+00:00,2.043,1.99,,,0.7,0.8
2026-06-17,Curacao,0.0,0.1,,0.096,-0.096,,2026-06-17T12:50:59.161615+00:00,0.0,0.0,,0.1,,
2026-06-17,Czechia,0.15,0.25,,0.24,-0.09,60.1,2026-06-17T12:50:59.161615+00:00,0.261,0.204,,,,
2026-06-17,DR Congo,0.027,0.1,,0.096,-0.069,252.4,2026-06-17T12:50:59.161615+00:00,0.049,0.038,,,,
2026-06-17,Ecuador,0.929,0.45,0.45,0.431,0.498,-53.6,2026-06-17T12:50:59.161615+00:00,1.365,1.16,0.4,0.5,0.4,0.5
2026-06-17,Egypt,0.113,0.25,0.25,0.24,-0.127,112.8,2026-06-17T12:50:59.161615+00:00,0.3,0.189,,,0.2,0.3
2026-06-17,England,11.915,10.45,10.35,9.969,1.946,-16.3,2026-06-17T12:50:59.161615+00:00,7.041,9.431,10.4,10.5,10.3,10.4
2026-06-17,France,15.37,18.45,18.85,17.877,-2.507,16.3,2026-06-17T12:50:59.161615+00:00,7.9,11.346,18.4,18.5,18.8,18.9
2026-06-17,Germany,4.52,5.65,6.05,5.607,-1.088,24.1,2026-06-17T12:50:59.161615+00:00,6.742,5.684,5.6,5.7,6.0,6.1
2026-06-17,Ghana,0.014,0.15,0.15,0.144,-0.13,927.0,2026-06-17T12:50:59.161615+00:00,0.035,0.023,0.1,0.2,0.1,0.2
2026-06-17,Haiti,0.0,0.1,0.15,0.12,-0.12,39839.3,2026-06-17T12:50:59.161615+00:00,0.0,0.0,,0.1,0.1,0.2
2026-06-17,Iran,0.024,0.1,0.15,0.12,-0.096,399.2,2026-06-17T12:50:59.161615+00:00,0.361,0.096,,0.1,0.1,0.2
2026-06-17,Iraq,0.0,0.1,,0.096,-0.096,,2026-06-17T12:50:59.161615+00:00,0.004,0.0,,0.1,,
2026-06-17,Ivory Coast,0.422,0.35,0.65,0.479,-0.057,13.6,2026-06-17T12:50:59.161615+00:00,0.348,0.394,,,0.6,0.7
2026-06-17,Japan,1.003,1.65,1.55,1.534,-0.53,52.9,2026-06-17T12:50:59.161615+00:00,1.311,1.181,1.6,1.7,1.5,1.6
2026-06-17,Jordan,0.0,0.1,,0.096,-0.095,23863.6,2026-06-17T12:50:59.161615+00:00,0.006,0.002,,0.1,,
2026-06-17,Mexico,0.382,1.45,1.65,1.486,-1.104,288.9,2026-06-17T12:50:59.161615+00:00,0.768,0.558,1.4,1.5,1.6,1.7
2026-06-17,Morocco,1.1,2.35,2.25,2.205,-1.105,100.4,2026-06-17T12:50:59.161615+00:00,1.707,1.411,2.3,2.4,2.2,2.3
2026-06-17,Netherlands,4.564,4.45,4.3,4.194,0.371,-8.1,2026-06-17T12:50:59.161615+00:00,4.854,4.847,4.4,4.5,4.1,4.5
2026-06-17,New Zealand,0.002,0.1,,0.096,-0.094,5538.5,2026-06-17T12:50:59.161615+00:00,0.002,0.002,,0.1,,
2026-06-17,Norway,1.735,2.65,2.85,2.636,-0.9,51.9,2026-06-17T12:50:59.161615+00:00,2.424,2.112,2.6,2.7,2.8,2.9
2026-06-17,Panama,0.008,0.1,,0.096,-0.087,1041.1,2026-06-17T12:50:59.161615+00:00,0.01,0.009,,0.1,,
2026-06-17,Paraguay,0.084,0.15,0.15,0.144,-0.06,71.2,2026-06-17T12:50:59.161615+00:00,0.233,0.144,0.1,0.2,0.1,0.2
2026-06-17,Portugal,7.453,10.25,11.6,10.472,-3.019,40.5,2026-06-17T12:50:59.161615+00:00,8.141,8.021,10.2,10.3,11.5,11.7
2026-06-17,Qatar,0.0,0.1,,0.096,-0.096,95754.3,2026-06-17T12:50:59.161615+00:00,0.006,0.001,,,,
2026-06-17,Saudi Arabia,0.001,0.1,,0.096,-0.094,6746.7,2026-06-17T12:50:59.161615+00:00,0.018,0.005,,,,
2026-06-17,Scotland,0.304,0.25,0.25,0.24,0.064,-21.1,2026-06-17T12:50:59.161615+00:00,0.406,0.362,0.2,0.3,0.2,0.3
2026-06-17,Senegal,1.08,0.65,0.55,0.575,0.505,-46.8,2026-06-17T12:50:59.161615+00:00,0.626,0.847,0.6,0.7,0.5,0.6
2026-06-17,South Africa,0.001,0.1,,0.096,-0.095,9485.4,2026-06-17T12:50:59.161615+00:00,0.026,0.005,,0.1,,
2026-06-17,South Korea,0.205,0.35,0.45,0.383,-0.179,87.3,2026-06-17T12:50:59.161615+00:00,0.408,0.298,0.3,0.4,0.4,0.5
2026-06-17,Spain,18.971,13.25,12.95,12.557,6.414,-33.8,2026-06-17T12:50:59.161615+00:00,15.064,17.407,13.2,13.3,12.9,13.0
2026-06-17,Sweden,0.447,0.55,0.45,0.479,-0.033,7.3,2026-06-17T12:50:59.161615+00:00,0.694,0.573,,,0.4,0.5
2026-06-17,Switzerland,1.315,0.85,0.75,0.767,0.549,-41.7,2026-06-17T12:50:59.161615+00:00,1.881,1.62,0.8,0.9,0.7,0.8
2026-06-17,Tunisia,0.002,0.1,,0.096,-0.094,5225.2,2026-06-17T12:50:59.161615+00:00,0.034,0.008,,0.1,,
2026-06-17,Turkey,1.027,0.45,0.45,0.431,0.595,-58.0,2026-06-17T12:50:59.161615+00:00,0.472,0.717,0.4,0.5,0.4,0.5
2026-06-17,United States,0.717,2.25,3.6,2.804,-2.087,291.1,2026-06-17T12:50:59.161615+00:00,0.449,0.584,2.2,2.3,3.5,3.7
2026-06-17,Uruguay,1.829,0.65,0.35,0.479,1.35,-73.8,2026-06-17T12:50:59.161615+00:00,2.206,2.068,0.6,0.7,0.3,0.4
2026-06-17,Uzbekistan,0.018,0.1,,0.096,-0.078,432.5,2026-06-17T12:50:59.161615+00:00,0.032,0.025,,0.1,,
2026-06-18,Algeria,0.151,0.15,0.15,0.144,0.007,-4.4,2026-06-18T12:19:30.068566+00:00,0.489,0.28,0.1,0.2,0.1,0.2
2026-06-18,Argentina,11.596,11.75,10.95,10.927,0.67,-5.8,2026-06-18T12:19:30.068566+00:00,10.15,11.171,11.7,11.8,10.9,11.0
2026-06-18,Australia,0.052,0.15,0.25,0.193,-0.14,269.6,2026-06-18T12:19:30.068566+00:00,0.497,0.166,,,0.2,0.3
2026-06-18,Austria,0.613,0.55,0.35,0.433,0.18,-29.4,2026-06-18T12:19:30.068566+00:00,1.016,0.813,,,0.3,0.4
2026-06-18,Belgium,2.143,1.95,1.75,1.781,0.363,-16.9,2026-06-18T12:19:30.068566+00:00,5.327,3.48,,,1.7,1.8
2026-06-18,Bosnia and Herzegovina,0.042,0.15,,0.144,-0.103,246.3,2026-06-18T12:19:30.068566+00:00,0.028,0.035,0.1,0.2,,
2026-06-18,Brazil,6.102,6.65,6.75,6.45,-0.348,5.7,2026-06-18T12:19:30.068566+00:00,9.119,7.681,6.6,6.7,6.7,6.8
2026-06-18,Canada,0.384,0.25,0.25,0.241,0.143,-37.3,2026-06-18T12:19:30.068566+00:00,0.288,0.343,0.2,0.3,0.2,0.3
2026-06-18,Cape Verde,0.004,0.1,,0.096,-0.092,2087.9,2026-06-18T12:19:30.068566+00:00,0.011,0.007,,,,
2026-06-18,Colombia,1.64,1.65,1.75,1.637,0.004,-0.2,2026-06-18T12:19:30.068566+00:00,5.348,3.05,1.6,1.7,1.7,1.8
2026-06-18,Croatia,1.532,0.85,0.65,0.722,0.81,-52.9,2026-06-18T12:19:30.068566+00:00,1.655,1.639,,,0.6,0.7
2026-06-18,Curacao,0.0,0.1,,0.096,-0.096,,2026-06-18T12:19:30.068566+00:00,0.0,0.0,,0.1,,
2026-06-18,Czechia,0.149,0.25,,0.241,-0.092,61.9,2026-06-18T12:19:30.068566+00:00,0.257,0.201,,,,
2026-06-18,DR Congo,0.038,0.1,,0.096,-0.058,151.4,2026-06-18T12:19:30.068566+00:00,0.069,0.053,,,,
2026-06-18,Ecuador,0.909,0.45,0.45,0.433,0.476,-52.3,2026-06-18T12:19:30.068566+00:00,1.341,1.137,0.4,0.5,0.4,0.5
2026-06-18,Egypt,0.113,0.25,0.25,0.241,-0.127,112.0,2026-06-18T12:19:30.068566+00:00,0.304,0.191,,,0.2,0.3
2026-06-18,England,12.676,12.85,12.85,12.371,0.306,-2.4,2026-06-18T12:19:30.068566+00:00,7.726,10.19,12.8,12.9,12.8,12.9
2026-06-18,France,15.329,18.45,18.55,17.81,-2.481,16.2,2026-06-18T12:19:30.068566+00:00,7.862,11.304,18.4,18.5,18.4,18.7
2026-06-18,Germany,4.482,5.65,5.85,5.535,-1.053,23.5,2026-06-18T12:19:30.068566+00:00,6.711,5.647,5.6,5.7,5.8,5.9
2026-06-18,Ghana,0.023,0.15,0.15,0.144,-0.121,522.4,2026-06-18T12:19:30.068566+00:00,0.059,0.038,0.1,0.2,0.1,0.2
2026-06-18,Haiti,0.0,0.1,0.15,0.12,-0.12,40012.3,2026-06-18T12:19:30.068566+00:00,0.0,0.0,,0.1,0.1,0.2
2026-06-18,Iran,0.026,0.1,0.15,0.12,-0.095,370.1,2026-06-18T12:19:30.068566+00:00,0.36,0.099,,0.1,0.1,0.2
2026-06-18,Iraq,0.0,0.1,,0.096,-0.096,,2026-06-18T12:19:30.068566+00:00,0.003,0.0,,0.1,,
2026-06-18,Ivory Coast,0.413,0.35,0.45,0.385,0.028,-6.7,2026-06-18T12:19:30.068566+00:00,0.341,0.386,,,0.4,0.5
2026-06-18,Japan,0.988,1.65,1.55,1.54,-0.553,55.9,2026-06-18T12:19:30.068566+00:00,1.29,1.162,1.6,1.7,1.5,1.6
2026-06-18,Jordan,0.001,0.1,,0.096,-0.096,19153.9,2026-06-18T12:19:30.068566+00:00,0.005,0.002,,0.1,,
2026-06-18,Mexico,0.369,1.35,1.55,1.396,-1.026,277.8,2026-06-18T12:19:30.068566+00:00,0.74,0.538,1.3,1.4,1.5,1.6
2026-06-18,Morocco,1.078,2.35,1.95,2.07,-0.991,91.9,2026-06-18T12:19:30.068566+00:00,1.691,1.39,2.3,2.4,1.9,2.0
2026-06-18,Netherlands,4.508,3.95,4.05,3.851,0.657,-14.6,2026-06-18T12:19:30.068566+00:00,4.81,4.795,3.9,4.0,4.0,4.1
2026-06-18,New Zealand,0.002,0.1,,0.096,-0.094,5248.3,2026-06-18T12:19:30.068566+00:00,0.002,0.002,,0.1,,
2026-06-18,Norway,1.687,2.65,2.55,2.503,-0.816,48.4,2026-06-18T12:19:30.068566+00:00,2.38,2.063,2.6,2.7,2.5,2.6
2026-06-18,Panama,0.003,0.1,0.15,0.12,-0.118,4713.5,2026-06-18T12:19:30.068566+00:00,0.003,0.003,,0.1,0.1,0.2
2026-06-18,Paraguay,0.085,0.15,0.15,0.144,-0.06,70.9,2026-06-18T12:19:30.068566+00:00,0.235,0.145,0.1,0.2,0.1,0.2
2026-06-18,Portugal,6.866,8.05,8.65,8.039,-1.173,17.1,2026-06-18T12:19:30.068566+00:00,7.486,7.382,8.0,8.1,8.6,8.7
2026-06-18,Qatar,0.0,0.1,,0.096,-0.096,96169.6,2026-06-18T12:19:30.068566+00:00,0.005,0.001,,,,
2026-06-18,Saudi Arabia,0.001,0.1,,0.096,-0.095,6776.4,2026-06-18T12:19:30.068566+00:00,0.018,0.005,,,,
2026-06-18,Scotland,0.298,0.25,0.15,0.193,0.105,-35.3,2026-06-18T12:19:30.068566+00:00,0.391,0.351,0.2,0.3,0.1,0.2
2026-06-18,Senegal,1.042,0.65,0.45,0.529,0.512,-49.2,2026-06-18T12:19:30.068566+00:00,0.604,0.817,0.6,0.7,0.4,0.5
2026-06-18,South Africa,0.002,0.1,,0.096,-0.095,6318.0,2026-06-18T12:19:30.068566+00:00,0.027,0.007,,0.1,,
2026-06-18,South Korea,0.201,0.35,0.35,0.337,-0.136,67.8,2026-06-18T12:19:30.068566+00:00,0.396,0.291,0.3,0.4,0.3,0.4
2026-06-18,Spain,19.103,13.75,13.55,13.141,5.963,-31.2,2026-06-18T12:19:30.068566+00:00,15.187,17.539,13.7,13.8,13.5,13.6
2026-06-18,Sweden,0.443,0.55,0.45,0.481,-0.038,8.6,2026-06-18T12:19:30.068566+00:00,0.685,0.567,,,0.4,0.5
2026-06-18,Switzerland,1.326,0.85,0.75,0.77,0.556,-41.9,2026-06-18T12:19:30.068566+00:00,1.894,1.632,0.8,0.9,0.7,0.8
2026-06-18,Tunisia,0.002,0.1,,0.096,-0.095,5562.9,2026-06-18T12:19:30.068566+00:00,0.03,0.007,,0.1,,
2026-06-18,Turkey,1.019,0.45,0.45,0.433,0.586,-57.5,2026-06-18T12:19:30.068566+00:00,0.473,0.715,0.4,0.5,0.4,0.5
2026-06-18,United States,0.712,2.25,3.45,2.744,-2.032,285.6,2026-06-18T12:19:30.068566+00:00,0.448,0.581,2.2,2.3,3.4,3.5
2026-06-18,Uruguay,1.837,0.65,0.55,0.578,1.259,-68.6,2026-06-18T12:19:30.068566+00:00,2.218,2.078,0.6,0.7,0.5,0.6
2026-06-18,Uzbekistan,0.01,0.1,,0.096,-0.087,892.5,2026-06-18T12:19:30.068566+00:00,0.02,0.014,,0.1,,
2026-06-19,Algeria,0.162,0.1,0.15,0.12,0.042,-25.9,2026-06-19T12:48:49.111835+00:00,0.492,0.291,,0.1,0.1,0.2
2026-06-19,Argentina,11.633,11.75,10.85,10.865,0.768,-6.6,2026-06-19T12:48:49.111835+00:00,10.196,11.215,11.7,11.8,10.8,10.9
2026-06-19,Australia,0.052,0.15,0.35,0.24,-0.189,364.1,2026-06-19T12:48:49.111835+00:00,0.521,0.169,,,0.3,0.4
2026-06-19,Austria,0.625,0.55,0.35,0.433,0.192,-30.8,2026-06-19T12:48:49.111835+00:00,1.025,0.824,,,0.3,0.4
2026-06-19,Belgium,2.184,1.95,1.65,1.731,0.453,-20.8,2026-06-19T12:48:49.111835+00:00,5.416,3.542,,,1.6,1.7
2026-06-19,Bosnia and Herzegovina,0.037,0.1,,0.096,-0.059,159.2,2026-06-19T12:48:49.111835+00:00,0.023,0.03,,0.1,,
2026-06-19,Brazil,6.05,6.65,6.75,6.442,-0.392,6.5,2026-06-19T12:48:49.111835+00:00,8.994,7.596,6.6,6.7,6.7,6.8
2026-06-19,Canada,0.433,0.35,0.35,0.337,0.097,-22.3,2026-06-19T12:48:49.111835+00:00,0.344,0.397,0.3,0.4,0.3,0.4
2026-06-19,Cape Verde,0.006,0.1,,0.096,-0.091,1648.3,2026-06-19T12:48:49.111835+00:00,0.012,0.008,,,,
2026-06-19,Colombia,1.65,1.65,1.85,1.683,-0.033,2.0,2026-06-19T12:48:49.111835+00:00,5.387,3.07,1.6,1.7,1.8,1.9
2026-06-19,Croatia,1.538,0.85,0.65,0.721,0.817,-53.1,2026-06-19T12:48:49.111835+00:00,1.675,1.653,,,0.6,0.7
2026-06-19,Curacao,0.0,0.1,,0.096,-0.096,,2026-06-19T12:48:49.111835+00:00,0.0,0.0,,0.1,,
2026-06-19,Czechia,0.071,0.25,,0.24,-0.169,237.1,2026-06-19T12:48:49.111835+00:00,0.181,0.117,,,,
2026-06-19,DR Congo,0.037,0.1,,0.096,-0.06,162.7,2026-06-19T12:48:49.111835+00:00,0.069,0.052,,,,
2026-06-19,Ecuador,0.899,0.45,0.55,0.481,0.419,-46.6,2026-06-19T12:48:49.111835+00:00,1.33,1.126,0.4,0.5,0.5,0.6
2026-06-19,Egypt,0.114,0.25,0.25,0.24,-0.126,110.5,2026-06-19T12:48:49.111835+00:00,0.308,0.193,,,0.2,0.3
2026-06-19,England,12.522,12.85,12.85,12.356,0.166,-1.3,2026-06-19T12:48:49.111835+00:00,7.618,10.057,12.8,12.9,12.8,12.9
2026-06-19,France,15.181,18.45,18.75,17.885,-2.704,17.8,2026-06-19T12:48:49.111835+00:00,7.783,11.193,18.4,18.5,18.7,18.8
2026-06-19,Germany,4.466,6.05,6.05,5.817,-1.351,30.3,2026-06-19T12:48:49.111835+00:00,6.643,5.609,6.0,6.1,6.0,6.1
2026-06-19,Ghana,0.025,0.15,0.15,0.144,-0.119,470.1,2026-06-19T12:48:49.111835+00:00,0.061,0.041,0.1,0.2,0.1,0.2
2026-06-19,Haiti,0.0,0.1,0.15,0.12,-0.12,39964.1,2026-06-19T12:48:49.111835+00:00,0.0,0.0,,0.1,0.1,0.2
2026-06-19,Iran,0.026,0.1,0.15,0.12,-0.095,369.5,2026-06-19T12:48:49.111835+00:00,0.363,0.099,,0.1,0.1,0.2
2026-06-19,Iraq,0.0,0.1,,0.096,-0.096,,2026-06-19T12:48:49.111835+00:00,0.004,0.0,,0.1,,
2026-06-19,Ivory Coast,0.41,0.35,0.45,0.385,0.025,-6.1,2026-06-19T12:48:49.111835+00:00,0.339,0.384,,,0.4,0.5
2026-06-19,Japan,0.96,1.55,1.55,1.49,-0.53,55.2,2026-06-19T12:48:49.111835+00:00,1.25,1.128,1.5,1.6,1.5,1.6
2026-06-19,Jordan,0.001,0.1,,0.096,-0.095,9515.4,2026-06-19T12:48:49.111835+00:00,0.005,0.002,,0.1,,
2026-06-19,Mexico,0.332,1.55,1.65,1.538,-1.207,363.8,2026-06-19T12:48:49.111835+00:00,0.708,0.499,1.5,1.6,1.6,1.7
2026-06-19,Morocco,1.054,2.85,1.95,2.308,-1.253,118.8,2026-06-19T12:48:49.111835+00:00,1.626,1.348,2.8,2.9,1.9,2.0
2026-06-19,Netherlands,4.403,3.95,4.15,3.894,0.508,-11.5,2026-06-19T12:48:49.111835+00:00,4.699,4.683,3.9,4.0,4.1,4.2
2026-06-19,New Zealand,0.002,0.1,,0.096,-0.095,6310.3,2026-06-19T12:48:49.111835+00:00,0.002,0.002,,0.1,,
2026-06-19,Norway,1.695,2.55,2.55,2.452,-0.757,44.6,2026-06-19T12:48:49.111835+00:00,2.351,2.056,2.5,2.6,2.5,2.6
2026-06-19,Panama,0.002,0.1,0.15,0.12,-0.118,4908.0,2026-06-19T12:48:49.111835+00:00,0.003,0.003,,0.1,0.1,0.2
2026-06-19,Paraguay,0.088,0.15,0.15,0.144,-0.057,64.5,2026-06-19T12:48:49.111835+00:00,0.241,0.15,0.1,0.2,0.1,0.2
2026-06-19,Portugal,6.881,7.35,7.95,7.356,-0.475,6.9,2026-06-19T12:48:49.111835+00:00,7.536,7.415,7.3,7.4,7.9,8.0
2026-06-19,Qatar,0.0,0.1,,0.096,-0.096,,2026-06-19T12:48:49.111835+00:00,0.004,0.0,,,,
2026-06-19,Saudi Arabia,0.001,0.1,,0.096,-0.095,7912.8,2026-06-19T12:48:49.111835+00:00,0.018,0.005,,,,
2026-06-19,Scotland,0.298,0.15,0.15,0.144,0.154,-51.7,2026-06-19T12:48:49.111835+00:00,0.386,0.35,0.1,0.2,0.1,0.2
2026-06-19,Senegal,1.059,0.55,0.45,0.481,0.578,-54.6,2026-06-19T12:48:49.111835+00:00,0.609,0.827,0.5,0.6,0.4,0.5
2026-06-19,South Africa,0.001,0.1,,0.096,-0.095,9515.4,2026-06-19T12:48:49.111835+00:00,0.021,0.005,,0.1,,
2026-06-19,South Korea,0.169,0.35,0.35,0.337,-0.168,99.1,2026-06-19T12:48:49.111835+00:00,0.321,0.24,0.3,0.4,0.3,0.4
2026-06-19,Spain,19.198,13.65,13.3,12.957,6.241,-32.5,2026-06-19T12:48:49.111835+00:00,15.272,17.632,13.6,13.7,13.2,13.4
2026-06-19,Sweden,0.426,0.55,0.45,0.481,-0.055,12.9,2026-06-19T12:48:49.111835+00:00,0.658,0.545,,,0.4,0.5
2026-06-19,Switzerland,1.619,0.95,0.95,0.913,0.705,-43.6,2026-06-19T12:48:49.111835+00:00,2.273,1.975,0.9,1.0,0.9,1.0
2026-06-19,Tunisia,0.002,0.1,,0.096,-0.095,5909.6,2026-06-19T12:48:49.111835+00:00,0.033,0.007,,0.1,,
2026-06-19,Turkey,1.06,0.45,0.35,0.385,0.675,-63.7,2026-06-19T12:48:49.111835+00:00,0.48,0.734,0.4,0.5,0.3,0.4
2026-06-19,United States,0.761,2.45,3.7,2.957,-2.196,288.6,2026-06-19T12:48:49.111835+00:00,0.47,0.616,2.4,2.5,3.5,3.9
2026-06-19,Uruguay,1.858,0.55,0.55,0.529,1.329,-71.5,2026-06-19T12:48:49.111835+00:00,2.23,2.096,0.5,0.6,0.5,0.6
2026-06-19,Uzbekistan,0.011,0.1,,0.096,-0.086,815.8,2026-06-19T12:48:49.111835+00:00,0.02,0.015,,0.1,,
2026-06-20,Algeria,0.16,0.1,0.15,0.121,0.04,-24.7,2026-06-20T11:12:20.66453+00:00,0.505,0.293,,0.1,0.1,0.2
2026-06-20,Argentina,11.927,11.75,10.75,10.851,1.075,-9.0,2026-06-20T11:12:20.66453+00:00,10.167,11.336,11.7,11.8,10.7,10.8
2026-06-20,Australia,0.043,0.15,0.15,0.145,-0.101,232.6,2026-06-20T11:12:20.66453+00:00,0.422,0.139,,,0.1,0.2
2026-06-20,Austria,0.627,0.55,0.35,0.434,0.193,-30.8,2026-06-20T11:12:20.66453+00:00,1.03,0.827,,,0.3,0.4
2026-06-20,Belgium,2.179,1.95,1.55,1.688,0.491,-22.5,2026-06-20T11:12:20.66453+00:00,5.449,3.547,,,1.5,1.6
2026-06-20,Bosnia and Herzegovina,0.036,0.1,,0.096,-0.061,170.9,2026-06-20T11:12:20.66453+00:00,0.024,0.03,,0.1,,
2026-06-20,Brazil,6.198,6.15,6.85,6.27,-0.072,1.2,2026-06-20T11:12:20.66453+00:00,9.18,7.765,6.1,6.2,6.8,6.9
2026-06-20,Canada,0.432,0.35,0.45,0.386,0.046,-10.7,2026-06-20T11:12:20.66453+00:00,0.34,0.394,0.3,0.4,0.4,0.5
2026-06-20,Cape Verde,0.005,0.1,,0.096,-0.091,1754.9,2026-06-20T11:12:20.66453+00:00,0.012,0.008,,,,
2026-06-20,Colombia,1.642,1.55,1.75,1.592,0.051,-3.1,2026-06-20T11:12:20.66453+00:00,5.386,3.062,1.5,1.6,1.7,1.8
2026-06-20,Croatia,1.535,0.85,0.55,0.675,0.86,-56.0,2026-06-20T11:12:20.66453+00:00,1.683,1.655,,,0.5,0.6
2026-06-20,Curacao,0.0,0.1,,0.096,-0.096,,2026-06-20T11:12:20.66453+00:00,0.0,0.0,,0.1,,
2026-06-20,Czechia,0.069,0.25,,0.241,-0.172,250.0,2026-06-20T11:12:20.66453+00:00,0.179,0.114,,,,
2026-06-20,DR Congo,0.037,0.1,,0.096,-0.06,161.4,2026-06-20T11:12:20.66453+00:00,0.069,0.052,,,,
2026-06-20,Ecuador,0.916,0.45,0.35,0.386,0.53,-57.9,2026-06-20T11:12:20.66453+00:00,1.349,1.144,0.4,0.5,0.3,0.4
2026-06-20,Egypt,0.116,0.25,0.25,0.241,-0.126,108.8,2026-06-20T11:12:20.66453+00:00,0.307,0.194,,,0.2,0.3
2026-06-20,England,12.422,12.55,12.85,12.25,0.172,-1.4,2026-06-20T11:12:20.66453+00:00,7.591,9.996,12.5,12.6,12.8,12.9
2026-06-20,France,15.496,18.45,19.25,18.182,-2.686,17.3,2026-06-20T11:12:20.66453+00:00,7.79,11.31,18.4,18.5,19.2,19.3
2026-06-20,Germany,4.64,6.25,5.95,5.884,-1.244,26.8,2026-06-20T11:12:20.66453+00:00,6.671,5.727,6.2,6.3,5.9,6.0
2026-06-20,Ghana,0.024,0.1,0.15,0.121,-0.097,402.4,2026-06-20T11:12:20.66453+00:00,0.06,0.039,,0.1,0.1,0.2
2026-06-20,Haiti,0.0,0.1,0.15,0.121,-0.121,,2026-06-20T11:12:20.66453+00:00,0.0,0.0,,,0.1,0.2
2026-06-20,Iran,0.028,0.1,0.15,0.121,-0.093,333.7,2026-06-20T11:12:20.66453+00:00,0.366,0.104,,0.1,0.1,0.2
2026-06-20,Iraq,0.0,0.1,,0.096,-0.096,96355.3,2026-06-20T11:12:20.66453+00:00,0.004,0.001,,0.1,,
2026-06-20,Ivory Coast,0.412,0.35,0.45,0.386,0.026,-6.4,2026-06-20T11:12:20.66453+00:00,0.333,0.381,,,0.4,0.5
2026-06-20,Japan,0.934,1.35,1.35,1.302,-0.368,39.5,2026-06-20T11:12:20.66453+00:00,1.211,1.095,1.3,1.4,1.3,1.4
2026-06-20,Jordan,0.001,0.1,,0.096,-0.095,9545.5,2026-06-20T11:12:20.66453+00:00,0.006,0.002,,0.1,,
2026-06-20,Mexico,0.328,1.25,1.9,1.519,-1.191,363.0,2026-06-20T11:12:20.66453+00:00,0.699,0.493,1.2,1.3,1.7,2.1
2026-06-20,Morocco,1.227,2.65,2.65,2.556,-1.329,108.3,2026-06-20T11:12:20.66453+00:00,1.889,1.568,2.6,2.7,2.6,2.7
2026-06-20,Netherlands,4.294,3.95,4.15,3.906,0.388,-9.0,2026-06-20T11:12:20.66453+00:00,4.557,4.554,3.9,4.0,4.1,4.2
2026-06-20,New Zealand,0.002,0.1,,0.096,-0.094,4493.1,2026-06-20T11:12:20.66453+00:00,0.001,0.002,,0.1,,
2026-06-20,Norway,1.693,2.45,2.65,2.46,-0.767,45.3,2026-06-20T11:12:20.66453+00:00,2.344,2.051,2.4,2.5,2.6,2.7
2026-06-20,Panama,0.002,0.1,0.15,0.121,-0.118,5380.4,2026-06-20T11:12:20.66453+00:00,0.003,0.003,,0.1,0.1,0.2
2026-06-20,Paraguay,0.184,0.15,0.15,0.145,0.04,-21.5,2026-06-20T11:12:20.66453+00:00,0.455,0.298,0.1,0.2,0.1,0.2
2026-06-20,Portugal,6.859,7.35,6.75,6.8,0.059,-0.9,2026-06-20T11:12:20.66453+00:00,7.523,7.395,7.3,7.4,6.7,6.8
2026-06-20,Qatar,0.0,0.1,,0.096,-0.096,,2026-06-20T11:12:20.66453+00:00,0.004,0.0,,,,
2026-06-20,Saudi Arabia,0.002,0.1,,0.096,-0.095,6330.4,2026-06-20T11:12:20.66453+00:00,0.017,0.005,,,,
2026-06-20,Scotland,0.253,0.15,0.15,0.145,0.109,-42.9,2026-06-20T11:12:20.66453+00:00,0.318,0.292,0.1,0.2,0.1,0.2
2026-06-20,Senegal,1.059,0.55,0.45,0.482,0.577,-54.5,2026-06-20T11:12:20.66453+00:00,0.624,0.837,0.5,0.6,0.4,0.5
2026-06-20,South Africa,0.001,0.1,,0.096,-0.095,8668.7,2026-06-20T11:12:20.66453+00:00,0.021,0.005,,0.1,,
2026-06-20,South Korea,0.169,0.35,0.35,0.338,-0.168,99.6,2026-06-20T11:12:20.66453+00:00,0.322,0.24,0.3,0.4,0.3,0.4
2026-06-20,Spain,19.241,13.65,13.05,12.877,6.364,-33.1,2026-06-20T11:12:20.66453+00:00,15.299,17.661,13.6,13.7,13.0,13.1
2026-06-20,Sweden,0.413,0.55,0.35,0.434,-0.021,5.1,2026-06-20T11:12:20.66453+00:00,0.643,0.53,,,0.3,0.4
2026-06-20,Switzerland,1.605,0.85,0.85,0.82,0.786,-48.9,2026-06-20T11:12:20.66453+00:00,2.257,1.959,0.8,0.9,0.8,0.9
2026-06-20,Tunisia,0.001,0.1,,0.096,-0.095,7937.9,2026-06-20T11:12:20.66453+00:00,0.031,0.006,,0.1,,
2026-06-20,Turkey,0.0,0.1,0.25,0.169,-0.169,,2026-06-20T11:12:20.66453+00:00,0.0,0.0,,0.1,0.2,0.3
2026-06-20,United States,0.883,3.25,5.45,4.196,-3.312,375.0,2026-06-20T11:12:20.66453+00:00,0.608,0.754,3.2,3.3,5.4,5.5
2026-06-20,Uruguay,1.896,0.55,0.45,0.482,1.413,-74.6,2026-06-20T11:12:20.66453+00:00,2.231,2.117,0.5,0.6,0.4,0.5
2026-06-20,Uzbekistan,0.01,0.1,,0.096,-0.086,864.6,2026-06-20T11:12:20.66453+00:00,0.021,0.015,,0.1,,
2026-06-21,Algeria,0.164,0.1,,0.095,0.068,-41.8,2026-06-21T11:47:05.989851+00:00,0.52,0.3,,0.1,,
2026-06-21,Argentina,11.969,11.75,10.9,10.786,1.183,-9.9,2026-06-21T11:47:05.989851+00:00,10.162,11.343,11.7,11.8,10.7,11.1
2026-06-21,Australia,0.043,0.35,0.15,0.238,-0.195,449.9,2026-06-21T11:47:05.989851+00:00,0.419,0.139,,,0.1,0.2
2026-06-21,Austria,0.638,0.45,0.35,0.381,0.257,-40.3,2026-06-21T11:47:05.989851+00:00,1.036,0.836,,,0.3,0.4
2026-06-21,Belgium,2.164,1.55,1.55,1.476,0.688,-31.8,2026-06-21T11:47:05.989851+00:00,5.415,3.521,,,1.5,1.6
2026-06-21,Bosnia and Herzegovina,0.034,0.1,,0.095,-0.062,184.3,2026-06-21T11:47:05.989851+00:00,0.024,0.029,,0.1,,
2026-06-21,Brazil,6.173,5.95,6.15,5.762,0.411,-6.7,2026-06-21T11:47:05.989851+00:00,9.024,7.676,5.9,6.0,6.1,6.2
2026-06-21,Canada,0.426,0.35,0.35,0.333,0.093,-21.8,2026-06-21T11:47:05.989851+00:00,0.33,0.386,0.3,0.4,0.3,0.4
2026-06-21,Cape Verde,0.005,0.1,,0.095,-0.09,1884.1,2026-06-21T11:47:05.989851+00:00,0.013,0.008,,,,
2026-06-21,Colombia,1.682,1.45,1.75,1.524,0.158,-9.4,2026-06-21T11:47:05.989851+00:00,5.451,3.114,1.4,1.5,1.7,1.8
2026-06-21,Croatia,1.538,0.65,0.45,0.524,1.014,-65.9,2026-06-21T11:47:05.989851+00:00,1.691,1.658,,,0.4,0.5
2026-06-21,Curacao,0.0,0.1,,0.095,-0.095,,2026-06-21T11:47:05.989851+00:00,0.0,0.0,,0.1,,
2026-06-21,Czechia,0.071,0.1,,0.095,-0.024,34.3,2026-06-21T11:47:05.989851+00:00,0.184,0.118,,,,
2026-06-21,DR Congo,0.038,0.15,,0.143,-0.105,275.9,2026-06-21T11:47:05.989851+00:00,0.072,0.054,,,,
2026-06-21,Ecuador,0.312,0.1,0.15,0.119,0.193,-61.8,2026-06-21T11:47:05.989851+00:00,0.404,0.365,,0.1,0.1,0.2
2026-06-21,Egypt,0.118,0.25,0.25,0.238,-0.12,101.9,2026-06-21T11:47:05.989851+00:00,0.304,0.195,,,0.2,0.3
2026-06-21,England,12.849,12.55,12.85,12.095,0.754,-5.9,2026-06-21T11:47:05.989851+00:00,7.816,10.306,12.5,12.6,12.8,12.9
2026-06-21,France,14.769,19.75,19.25,18.571,-3.802,25.7,2026-06-21T11:47:05.989851+00:00,7.642,10.926,19.7,19.8,19.1,19.4
2026-06-21,Germany,4.918,5.35,5.95,5.381,-0.463,9.4,2026-06-21T11:47:05.989851+00:00,7.054,6.057,5.3,5.4,5.9,6.0
2026-06-21,Ghana,0.025,0.1,0.15,0.119,-0.094,374.3,2026-06-21T11:47:05.989851+00:00,0.063,0.041,,0.1,0.1,0.2
2026-06-21,Iran,0.029,0.1,,0.095,-0.066,230.7,2026-06-21T11:47:05.989851+00:00,0.368,0.106,,0.1,,
2026-06-21,Iraq,0.0,0.1,,0.095,-0.095,,2026-06-21T11:47:05.989851+00:00,0.005,0.0,,0.1,,
2026-06-21,Ivory Coast,0.368,0.45,0.35,0.381,-0.013,3.6,2026-06-21T11:47:05.989851+00:00,0.288,0.335,,,0.3,0.4
2026-06-21,Japan,1.062,1.85,2.0,1.833,-0.771,72.6,2026-06-21T11:47:05.989851+00:00,1.47,1.285,1.8,1.9,1.9,2.1
2026-06-21,Jordan,0.001,0.1,,0.095,-0.094,7226.0,2026-06-21T11:47:05.989851+00:00,0.006,0.003,,0.1,,
2026-06-21,Mexico,0.359,1.25,2.0,1.548,-1.188,330.9,2026-06-21T11:47:05.989851+00:00,0.737,0.529,1.2,1.3,1.9,2.1
2026-06-21,Morocco,1.127,2.15,2.35,2.143,-1.016,90.2,2026-06-21T11:47:05.989851+00:00,1.743,1.441,2.1,2.2,2.3,2.4
2026-06-21,Netherlands,4.773,5.85,7.2,6.214,-1.442,30.2,2026-06-21T11:47:05.989851+00:00,5.154,5.101,5.8,5.9,7.1,7.3
2026-06-21,New Zealand,0.003,0.1,,0.095,-0.093,3709.5,2026-06-21T11:47:05.989851+00:00,0.002,0.002,,0.1,,
2026-06-21,Norway,1.785,2.45,2.65,2.429,-0.644,36.1,2026-06-21T11:47:05.989851+00:00,2.426,2.14,2.4,2.5,2.6,2.7
2026-06-21,Panama,0.002,0.1,,0.095,-0.093,3868.3,2026-06-21T11:47:05.989851+00:00,0.004,0.003,,0.1,,
2026-06-21,Paraguay,0.181,0.15,0.15,0.143,0.038,-21.2,2026-06-21T11:47:05.989851+00:00,0.436,0.289,0.1,0.2,0.1,0.2
2026-06-21,Portugal,6.979,6.95,7.05,6.667,0.313,-4.5,2026-06-21T11:47:05.989851+00:00,7.605,7.493,6.9,7.0,7.0,7.1
2026-06-21,Qatar,0.0,0.1,,0.095,-0.095,,2026-06-21T11:47:05.989851+00:00,0.004,0.0,,,,
2026-06-21,Saudi Arabia,0.002,0.1,,0.095,-0.094,5852.4,2026-06-21T11:47:05.989851+00:00,0.018,0.006,,,,
2026-06-21,Scotland,0.259,0.15,0.15,0.143,0.116,-44.7,2026-06-21T11:47:05.989851+00:00,0.324,0.298,0.1,0.2,0.1,0.2
2026-06-21,Senegal,1.164,0.55,0.45,0.476,0.687,-59.1,2026-06-21T11:47:05.989851+00:00,0.671,0.909,0.5,0.6,0.4,0.5
2026-06-21,South Africa,0.001,0.1,,0.095,-0.094,10482.0,2026-06-21T11:47:05.989851+00:00,0.019,0.004,,0.1,,
2026-06-21,South Korea,0.157,0.35,0.35,0.333,-0.177,113.0,2026-06-21T11:47:05.989851+00:00,0.302,0.224,0.3,0.4,0.3,0.4
2026-06-21,Spain,19.135,13.65,13.35,12.857,6.277,-32.8,2026-06-21T11:47:05.989851+00:00,15.204,17.542,13.6,13.7,13.2,13.5
2026-06-21,Sweden,0.34,0.45,0.25,0.333,0.006,-1.9,2026-06-21T11:47:05.989851+00:00,0.562,0.45,,,0.2,0.3
2026-06-21,Switzerland,1.554,0.65,0.85,0.714,0.84,-54.0,2026-06-21T11:47:05.989851+00:00,2.17,1.889,0.6,0.7,0.8,0.9
2026-06-21,Tunisia,0.0,0.1,,0.095,-0.095,,2026-06-21T11:47:05.989851+00:00,0.0,0.0,,0.1,,
2026-06-21,United States,0.866,3.85,4.95,4.19,-3.324,383.8,2026-06-21T11:47:05.989851+00:00,0.598,0.74,3.8,3.9,4.9,5.0
2026-06-21,Uruguay,1.909,0.55,0.45,0.476,1.433,-75.1,2026-06-21T11:47:05.989851+00:00,2.232,2.123,0.5,0.6,0.4,0.5
2026-06-21,Uzbekistan,0.011,0.1,,0.095,-0.085,807.0,2026-06-21T11:47:05.989851+00:00,0.024,0.016,,0.1,,
2026-06-22,Algeria,0.166,0.1,,0.096,0.07,-42.2,2026-06-22T14:29:38.416047+00:00,0.485,0.291,,0.1,,
2026-06-22,Argentina,13.796,12.95,12.15,12.012,1.784,-12.9,2026-06-22T14:29:38.416047+00:00,11.363,12.87,12.9,13.0,12.1,12.2
2026-06-22,Australia,0.037,0.35,0.15,0.239,-0.202,539.8,2026-06-22T14:29:38.416047+00:00,0.379,0.122,,,0.1,0.2
2026-06-22,Austria,0.681,0.45,0.25,0.335,0.346,-50.8,2026-06-22T14:29:38.416047+00:00,1.038,0.864,,,0.2,0.3
2026-06-22,Belgium,1.949,1.55,1.15,1.292,0.657,-33.7,2026-06-22T14:29:38.416047+00:00,4.891,3.174,,,1.1,1.2
2026-06-22,Bosnia and Herzegovina,0.034,0.1,,0.096,-0.061,178.2,2026-06-22T14:29:38.416047+00:00,0.024,0.03,,0.1,,
2026-06-22,Brazil,6.1,5.75,5.65,5.456,0.644,-10.6,2026-06-22T14:29:38.416047+00:00,8.942,7.592,5.7,5.8,5.6,5.7
2026-06-22,Canada,0.423,0.35,0.35,0.335,0.088,-20.9,2026-06-22T14:29:38.416047+00:00,0.324,0.381,0.3,0.4,0.3,0.4
2026-06-22,Cape Verde,0.004,0.1,0.15,0.12,-0.115,2748.7,2026-06-22T14:29:38.416047+00:00,0.016,0.008,,,0.1,0.2
2026-06-22,Colombia,1.647,1.45,1.65,1.484,0.163,-9.9,2026-06-22T14:29:38.416047+00:00,5.39,3.062,1.4,1.5,1.6,1.7
2026-06-22,Croatia,1.505,0.65,0.45,0.526,0.978,-65.0,2026-06-22T14:29:38.416047+00:00,1.646,1.618,,,0.4,0.5
2026-06-22,Curacao,0.0,0.1,,0.096,-0.096,,2026-06-22T14:29:38.416047+00:00,0.0,0.0,,0.1,,
2026-06-22,Czechia,0.08,0.1,,0.096,-0.016,20.4,2026-06-22T14:29:38.416047+00:00,0.203,0.131,,,,
2026-06-22,DR Congo,0.035,0.15,,0.144,-0.108,307.9,2026-06-22T14:29:38.416047+00:00,0.068,0.05,,,,
2026-06-22,Ecuador,0.308,0.15,0.15,0.144,0.165,-53.4,2026-06-22T14:29:38.416047+00:00,0.401,0.362,0.1,0.2,0.1,0.2
2026-06-22,Egypt,0.146,0.25,0.25,0.239,-0.093,63.9,2026-06-22T14:29:38.416047+00:00,0.417,0.254,,,0.2,0.3
2026-06-22,England,12.377,12.55,12.65,12.06,0.316,-2.6,2026-06-22T14:29:38.416047+00:00,7.549,9.936,12.5,12.6,12.6,12.7
2026-06-22,France,14.516,19.75,19.15,18.617,-4.101,28.3,2026-06-22T14:29:38.416047+00:00,7.536,10.751,19.7,19.8,18.9,19.4
2026-06-22,Germany,4.873,5.65,5.65,5.408,-0.535,11.0,2026-06-22T14:29:38.416047+00:00,6.992,6.0,5.6,5.7,5.6,5.7
2026-06-22,Ghana,0.026,0.15,0.15,0.144,-0.117,450.1,2026-06-22T14:29:38.416047+00:00,0.061,0.041,0.1,0.2,0.1,0.2
2026-06-22,Iran,0.034,0.1,0.15,0.12,-0.085,246.8,2026-06-22T14:29:38.416047+00:00,0.419,0.124,,0.1,0.1,0.2
2026-06-22,Iraq,0.0,0.1,,0.096,-0.096,,2026-06-22T14:29:38.416047+00:00,0.004,0.0,,0.1,,
2026-06-22,Ivory Coast,0.359,0.45,0.35,0.383,-0.024,6.6,2026-06-22T14:29:38.416047+00:00,0.283,0.328,,,0.3,0.4
2026-06-22,Japan,1.031,2.35,1.95,2.058,-1.026,99.5,2026-06-22T14:29:38.416047+00:00,1.44,1.253,2.3,2.4,1.8,2.1
2026-06-22,Jordan,0.001,0.1,,0.096,-0.095,9471.7,2026-06-22T14:29:38.416047+00:00,0.006,0.003,,0.1,,
2026-06-22,Mexico,0.305,1.25,2.05,1.579,-1.274,417.3,2026-06-22T14:29:38.416047+00:00,0.682,0.469,1.2,1.3,2.0,2.1
2026-06-22,Morocco,1.101,2.15,2.25,2.106,-1.005,91.2,2026-06-22T14:29:38.416047+00:00,1.714,1.412,2.1,2.2,2.2,2.3
2026-06-22,Netherlands,4.677,5.45,7.0,5.958,-1.282,27.4,2026-06-22T14:29:38.416047+00:00,5.099,5.019,5.4,5.5,6.9,7.1
2026-06-22,New Zealand,0.001,0.1,,0.096,-0.095,15852.8,2026-06-22T14:29:38.416047+00:00,0.0,0.001,,0.1,,
2026-06-22,Norway,1.761,1.95,2.2,1.986,-0.225,12.8,2026-06-22T14:29:38.416047+00:00,2.384,2.106,1.9,2.0,2.1,2.3
2026-06-22,Panama,0.003,0.1,,0.096,-0.093,3581.4,2026-06-22T14:29:38.416047+00:00,0.004,0.003,,0.1,,
2026-06-22,Paraguay,0.161,0.15,0.15,0.144,0.017,-10.6,2026-06-22T14:29:38.416047+00:00,0.412,0.264,0.1,0.2,0.1,0.2
2026-06-22,Portugal,6.892,6.65,6.95,6.509,0.384,-5.6,2026-06-22T14:29:38.416047+00:00,7.508,7.394,6.6,6.7,6.9,7.0
2026-06-22,Qatar,0.0,0.1,,0.096,-0.096,,2026-06-22T14:29:38.416047+00:00,0.004,0.0,,,,
2026-06-22,Saudi Arabia,0.002,0.1,,0.096,-0.094,4457.9,2026-06-22T14:29:38.416047+00:00,0.013,0.005,,,,
2026-06-22,Scotland,0.264,0.15,0.15,0.144,0.12,-45.6,2026-06-22T14:29:38.416047+00:00,0.324,0.301,0.1,0.2,0.1,0.2
2026-06-22,Senegal,1.165,0.55,0.35,0.431,0.734,-63.0,2026-06-22T14:29:38.416047+00:00,0.669,0.908,0.5,0.6,0.3,0.4
2026-06-22,South Africa,0.001,0.1,,0.096,-0.095,11864.6,2026-06-22T14:29:38.416047+00:00,0.021,0.004,,0.1,,
2026-06-22,South Korea,0.156,0.25,0.35,0.287,-0.131,83.6,2026-06-22T14:29:38.416047+00:00,0.308,0.225,0.2,0.3,0.3,0.4
2026-06-22,Spain,19.645,13.85,13.85,13.257,6.389,-32.5,2026-06-22T14:29:38.416047+00:00,16.236,18.358,13.8,13.9,13.8,13.9
2026-06-22,Sweden,0.335,0.45,0.25,0.335,0.0,0.1,2026-06-22T14:29:38.416047+00:00,0.551,0.442,,,0.2,0.3
2026-06-22,Switzerland,1.533,0.65,0.55,0.574,0.958,-62.5,2026-06-22T14:29:38.416047+00:00,2.132,1.858,0.6,0.7,0.5,0.6
2026-06-22,Tunisia,0.0,0.1,,0.096,-0.096,,2026-06-22T14:29:38.416047+00:00,0.0,0.0,,,,
2026-06-22,United States,0.868,3.55,5.2,4.188,-3.32,382.4,2026-06-22T14:29:38.416047+00:00,0.615,0.751,3.5,3.6,5.1,5.3
2026-06-22,Uruguay,0.99,0.15,0.15,0.144,0.847,-85.5,2026-06-22T14:29:38.416047+00:00,1.423,1.22,0.1,0.2,0.1,0.2
2026-06-22,Uzbekistan,0.01,0.1,,0.096,-0.086,857.2,2026-06-22T14:29:38.416047+00:00,0.023,0.016,,0.1,,
2026-06-23,Algeria,0.219,0.1,,0.096,0.123,-56.0,2026-06-23T11:53:52.053372+00:00,0.681,0.397,,0.1,,
2026-06-23,Argentina,14.775,13.65,15.15,13.836,0.939,-6.4,2026-06-23T11:53:52.053372+00:00,12.197,13.8,13.6,13.7,15.1,15.2
2026-06-23,Australia,0.034,0.25,0.15,0.192,-0.159,471.9,2026-06-23T11:53:52.053372+00:00,0.349,0.111,0.2,0.3,0.1,0.2
2026-06-23,Austria,0.537,0.25,0.15,0.192,0.345,-64.2,2026-06-23T11:53:52.053372+00:00,0.883,0.708,0.2,0.3,0.1,0.2
2026-06-23,Belgium,1.824,1.15,1.15,1.105,0.719,-39.4,2026-06-23T11:53:52.053372+00:00,4.701,3.01,1.1,1.2,1.1,1.2
2026-06-23,Bosnia and Herzegovina,0.035,0.1,,0.096,-0.061,177.7,2026-06-23T11:53:52.053372+00:00,0.024,0.03,,0.1,,
2026-06-23,Brazil,5.956,5.05,4.95,4.804,1.152,-19.3,2026-06-23T11:53:52.053372+00:00,8.796,7.44,5.0,5.1,4.9,5.0
2026-06-23,Canada,0.395,0.35,0.35,0.336,0.059,-14.8,2026-06-23T11:53:52.053372+00:00,0.309,0.359,0.3,0.4,0.3,0.4
2026-06-23,Cape Verde,0.003,0.1,0.15,0.12,-0.117,3774.4,2026-06-23T11:53:52.053372+00:00,0.015,0.007,,0.1,0.1,0.2
2026-06-23,Colombia,1.588,1.45,1.75,1.537,0.051,-3.2,2026-06-23T11:53:52.053372+00:00,5.262,2.972,1.4,1.5,1.7,1.8
2026-06-23,Croatia,1.503,0.45,0.45,0.432,1.071,-71.2,2026-06-23T11:53:52.053372+00:00,1.65,1.619,0.4,0.5,0.4,0.5
2026-06-23,Curacao,0.0,0.1,,0.096,-0.096,,2026-06-23T11:53:52.053372+00:00,0.0,0.0,,0.1,,
2026-06-23,Czechia,0.076,0.1,,0.096,-0.02,26.9,2026-06-23T11:53:52.053372+00:00,0.198,0.126,,0.1,,
2026-06-23,DR Congo,0.034,0.15,,0.144,-0.11,317.8,2026-06-23T11:53:52.053372+00:00,0.067,0.049,0.1,0.2,,
2026-06-23,Ecuador,0.287,0.15,0.15,0.144,0.143,-49.8,2026-06-23T11:53:52.053372+00:00,0.384,0.341,0.1,0.2,0.1,0.2
2026-06-23,Egypt,0.138,0.25,0.25,0.24,-0.102,73.8,2026-06-23T11:53:52.053372+00:00,0.402,0.242,0.2,0.3,0.2,0.3
2026-06-23,England,12.127,12.35,11.55,11.482,0.645,-5.3,2026-06-23T11:53:52.053372+00:00,7.46,9.777,12.3,12.4,11.5,11.6
2026-06-23,France,14.401,19.75,20.55,19.361,-4.96,34.4,2026-06-23T11:53:52.053372+00:00,7.519,10.696,19.7,19.8,20.5,20.6
2026-06-23,Germany,4.821,5.65,5.45,5.333,-0.512,10.6,2026-06-23T11:53:52.053372+00:00,6.862,5.912,5.6,5.7,5.4,5.5
2026-06-23,Ghana,0.024,0.15,,0.144,-0.12,498.0,2026-06-23T11:53:52.053372+00:00,0.057,0.038,0.1,0.2,,
2026-06-23,Iran,0.031,0.1,,0.096,-0.065,210.0,2026-06-23T11:53:52.053372+00:00,0.4,0.114,,0.1,,
2026-06-23,Iraq,0.0,0.1,,0.096,-0.096,,2026-06-23T11:53:52.053372+00:00,0.002,0.0,,0.1,,
2026-06-23,Ivory Coast,0.342,0.35,0.35,0.336,0.006,-1.6,2026-06-23T11:53:52.053372+00:00,0.268,0.311,0.3,0.4,0.3,0.4
2026-06-23,Japan,1.004,1.85,1.85,1.778,-0.773,77.0,2026-06-23T11:53:52.053372+00:00,1.401,1.219,1.8,1.9,1.8,1.9
2026-06-23,Jordan,0.0,0.1,,0.096,-0.096,,2026-06-23T11:53:52.053372+00:00,0.0,0.0,,0.1,,
2026-06-23,Mexico,0.29,1.25,1.75,1.441,-1.151,397.0,2026-06-23T11:53:52.053372+00:00,0.67,0.453,1.2,1.3,1.7,1.8
2026-06-23,Morocco,1.077,2.05,1.95,1.922,-0.845,78.5,2026-06-23T11:53:52.053372+00:00,1.681,1.383,2.0,2.1,1.9,2.0
2026-06-23,Netherlands,4.621,5.35,6.65,5.765,-1.144,24.8,2026-06-23T11:53:52.053372+00:00,5.037,4.959,5.3,5.4,6.6,6.7
2026-06-23,New Zealand,0.001,0.1,,0.096,-0.096,19116.9,2026-06-23T11:53:52.053372+00:00,0.001,0.001,,0.1,,
2026-06-23,Norway,1.729,2.65,2.85,2.642,-0.913,52.8,2026-06-23T11:53:52.053372+00:00,2.418,2.102,2.6,2.7,2.8,2.9
2026-06-23,Panama,0.003,0.1,,0.096,-0.094,3743.4,2026-06-23T11:53:52.053372+00:00,0.004,0.003,,0.1,,
2026-06-23,Paraguay,0.143,0.15,,0.144,-0.001,0.9,2026-06-23T11:53:52.053372+00:00,0.384,0.241,0.1,0.2,,
2026-06-23,Portugal,6.719,6.75,7.15,6.678,0.042,-0.6,2026-06-23T11:53:52.053372+00:00,7.423,7.26,6.7,6.8,7.1,7.2
2026-06-23,Qatar,0.0,0.1,,0.096,-0.096,,2026-06-23T11:53:52.053372+00:00,0.004,0.0,,0.1,,
2026-06-23,Saudi Arabia,0.001,0.1,,0.096,-0.095,6763.2,2026-06-23T11:53:52.053372+00:00,0.012,0.004,,0.1,,
2026-06-23,Scotland,0.254,0.15,0.15,0.144,0.109,-43.2,2026-06-23T11:53:52.053372+00:00,0.325,0.295,0.1,0.2,0.1,0.2
2026-06-23,Senegal,1.021,0.15,0.15,0.144,0.877,-85.9,2026-06-23T11:53:52.053372+00:00,0.532,0.758,0.1,0.2,0.1,0.2
2026-06-23,South Africa,0.001,0.1,,0.096,-0.095,13626.4,2026-06-23T11:53:52.053372+00:00,0.02,0.004,,0.1,,
2026-06-23,South Korea,0.155,0.25,0.25,0.24,-0.085,54.6,2026-06-23T11:53:52.053372+00:00,0.303,0.223,0.2,0.3,0.2,0.3
2026-06-23,Spain,20.187,13.85,13.45,13.116,7.071,-35.0,2026-06-23T11:53:52.053372+00:00,16.653,18.847,13.8,13.9,13.4,13.5
2026-06-23,Sweden,0.324,0.25,0.25,0.24,0.084,-25.9,2026-06-23T11:53:52.053372+00:00,0.538,0.429,0.2,0.3,0.2,0.3
2026-06-23,Switzerland,1.474,0.65,0.55,0.577,0.897,-60.9,2026-06-23T11:53:52.053372+00:00,2.081,1.8,0.6,0.7,0.5,0.6
2026-06-23,United States,0.873,3.55,4.75,3.988,-3.115,357.0,2026-06-23T11:53:52.053372+00:00,0.607,0.748,3.5,3.6,4.7,4.8
2026-06-23,Uruguay,0.966,0.15,0.25,0.192,0.774,-80.1,2026-06-23T11:53:52.053372+00:00,1.398,1.195,0.1,0.2,0.2,0.3
2026-06-23,Uzbekistan,0.01,0.1,,0.096,-0.086,900.9,2026-06-23T11:53:52.053372+00:00,0.024,0.016,,0.1,,
2026-06-24,Algeria,0.207,0.05,,0.049,0.158,-76.4,2026-06-24T11:37:29.797196+00:00,0.65,0.377,,0.1,,
2026-06-24,Argentina,14.711,14.15,14.25,13.877,0.833,-5.7,2026-06-24T11:37:29.797196+00:00,12.136,13.729,14.1,14.2,14.1,14.4
2026-06-24,Australia,0.032,0.25,0.15,0.195,-0.164,520.5,2026-06-24T11:37:29.797196+00:00,0.343,0.107,0.2,0.3,0.1,0.2
2026-06-24,Austria,0.484,0.25,0.15,0.195,0.289,-59.6,2026-06-24T11:37:29.797196+00:00,0.797,0.638,0.2,0.3,0.1,0.2
2026-06-24,Belgium,1.797,1.15,1.05,1.075,0.722,-40.2,2026-06-24T11:37:29.797196+00:00,4.632,2.964,1.1,1.2,1.0,1.1
2026-06-24,Bosnia and Herzegovina,0.034,0.05,,0.049,-0.015,45.0,2026-06-24T11:37:29.797196+00:00,0.023,0.028,,0.1,,
2026-06-24,Brazil,6.055,5.15,4.95,4.935,1.119,-18.5,2026-06-24T11:37:29.797196+00:00,8.899,7.542,5.1,5.2,4.9,5.0
2026-06-24,Canada,0.388,0.35,0.25,0.293,0.095,-24.5,2026-06-24T11:37:29.797196+00:00,0.304,0.353,0.3,0.4,0.2,0.3
2026-06-24,Cape Verde,0.003,0.15,0.15,0.147,-0.144,4954.9,2026-06-24T11:37:29.797196+00:00,0.015,0.007,0.1,0.2,0.1,0.2
2026-06-24,Colombia,1.719,1.65,1.75,1.661,0.058,-3.4,2026-06-24T11:37:29.797196+00:00,5.417,3.136,1.5,1.6,1.7,1.8
2026-06-24,Croatia,1.626,0.45,0.45,0.44,1.186,-72.9,2026-06-24T11:37:29.797196+00:00,1.835,1.774,0.4,0.5,0.4,0.5
2026-06-24,Curacao,0.0,0.05,,0.049,-0.049,,2026-06-24T11:37:29.797196+00:00,0.0,0.0,,0.1,,
2026-06-24,Czechia,0.073,0.05,,0.049,0.025,-33.4,2026-06-24T11:37:29.797196+00:00,0.19,0.121,,0.1,,
2026-06-24,DR Congo,0.019,0.05,,0.049,-0.03,158.5,2026-06-24T11:37:29.797196+00:00,0.037,0.027,0.1,0.2,,
2026-06-24,Ecuador,0.288,0.15,0.15,0.147,0.141,-49.0,2026-06-24T11:37:29.797196+00:00,0.379,0.339,0.1,0.2,0.1,0.2
2026-06-24,Egypt,0.136,0.25,0.25,0.244,-0.108,79.8,2026-06-24T11:37:29.797196+00:00,0.385,0.235,0.2,0.3,0.2,0.3
2026-06-24,England,12.102,10.55,10.15,10.115,1.987,-16.4,2026-06-24T11:37:29.797196+00:00,7.463,9.765,10.5,10.6,10.1,10.2
2026-06-24,France,14.386,19.15,19.9,19.081,-4.695,32.6,2026-06-24T11:37:29.797196+00:00,7.497,10.672,18.7,18.8,19.8,20.0
2026-06-24,Germany,4.798,5.35,5.4,5.253,-0.455,9.5,2026-06-24T11:37:29.797196+00:00,6.804,5.871,5.3,5.4,5.3,5.5
2026-06-24,Ghana,0.03,0.15,0.15,0.147,-0.116,383.8,2026-06-24T11:37:29.797196+00:00,0.065,0.046,0.1,0.2,0.1,0.2
2026-06-24,Iran,0.031,0.05,,0.049,-0.018,58.6,2026-06-24T11:37:29.797196+00:00,0.384,0.112,,0.1,,
2026-06-24,Iraq,0.0,0.05,,0.049,-0.049,,2026-06-24T11:37:29.797196+00:00,0.002,0.0,,0.1,,
2026-06-24,Ivory Coast,0.35,0.35,0.35,0.342,0.008,-2.3,2026-06-24T11:37:29.797196+00:00,0.274,0.318,0.3,0.4,0.3,0.4
2026-06-24,Japan,1.017,2.15,1.75,1.906,-0.888,87.3,2026-06-24T11:37:29.797196+00:00,1.413,1.232,1.9,2.0,1.7,1.8
2026-06-24,Mexico,0.299,1.25,1.85,1.515,-1.216,406.4,2026-06-24T11:37:29.797196+00:00,0.702,0.471,1.2,1.3,1.7,2.0
2026-06-24,Morocco,1.075,1.65,1.85,1.71,-0.635,59.0,2026-06-24T11:37:29.797196+00:00,1.673,1.378,1.6,1.7,1.8,1.9
2026-06-24,Netherlands,4.618,5.35,6.25,5.668,-1.05,22.7,2026-06-24T11:37:29.797196+00:00,5.042,4.958,5.3,5.4,6.1,6.4
2026-06-24,New Zealand,0.0,0.05,,0.049,-0.049,16188.0,2026-06-24T11:37:29.797196+00:00,0.0,0.0,,0.1,,
2026-06-24,Norway,1.759,3.05,2.95,2.932,-1.172,66.6,2026-06-24T11:37:29.797196+00:00,2.452,2.134,3.0,3.1,2.9,3.0
2026-06-24,Panama,0.0,0.05,,0.049,-0.049,,2026-06-24T11:37:29.797196+00:00,0.0,0.0,,,,
2026-06-24,Paraguay,0.139,0.15,,0.147,-0.007,5.2,2026-06-24T11:37:29.797196+00:00,0.377,0.235,0.1,0.2,,
2026-06-24,Portugal,7.48,8.15,9.25,8.502,-1.022,13.7,2026-06-24T11:37:29.797196+00:00,8.299,8.096,7.9,8.0,8.9,9.6
2026-06-24,Qatar,0.0,0.05,,0.049,-0.049,,2026-06-24T11:37:29.797196+00:00,0.004,0.0,,0.1,,
2026-06-24,Saudi Arabia,0.001,0.05,,0.049,-0.047,3390.3,2026-06-24T11:37:29.797196+00:00,0.011,0.004,,0.1,,
2026-06-24,Scotland,0.255,0.15,0.15,0.147,0.108,-42.4,2026-06-24T11:37:29.797196+00:00,0.33,0.298,0.1,0.2,0.1,0.2
2026-06-24,Senegal,0.964,0.25,0.25,0.244,0.72,-74.7,2026-06-24T11:37:29.797196+00:00,0.525,0.731,0.2,0.3,0.2,0.3
2026-06-24,South Africa,0.001,0.05,,0.049,-0.048,6880.6,2026-06-24T11:37:29.797196+00:00,0.019,0.004,,0.1,,
2026-06-24,South Korea,0.148,0.25,0.25,0.244,-0.096,64.6,2026-06-24T11:37:29.797196+00:00,0.295,0.215,0.2,0.3,0.2,0.3
2026-06-24,Spain,19.421,13.85,13.35,13.291,6.13,-31.6,2026-06-24T11:37:29.797196+00:00,15.823,18.013,13.8,13.9,13.3,13.4
2026-06-24,Sweden,0.322,0.25,0.15,0.195,0.127,-39.3,2026-06-24T11:37:29.797196+00:00,0.531,0.425,0.2,0.3,0.1,0.2
2026-06-24,Switzerland,1.454,0.65,0.55,0.586,0.868,-59.7,2026-06-24T11:37:29.797196+00:00,2.044,1.771,0.6,0.7,0.5,0.6
2026-06-24,United States,0.847,3.45,4.6,3.934,-3.086,364.2,2026-06-24T11:37:29.797196+00:00,0.578,0.719,3.4,3.5,4.5,4.7
2026-06-24,Uruguay,0.926,0.15,0.25,0.195,0.731,-78.9,2026-06-24T11:37:29.797196+00:00,1.345,1.147,0.2,0.3,0.2,0.3
2026-06-24,Uzbekistan,0.004,0.05,,0.049,-0.045,1036.4,2026-06-24T11:37:29.797196+00:00,0.007,0.006,,0.1,,
2026-06-25,Algeria,0.156,0.05,,0.048,0.108,-69.2,2026-06-25T11:29:05.982084+00:00,0.536,0.297,,0.1,,
2026-06-25,Argentina,14.32,15.75,15.05,14.808,-0.488,3.4,2026-06-25T11:29:05.982084+00:00,11.791,13.349,15.7,15.8,15.0,15.1
2026-06-25,Australia,0.03,0.15,0.15,0.144,-0.114,379.2,2026-06-25T11:29:05.982084+00:00,0.335,0.103,0.1,0.2,0.1,0.2
2026-06-25,Austria,0.471,0.25,0.15,0.192,0.279,-59.2,2026-06-25T11:29:05.982084+00:00,0.764,0.616,0.2,0.3,0.1,0.2
2026-06-25,Belgium,1.748,1.05,1.05,1.01,0.739,-42.3,2026-06-25T11:29:05.982084+00:00,4.615,2.918,1.0,1.1,1.0,1.1
2026-06-25,Bosnia and Herzegovina,0.058,0.15,,0.144,-0.086,149.1,2026-06-25T11:29:05.982084+00:00,0.057,0.059,0.1,0.2,,
2026-06-25,Brazil,6.069,5.45,5.65,5.337,0.732,-12.1,2026-06-25T11:29:05.982084+00:00,8.877,7.541,5.4,5.5,5.6,5.7
2026-06-25,Canada,0.515,0.25,0.25,0.24,0.275,-53.3,2026-06-25T11:29:05.982084+00:00,0.404,0.469,0.2,0.3,0.2,0.3
2026-06-25,Cape Verde,0.003,0.15,0.15,0.144,-0.141,5051.1,2026-06-25T11:29:05.982084+00:00,0.013,0.006,0.1,0.2,0.1,0.2
2026-06-25,Colombia,1.669,1.75,1.65,1.635,0.034,-2.0,2026-06-25T11:29:05.982084+00:00,5.182,3.021,1.7,1.8,1.6,1.7
2026-06-25,Croatia,1.593,0.45,0.35,0.385,1.209,-75.9,2026-06-25T11:29:05.982084+00:00,1.781,1.731,0.3,0.4,0.3,0.4
2026-06-25,Curacao,0.0,0.05,,0.048,-0.048,,2026-06-25T11:29:05.982084+00:00,0.0,0.0,,0.1,,
2026-06-25,Czechia,0.0,0.05,,0.048,-0.048,,2026-06-25T11:29:05.982084+00:00,0.0,0.0,,,,
2026-06-25,DR Congo,0.017,0.05,,0.048,-0.032,191.4,2026-06-25T11:29:05.982084+00:00,0.033,0.024,,0.1,,
2026-06-25,Ecuador,0.251,0.15,0.15,0.144,0.107,-42.5,2026-06-25T11:29:05.982084+00:00,0.335,0.298,0.1,0.2,0.1,0.2
2026-06-25,Egypt,0.14,0.25,0.25,0.24,-0.101,71.9,2026-06-25T11:29:05.982084+00:00,0.389,0.239,0.2,0.3,0.2,0.3
2026-06-25,England,11.576,10.55,10.45,10.096,1.48,-12.8,2026-06-25T11:29:05.982084+00:00,7.178,9.365,10.5,10.6,10.4,10.5
2026-06-25,France,14.901,19.45,19.95,18.942,-4.042,27.1,2026-06-25T11:29:05.982084+00:00,7.778,11.06,19.4,19.5,19.7,20.2
2026-06-25,Germany,5.033,5.25,5.25,5.048,-0.015,0.3,2026-06-25T11:29:05.982084+00:00,7.201,6.185,5.2,5.3,5.2,5.3
2026-06-25,Ghana,0.029,0.15,0.15,0.144,-0.116,402.5,2026-06-25T11:29:05.982084+00:00,0.059,0.042,0.1,0.2,0.1,0.2
2026-06-25,Iran,0.028,0.05,,0.048,-0.02,72.9,2026-06-25T11:29:05.982084+00:00,0.358,0.102,,0.1,,
2026-06-25,Iraq,0.0,0.05,,0.048,-0.048,,2026-06-25T11:29:05.982084+00:00,0.001,0.0,,0.1,,
2026-06-25,Ivory Coast,0.316,0.35,0.35,0.337,-0.021,6.5,2026-06-25T11:29:05.982084+00:00,0.252,0.29,0.3,0.4,0.3,0.4
2026-06-25,Japan,1.01,1.75,1.55,1.587,-0.576,57.0,2026-06-25T11:29:05.982084+00:00,1.455,1.246,1.7,1.8,1.5,1.6
2026-06-25,Mexico,0.283,1.25,3.35,2.212,-1.929,682.6,2026-06-25T11:29:05.982084+00:00,0.668,0.446,1.1,1.2,3.3,3.4
2026-06-25,Morocco,1.213,1.65,1.55,1.538,-0.326,26.9,2026-06-25T11:29:05.982084+00:00,1.952,1.581,1.4,1.5,1.4,1.7
2026-06-25,Netherlands,5.053,5.75,6.45,5.865,-0.812,16.1,2026-06-25T11:29:05.982084+00:00,5.489,5.411,5.4,5.5,6.4,6.5
2026-06-25,New Zealand,0.0,0.05,,0.048,-0.048,15925.6,2026-06-25T11:29:05.982084+00:00,0.001,0.0,,0.1,,
2026-06-25,Norway,1.664,2.95,2.55,2.644,-0.98,58.9,2026-06-25T11:29:05.982084+00:00,2.369,2.04,2.9,3.0,2.5,2.6
2026-06-25,Panama,0.0,0.05,,0.048,-0.048,,2026-06-25T11:29:05.982084+00:00,0.0,0.0,,,,
2026-06-25,Paraguay,0.131,0.05,,0.048,0.082,-63.2,2026-06-25T11:29:05.982084+00:00,0.373,0.227,,0.1,,
2026-06-25,Portugal,7.31,7.45,8.65,7.74,-0.43,5.9,2026-06-25T11:29:05.982084+00:00,8.184,7.946,7.5,7.6,8.6,8.7
2026-06-25,Qatar,0.0,0.05,,0.048,-0.048,,2026-06-25T11:29:05.982084+00:00,0.0,0.0,,,,
2026-06-25,Saudi Arabia,0.001,0.05,,0.048,-0.047,4707.7,2026-06-25T11:29:05.982084+00:00,0.012,0.003,,0.1,,
2026-06-25,Scotland,0.097,0.05,0.15,0.096,0.001,-0.6,2026-06-25T11:29:05.982084+00:00,0.125,0.113,,0.1,0.1,0.2
2026-06-25,Senegal,0.871,0.25,0.25,0.24,0.631,-72.4,2026-06-25T11:29:05.982084+00:00,0.48,0.664,0.2,0.3,0.2,0.3
2026-06-25,South Africa,0.004,0.05,,0.048,-0.044,1101.9,2026-06-25T11:29:05.982084+00:00,0.086,0.019,,0.1,,
2026-06-25,South Korea,0.245,0.15,0.15,0.144,0.1,-41.0,2026-06-25T11:29:05.982084+00:00,0.454,0.342,0.1,0.2,0.1,0.2
2026-06-25,Spain,19.681,13.85,13.35,13.077,6.604,-33.6,2026-06-25T11:29:05.982084+00:00,16.095,18.285,13.8,13.9,13.3,13.4
2026-06-25,Sweden,0.336,0.25,0.15,0.192,0.143,-42.7,2026-06-25T11:29:05.982084+00:00,0.566,0.448,0.2,0.3,0.1,0.2
2026-06-25,Switzerland,1.44,0.95,0.85,0.865,0.575,-39.9,2026-06-25T11:29:05.982084+00:00,1.883,1.692,0.9,1.0,0.8,0.9
2026-06-25,United States,0.935,3.45,4.95,4.038,-3.103,331.9,2026-06-25T11:29:05.982084+00:00,0.657,0.805,3.4,3.5,4.9,5.0
2026-06-25,Uruguay,0.805,0.15,0.15,0.144,0.66,-82.1,2026-06-25T11:29:05.982084+00:00,1.212,1.014,0.1,0.2,0.1,0.2
2026-06-25,Uzbekistan,0.001,0.05,,0.048,-0.047,5241.9,2026-06-25T11:29:05.982084+00:00,0.002,0.001,,0.1,,
2026-06-26,Algeria,0.144,0.05,,0.049,0.095,-66.2,2026-06-26T11:36:51.305856+00:00,0.488,0.273,,0.1,,
2026-06-26,Argentina,14.502,15.15,15.65,15.006,-0.504,3.5,2026-06-26T11:36:51.305856+00:00,11.827,13.454,14.7,14.8,15.4,15.9
2026-06-26,Australia,0.039,0.15,0.15,0.146,-0.107,274.8,2026-06-26T11:36:51.305856+00:00,0.369,0.123,0.1,0.2,0.1,0.2
2026-06-26,Austria,0.419,0.25,0.15,0.195,0.224,-53.5,2026-06-26T11:36:51.305856+00:00,0.695,0.554,0.2,0.3,0.1,0.2
2026-06-26,Belgium,1.8,1.15,1.05,1.072,0.728,-40.4,2026-06-26T11:36:51.305856+00:00,4.542,2.937,1.0,1.1,1.0,1.1
2026-06-26,Bosnia and Herzegovina,0.055,0.15,,0.146,-0.091,164.8,2026-06-26T11:36:51.305856+00:00,0.054,0.056,0.1,0.2,,
2026-06-26,Brazil,6.205,5.55,6.05,5.652,0.554,-8.9,2026-06-26T11:36:51.305856+00:00,9.17,7.749,5.5,5.6,6.0,6.1
2026-06-26,Canada,0.487,0.25,0.25,0.244,0.243,-50.0,2026-06-26T11:36:51.305856+00:00,0.378,0.441,0.2,0.3,0.2,0.3
2026-06-26,Cape Verde,0.003,0.05,0.15,0.097,-0.094,3043.3,2026-06-26T11:36:51.305856+00:00,0.012,0.006,,0.1,0.1,0.2
2026-06-26,Colombia,1.642,1.45,1.65,1.51,0.132,-8.0,2026-06-26T11:36:51.305856+00:00,5.142,2.985,1.4,1.5,1.6,1.7
2026-06-26,Croatia,1.485,0.45,0.35,0.39,1.095,-73.8,2026-06-26T11:36:51.305856+00:00,1.648,1.607,0.4,0.5,0.3,0.4
2026-06-26,Curacao,0.0,0.05,,0.049,-0.049,,2026-06-26T11:36:51.305856+00:00,0.0,0.0,,,,
2026-06-26,Czechia,0.0,0.05,,0.049,-0.049,,2026-06-26T11:36:51.305856+00:00,0.0,0.0,,,,
2026-06-26,DR Congo,0.016,0.05,,0.049,-0.033,204.5,2026-06-26T11:36:51.305856+00:00,0.029,0.022,,0.1,,
2026-06-26,Ecuador,1.054,0.55,0.45,0.487,0.567,-53.8,2026-06-26T11:36:51.305856+00:00,1.568,1.32,0.5,0.6,0.4,0.5
2026-06-26,Egypt,0.145,0.25,0.25,0.244,-0.099,68.4,2026-06-26T11:36:51.305856+00:00,0.38,0.241,0.2,0.3,0.2,0.3
2026-06-26,England,11.341,10.15,9.45,9.549,1.791,-15.8,2026-06-26T11:36:51.305856+00:00,6.871,9.068,9.9,10.0,9.4,9.5
2026-06-26,France,14.509,18.95,19.65,18.806,-4.297,29.6,2026-06-26T11:36:51.305856+00:00,7.594,10.783,18.9,19.0,19.5,19.8
2026-06-26,Germany,4.839,4.55,4.6,4.458,0.381,-7.9,2026-06-26T11:36:51.305856+00:00,6.97,5.966,4.4,4.5,4.5,4.7
2026-06-26,Ghana,0.03,0.15,0.15,0.146,-0.117,395.5,2026-06-26T11:36:51.305856+00:00,0.056,0.042,,0.1,0.1,0.2
2026-06-26,Iran,0.029,0.05,,0.049,-0.02,69.8,2026-06-26T11:36:51.305856+00:00,0.348,0.103,,0.1,,
2026-06-26,Iraq,0.0,0.05,,0.049,-0.049,,2026-06-26T11:36:51.305856+00:00,0.0,0.0,,0.1,,
2026-06-26,Ivory Coast,0.325,0.25,0.35,0.292,0.032,-9.9,2026-06-26T11:36:51.305856+00:00,0.257,0.297,0.2,0.3,0.3,0.4
2026-06-26,Japan,0.87,1.35,1.4,1.34,-0.47,54.1,2026-06-26T11:36:51.305856+00:00,1.157,1.03,1.2,1.3,1.3,1.5
2026-06-26,Mexico,0.259,1.25,2.95,2.046,-1.787,690.4,2026-06-26T11:36:51.305856+00:00,0.599,0.405,1.2,1.3,2.6,3.3
2026-06-26,Morocco,1.105,1.55,1.75,1.608,-0.503,45.5,2026-06-26T11:36:51.305856+00:00,1.734,1.422,1.4,1.5,1.7,1.8
2026-06-26,Netherlands,5.621,5.75,6.95,6.188,-0.567,10.1,2026-06-26T11:36:51.305856+00:00,6.317,6.121,5.7,5.8,6.8,7.1
2026-06-26,New Zealand,0.0,0.05,,0.049,-0.048,16140.4,2026-06-26T11:36:51.305856+00:00,0.0,0.0,,0.1,,
2026-06-26,Norway,1.631,3.15,2.45,2.728,-1.098,67.3,2026-06-26T11:36:51.305856+00:00,2.317,1.997,3.4,3.5,2.4,2.5
2026-06-26,Panama,0.0,0.05,,0.049,-0.049,,2026-06-26T11:36:51.305856+00:00,0.0,0.0,,,,
2026-06-26,Paraguay,0.128,0.15,,0.146,-0.018,14.3,2026-06-26T11:36:51.305856+00:00,0.436,0.243,0.1,0.2,,
2026-06-26,Portugal,7.244,8.35,9.5,8.697,-1.452,20.0,2026-06-26T11:36:51.305856+00:00,8.088,7.863,8.2,8.3,9.3,9.7
2026-06-26,Qatar,0.0,0.05,,0.049,-0.049,,2026-06-26T11:36:51.305856+00:00,0.0,0.0,,,,
2026-06-26,Saudi Arabia,0.001,0.05,,0.049,-0.048,3960.1,2026-06-26T11:36:51.305856+00:00,0.012,0.004,,0.1,,
2026-06-26,Scotland,0.027,0.05,0.15,0.097,-0.07,259.6,2026-06-26T11:36:51.305856+00:00,0.034,0.031,,0.1,0.1,0.2
2026-06-26,Senegal,0.701,0.25,0.25,0.244,0.457,-65.2,2026-06-26T11:36:51.305856+00:00,0.322,0.488,0.2,0.3,0.2,0.3
2026-06-26,South Africa,0.003,0.05,,0.049,-0.045,1292.0,2026-06-26T11:36:51.305856+00:00,0.079,0.017,,0.1,,
2026-06-26,South Korea,0.161,0.05,0.15,0.097,0.064,-39.7,2026-06-26T11:36:51.305856+00:00,0.305,0.228,0.1,0.2,0.1,0.2
2026-06-26,Spain,19.673,13.75,13.35,13.203,6.47,-32.9,2026-06-26T11:36:51.305856+00:00,15.955,18.2,13.7,13.8,13.3,13.4
2026-06-26,Sweden,0.305,0.25,0.15,0.195,0.111,-36.2,2026-06-26T11:36:51.305856+00:00,0.512,0.406,0.2,0.3,0.1,0.2
2026-06-26,Switzerland,1.467,0.85,0.75,0.78,0.687,-46.8,2026-06-26T11:36:51.305856+00:00,1.914,1.721,0.8,0.9,0.7,0.8
2026-06-26,United States,0.899,3.05,4.05,3.459,-2.56,284.7,2026-06-26T11:36:51.305856+00:00,0.626,0.771,3.0,3.1,4.0,4.1
2026-06-26,Uruguay,0.836,0.15,0.15,0.146,0.69,-82.5,2026-06-26T11:36:51.305856+00:00,1.194,1.026,0.1,0.2,0.1,0.2
2026-06-26,Uzbekistan,0.0,0.05,,0.049,-0.049,48621.1,2026-06-26T11:36:51.305856+00:00,0.0,0.0,,0.1,,
2026-06-27,Algeria,0.11,0.05,,0.047,0.063,-57.1,2026-06-27T05:23:22.288971+00:00,0.39,0.213,,0.1,,
2026-06-27,Argentina,17.241,18.25,18.45,17.397,-0.157,0.9,2026-06-27T05:23:22.288971+00:00,14.519,16.267,17.6,17.7,18.4,18.5
2026-06-27,Australia,0.054,0.15,0.15,0.142,-0.088,163.4,2026-06-27T05:23:22.288971+00:00,0.493,0.168,0.1,0.2,0.1,0.2
2026-06-27,Austria,0.312,0.15,0.15,0.142,0.17,-54.5,2026-06-27T05:23:22.288971+00:00,0.514,0.412,0.1,0.2,0.1,0.2
2026-06-27,Belgium,2.005,1.35,1.65,1.422,0.583,-29.1,2026-06-27T05:23:22.288971+00:00,5.498,3.414,1.3,1.4,1.6,1.7
2026-06-27,Bosnia and Herzegovina,0.038,0.15,,0.142,-0.105,277.2,2026-06-27T05:23:22.288971+00:00,0.036,0.038,0.1,0.2,,
2026-06-27,Brazil,6.434,5.65,5.65,5.357,1.077,-16.7,2026-06-27T05:23:22.288971+00:00,9.506,8.041,5.6,5.7,5.6,5.7
2026-06-27,Canada,0.439,0.25,0.25,0.237,0.202,-46.0,2026-06-27T05:23:22.288971+00:00,0.344,0.399,0.2,0.3,0.2,0.3
2026-06-27,Cape Verde,0.007,0.15,0.15,0.142,-0.136,2022.6,2026-06-27T05:23:22.288971+00:00,0.021,0.012,0.1,0.2,0.1,0.2
2026-06-27,Colombia,1.567,1.35,1.5,1.351,0.216,-13.8,2026-06-27T05:23:22.288971+00:00,5.023,2.884,1.4,1.5,1.4,1.6
2026-06-27,Croatia,1.339,0.45,0.45,0.427,0.913,-68.1,2026-06-27T05:23:22.288971+00:00,1.504,1.459,0.4,0.5,0.4,0.5
2026-06-27,Curacao,0.0,0.05,,0.047,-0.047,,2026-06-27T05:23:22.288971+00:00,0.0,0.0,,,,
2026-06-27,Czechia,0.0,0.05,,0.047,-0.047,,2026-06-27T05:23:22.288971+00:00,0.0,0.0,,,,
2026-06-27,DR Congo,0.017,0.05,,0.047,-0.031,182.2,2026-06-27T05:23:22.288971+00:00,0.03,0.023,,0.1,,
2026-06-27,Ecuador,1.126,0.65,0.55,0.569,0.557,-49.5,2026-06-27T05:23:22.288971+00:00,1.68,1.414,0.6,0.7,0.5,0.6
2026-06-27,Egypt,0.135,0.15,0.25,0.19,-0.054,40.0,2026-06-27T05:23:22.288971+00:00,0.319,0.214,0.1,0.2,0.2,0.3
2026-06-27,England,11.178,10.25,9.95,9.576,1.602,-14.3,2026-06-27T05:23:22.288971+00:00,6.844,8.993,10.2,10.3,9.9,10.0
2026-06-27,France,14.454,21.65,23.25,21.285,-6.831,47.3,2026-06-27T05:23:22.288971+00:00,7.423,10.65,21.6,21.7,23.2,23.3
2026-06-27,Germany,4.414,4.35,4.35,4.124,0.29,-6.6,2026-06-27T05:23:22.288971+00:00,6.48,5.499,4.5,4.6,4.3,4.4
2026-06-27,Ghana,0.028,0.15,0.15,0.142,-0.114,402.5,2026-06-27T05:23:22.288971+00:00,0.055,0.041,0.1,0.2,0.1,0.2
2026-06-27,Iran,0.033,0.05,,0.047,-0.015,44.5,2026-06-27T05:23:22.288971+00:00,0.365,0.113,,0.1,,
2026-06-27,Iraq,0.0,0.05,,0.047,-0.047,,2026-06-27T05:23:22.288971+00:00,0.0,0.0,,,,
2026-06-27,Ivory Coast,0.346,0.35,0.25,0.284,0.062,-17.9,2026-06-27T05:23:22.288971+00:00,0.279,0.32,0.3,0.4,0.2,0.3
2026-06-27,Japan,0.903,1.55,1.05,1.233,-0.33,36.5,2026-06-27T05:23:22.288971+00:00,1.211,1.075,1.5,1.6,1.0,1.1
2026-06-27,Mexico,0.25,1.25,2.85,1.944,-1.694,678.7,2026-06-27T05:23:22.288971+00:00,0.577,0.39,1.2,1.3,2.8,2.9
2026-06-27,Morocco,1.011,1.45,1.45,1.375,-0.364,36.0,2026-06-27T05:23:22.288971+00:00,1.62,1.316,1.4,1.5,1.4,1.5
2026-06-27,Netherlands,5.252,4.45,5.85,4.883,0.37,-7.0,2026-06-27T05:23:22.288971+00:00,5.986,5.765,4.6,4.7,5.8,5.9
2026-06-27,New Zealand,0.0,0.05,,0.047,-0.047,,2026-06-27T05:23:22.288971+00:00,0.0,0.0,,,,
2026-06-27,Norway,1.55,2.55,2.45,2.37,-0.82,52.9,2026-06-27T05:23:22.288971+00:00,2.286,1.935,2.5,2.6,2.4,2.5
2026-06-27,Panama,0.0,0.05,,0.047,-0.047,,2026-06-27T05:23:22.288971+00:00,0.0,0.0,,,,
2026-06-27,Paraguay,0.106,0.05,0.15,0.095,0.012,-10.9,2026-06-27T05:23:22.288971+00:00,0.385,0.208,,0.1,0.1,0.2
2026-06-27,Portugal,6.966,7.95,9.65,8.343,-1.377,19.8,2026-06-27T05:23:22.288971+00:00,7.587,7.475,7.9,8.0,9.6,9.7
2026-06-27,Qatar,0.0,0.05,,0.047,-0.047,,2026-06-27T05:23:22.288971+00:00,0.0,0.0,,,,
2026-06-27,Saudi Arabia,0.0,0.05,,0.047,-0.047,,2026-06-27T05:23:22.288971+00:00,0.0,0.0,,,,
2026-06-27,Scotland,0.0,0.05,0.15,0.095,-0.094,23602.3,2026-06-27T05:23:22.288971+00:00,0.001,0.001,,0.1,0.1,0.2
2026-06-27,Senegal,1.146,0.45,0.35,0.379,0.766,-66.9,2026-06-27T05:23:22.288971+00:00,0.834,1.005,0.4,0.5,0.3,0.4
2026-06-27,South Africa,0.003,0.05,,0.047,-0.044,1336.5,2026-06-27T05:23:22.288971+00:00,0.072,0.016,,0.1,,
2026-06-27,South Korea,0.067,0.05,0.15,0.095,-0.028,40.9,2026-06-27T05:23:22.288971+00:00,0.123,0.094,,0.1,0.1,0.2
2026-06-27,Spain,18.814,12.45,12.05,11.614,7.2,-38.3,2026-06-27T05:23:22.288971+00:00,15.027,17.288,12.4,12.5,12.0,12.1
2026-06-27,Sweden,0.258,0.25,0.15,0.19,0.069,-26.6,2026-06-27T05:23:22.288971+00:00,0.442,0.347,0.2,0.3,0.1,0.2
2026-06-27,Switzerland,1.719,0.95,0.75,0.806,0.913,-53.1,2026-06-27T05:23:22.288971+00:00,2.054,1.932,0.9,1.0,0.7,0.8
2026-06-27,United States,0.676,2.45,3.85,2.986,-2.311,342.0,2026-06-27T05:23:22.288971+00:00,0.47,0.579,2.5,2.6,3.8,3.9
2026-06-27,Uruguay,0.0,0.05,0.15,0.095,-0.095,,2026-06-27T05:23:22.288971+00:00,0.0,0.0,,,0.1,0.2
2026-06-27,Uzbekistan,0.0,0.05,,0.047,-0.047,,2026-06-27T05:23:22.288971+00:00,0.0,0.0,,0.1,,
2026-06-28,Algeria,0.27,0.15,,0.146,0.124,-45.8,2026-06-28T10:56:01.605458+00:00,0.728,0.456,0.1,0.2,,
2026-06-28,Argentina,18.212,21.05,21.15,20.565,-2.353,12.9,2026-06-28T10:56:01.605458+00:00,14.61,16.776,21.1,21.2,20.7,21.6
2026-06-28,Australia,0.06,0.15,0.15,0.146,-0.086,143.7,2026-06-28T10:56:01.605458+00:00,0.497,0.178,0.1,0.2,0.1,0.2
2026-06-28,Austria,0.29,0.15,0.15,0.146,0.144,-49.6,2026-06-28T10:56:01.605458+00:00,0.545,0.409,0.1,0.2,0.1,0.2
2026-06-28,Belgium,1.684,1.35,1.15,1.218,0.466,-27.7,2026-06-28T10:56:01.605458+00:00,5.205,3.045,1.3,1.4,1.1,1.2
2026-06-28,Bosnia and Herzegovina,0.035,0.15,,0.146,-0.111,314.2,2026-06-28T10:56:01.605458+00:00,0.035,0.036,0.1,0.2,,
2026-06-28,Brazil,6.384,5.55,5.6,5.434,0.95,-14.9,2026-06-28T10:56:01.605458+00:00,9.348,7.945,5.6,5.7,5.5,5.7
2026-06-28,Canada,0.432,0.15,0.15,0.146,0.286,-66.2,2026-06-28T10:56:01.605458+00:00,0.345,0.397,0.1,0.2,0.1,0.2
2026-06-28,Cape Verde,0.008,0.05,0.15,0.097,-0.09,1165.8,2026-06-28T10:56:01.605458+00:00,0.022,0.013,0.1,0.2,0.1,0.2
2026-06-28,Colombia,2.134,2.35,2.45,2.339,-0.206,9.6,2026-06-28T10:56:01.605458+00:00,6.057,3.697,2.4,2.5,2.4,2.5
2026-06-28,Croatia,0.988,0.35,0.25,0.292,0.696,-70.4,2026-06-28T10:56:01.605458+00:00,1.268,1.151,0.3,0.4,0.2,0.3
2026-06-28,Curacao,0.0,0.05,,0.049,-0.049,,2026-06-28T10:56:01.605458+00:00,0.0,0.0,,,,
2026-06-28,Czechia,0.0,0.05,,0.049,-0.049,,2026-06-28T10:56:01.605458+00:00,0.0,0.0,,,,
2026-06-28,DR Congo,0.041,0.05,,0.049,-0.008,18.6,2026-06-28T10:56:01.605458+00:00,0.078,0.058,,0.1,,
2026-06-28,Ecuador,1.108,0.55,0.45,0.487,0.621,-56.0,2026-06-28T10:56:01.605458+00:00,1.636,1.385,0.5,0.6,0.4,0.5
2026-06-28,Egypt,0.151,0.15,0.15,0.146,0.005,-3.4,2026-06-28T10:56:01.605458+00:00,0.323,0.227,0.1,0.2,0.1,0.2
2026-06-28,England,13.667,10.25,9.95,9.844,3.823,-28.0,2026-06-28T10:56:01.605458+00:00,8.364,10.996,10.2,10.3,9.9,10.0
2026-06-28,France,14.393,22.95,24.25,23.002,-8.609,59.8,2026-06-28T10:56:01.605458+00:00,7.417,10.626,22.9,23.0,23.9,24.6
2026-06-28,Germany,4.4,3.65,3.65,3.558,0.842,-19.1,2026-06-28T10:56:01.605458+00:00,6.493,5.497,3.6,3.7,3.6,3.7
2026-06-28,Ghana,0.036,0.15,0.15,0.146,-0.11,308.4,2026-06-28T10:56:01.605458+00:00,0.061,0.048,0.1,0.2,0.1,0.2
2026-06-28,Iran,0.0,0.05,,0.049,-0.049,,2026-06-28T10:56:01.605458+00:00,0.0,0.0,,,,
2026-06-28,Iraq,0.0,0.05,,0.049,-0.049,,2026-06-28T10:56:01.605458+00:00,0.0,0.0,,,,
2026-06-28,Ivory Coast,0.347,0.25,0.25,0.244,0.103,-29.8,2026-06-28T10:56:01.605458+00:00,0.273,0.316,0.2,0.3,0.2,0.3
2026-06-28,Japan,0.898,1.15,0.95,1.023,-0.125,13.9,2026-06-28T10:56:01.605458+00:00,1.179,1.058,1.1,1.2,0.9,1.0
2026-06-28,Mexico,0.249,1.15,3.0,2.022,-1.773,710.9,2026-06-28T10:56:01.605458+00:00,0.557,0.383,1.1,1.2,2.9,3.1
2026-06-28,Morocco,1.0,1.35,1.2,1.243,-0.243,24.3,2026-06-28T10:56:01.605458+00:00,1.618,1.308,1.3,1.4,1.1,1.3
2026-06-28,Netherlands,5.212,5.05,4.95,4.873,0.339,-6.5,2026-06-28T10:56:01.605458+00:00,5.972,5.738,5.0,5.1,4.9,5.0
2026-06-28,New Zealand,0.0,0.05,,0.049,-0.049,,2026-06-28T10:56:01.605458+00:00,0.0,0.0,,,,
2026-06-28,Norway,1.546,2.05,2.1,2.022,-0.477,30.8,2026-06-28T10:56:01.605458+00:00,2.248,1.917,2.0,2.1,2.0,2.2
2026-06-28,Panama,0.0,0.05,,0.049,-0.049,,2026-06-28T10:56:01.605458+00:00,0.0,0.0,,,,
2026-06-28,Paraguay,0.104,0.05,0.15,0.097,0.006,-5.9,2026-06-28T10:56:01.605458+00:00,0.386,0.206,,0.1,0.1,0.2
2026-06-28,Portugal,5.247,5.05,5.95,5.361,-0.113,2.2,2026-06-28T10:56:01.605458+00:00,6.172,5.853,4.9,5.2,5.9,6.0
2026-06-28,Qatar,0.0,0.05,,0.049,-0.049,,2026-06-28T10:56:01.605458+00:00,0.0,0.0,,,,
2026-06-28,Saudi Arabia,0.0,0.05,,0.049,-0.049,,2026-06-28T10:56:01.605458+00:00,0.0,0.0,,,,
2026-06-28,Scotland,0.0,0.05,0.15,0.097,-0.097,,2026-06-28T10:56:01.605458+00:00,0.0,0.0,,,0.1,0.2
2026-06-28,Senegal,1.3,0.45,0.35,0.39,0.91,-70.0,2026-06-28T10:56:01.605458+00:00,0.92,1.125,0.4,0.5,0.3,0.4
2026-06-28,South Africa,0.003,0.05,,0.049,-0.046,1422.9,2026-06-28T10:56:01.605458+00:00,0.071,0.016,,0.1,,
2026-06-28,South Korea,0.0,0.05,0.15,0.097,-0.097,,2026-06-28T10:56:01.605458+00:00,0.0,0.0,,,0.1,0.2
2026-06-28,Spain,17.194,10.55,10.45,10.234,6.96,-40.5,2026-06-28T10:56:01.605458+00:00,14.633,16.313,10.6,10.7,10.4,10.5
2026-06-28,Sweden,0.256,0.15,0.15,0.146,0.11,-42.9,2026-06-28T10:56:01.605458+00:00,0.441,0.345,0.1,0.2,0.1,0.2
2026-06-28,Switzerland,1.737,0.95,0.85,0.877,0.86,-49.5,2026-06-28T10:56:01.605458+00:00,2.036,1.934,0.9,1.0,0.8,0.9
2026-06-28,United States,0.614,2.15,3.55,2.778,-2.163,352.1,2026-06-28T10:56:01.605458+00:00,0.461,0.547,2.1,2.2,3.5,3.6
2026-06-28,Uruguay,0.0,0.05,0.15,0.097,-0.097,,2026-06-28T10:56:01.605458+00:00,0.0,0.0,,,0.1,0.2
2026-06-28,Uzbekistan,0.0,0.05,,0.049,-0.049,,2026-06-28T10:56:01.605458+00:00,0.0,0.0,,,,
2026-06-29,Algeria,0.281,0.15,0.1,0.12,0.161,-57.3,2026-07-23T18:50:30.092592+00:00,0.769,0.478,,,,0.1
2026-06-29,Argentina,18.278,20.65,21.55,20.254,-1.977,10.8,2026-07-23T18:50:30.092592+00:00,14.661,16.835,,,21.5,21.6
2026-06-29,Australia,0.059,0.15,0.15,0.144,-0.085,142.4,2026-07-23T18:50:30.092592+00:00,0.489,0.175,,,0.1,0.2
2026-06-29,Austria,0.287,0.15,0.15,0.144,0.143,-49.9,2026-07-23T18:50:30.092592+00:00,0.552,0.41,,,0.1,0.2
2026-06-29,Belgium,1.702,1.35,1.05,1.152,0.55,-32.3,2026-07-23T18:50:30.092592+00:00,5.289,3.086,,,1.0,1.1
2026-06-29,Bosnia and Herzegovina,0.033,0.15,,0.144,-0.111,337.7,2026-07-23T18:50:30.092592+00:00,0.034,0.034,,,,
2026-06-29,Brazil,6.378,5.95,5.95,5.712,0.667,-10.5,2026-07-23T18:50:30.092592+00:00,9.362,7.947,,,5.9,6.0
2026-06-29,Canada,0.571,0.25,0.25,0.24,0.331,-57.9,2026-07-23T18:50:30.092592+00:00,0.559,0.581,,,0.2,0.3
2026-06-29,Cape Verde,0.007,0.05,0.15,0.096,-0.089,1311.7,2026-07-23T18:50:30.092592+00:00,0.019,0.012,,,0.1,0.2
2026-06-29,Colombia,2.106,2.65,2.55,2.496,-0.39,18.5,2026-07-23T18:50:30.092592+00:00,6.013,3.659,,,2.5,2.6
2026-06-29,Croatia,1.03,0.35,0.35,0.336,0.694,-67.4,2026-07-23T18:50:30.092592+00:00,1.307,1.193,,,0.3,0.4
2026-06-29,DR Congo,0.041,0.05,1.0,0.504,-0.463,1141.3,2026-07-23T18:50:30.092592+00:00,0.08,0.059,,,,1.0
2026-06-29,Ecuador,1.109,0.55,0.45,0.48,0.629,-56.7,2026-07-23T18:50:30.092592+00:00,1.636,1.386,,,0.4,0.5
2026-06-29,Egypt,0.154,0.15,,0.144,0.01,-6.4,2026-07-23T18:50:30.092592+00:00,0.32,0.228,,,,
2026-06-29,England,13.78,10.25,9.95,9.695,4.085,-29.6,2026-07-23T18:50:30.092592+00:00,8.45,11.097,,,9.9,10.0
2026-06-29,France,14.427,22.95,23.55,22.318,-7.891,54.7,2026-07-23T18:50:30.092592+00:00,7.441,10.656,,,23.5,23.6
2026-06-29,Germany,4.375,3.85,3.65,3.6,0.775,-17.7,2026-07-23T18:50:30.092592+00:00,6.434,5.456,,,3.6,3.7
2026-06-29,Ghana,0.036,0.15,,0.144,-0.108,300.0,2026-07-23T18:50:30.092592+00:00,0.061,0.048,,,,
2026-06-29,Iran,0.0,,0.1,0.096,-0.096,,2026-07-23T18:50:30.092592+00:00,0.0,0.0,,,,100.0
2026-06-29,Ivory Coast,0.341,0.25,0.25,0.24,0.101,-29.6,2026-07-23T18:50:30.092592+00:00,0.272,0.313,,,0.2,0.3
2026-06-29,Japan,0.896,1.05,0.85,0.912,-0.016,1.7,2026-07-23T18:50:30.092592+00:00,1.187,1.061,,,0.8,0.9
2026-06-29,Mexico,0.246,1.15,3.15,2.064,-1.817,737.6,2026-07-23T18:50:30.092592+00:00,0.554,0.38,,,3.1,3.2
2026-06-29,Morocco,0.925,1.35,1.15,1.2,-0.275,29.8,2026-07-23T18:50:30.092592+00:00,1.545,1.229,,,1.1,1.2
2026-06-29,Netherlands,4.933,5.05,,4.848,0.085,-1.7,2026-07-23T18:50:30.092592+00:00,5.759,5.481,,,,
2026-06-29,Norway,1.545,1.95,1.85,1.824,-0.279,18.0,2026-07-23T18:50:30.092592+00:00,2.249,1.917,,,1.8,1.9
2026-06-29,Paraguay,0.103,0.05,0.1,0.072,0.031,-30.1,2026-07-23T18:50:30.092592+00:00,0.382,0.204,,,,0.1
2026-06-29,Portugal,5.231,5.75,6.25,5.76,-0.528,10.1,2026-07-23T18:50:30.092592+00:00,6.12,5.819,,,6.2,6.3
2026-06-29,Scotland,0.0,,0.1,0.096,-0.096,,2026-07-23T18:50:30.092592+00:00,0.0,0.0,,,,100.0
2026-06-29,Senegal,1.297,0.45,0.35,0.384,0.913,-70.4,2026-07-23T18:50:30.092592+00:00,0.907,1.116,,,0.3,0.4
2026-06-29,South Africa,0.0,0.05,0.1,0.072,-0.072,,2026-07-23T18:50:30.092592+00:00,0.0,0.0,,,,100.0
2026-06-29,South Korea,0.0,,0.1,0.096,-0.096,,2026-07-23T18:50:30.092592+00:00,0.0,0.0,,,,100.0
2026-06-29,Spain,17.217,11.15,,10.703,6.514,-37.8,2026-07-23T18:50:30.092592+00:00,14.612,16.312,,,,
2026-06-29,Sweden,0.257,0.15,0.1,0.12,0.137,-53.3,2026-07-23T18:50:30.092592+00:00,0.446,0.348,,,,0.1
2026-06-29,Switzerland,1.727,0.95,0.85,0.864,0.863,-50.0,2026-07-23T18:50:30.092592+00:00,2.018,1.92,,,0.8,0.9
2026-06-29,United States,0.627,2.35,3.55,2.832,-2.205,351.6,2026-07-23T18:50:30.092592+00:00,0.473,0.56,,,3.5,3.6
2026-06-29,Uzbekistan,0.0,,0.1,0.096,-0.096,,2026-07-23T18:50:30.092592+00:00,0.0,0.0,,,,100.0
2026-06-30,Algeria,0.273,0.15,0.15,0.139,0.133,-48.9,2026-06-30T11:41:40.154318+00:00,0.749,0.466,0.1,0.2,0.1,0.2
2026-06-30,Argentina,17.868,19.35,21.15,18.794,-0.926,5.2,2026-06-30T11:41:40.154318+00:00,14.556,16.639,19.3,19.4,21.0,21.3
2026-06-30,Australia,0.061,0.15,0.15,0.139,-0.078,127.1,2026-06-30T11:41:40.154318+00:00,0.501,0.181,0.1,0.2,0.1,0.2
2026-06-30,Austria,0.311,0.15,0.15,0.139,0.172,-55.2,2026-06-30T11:41:40.154318+00:00,0.617,0.452,0.1,0.2,0.1,0.2
2026-06-30,Belgium,1.815,1.35,1.15,1.16,0.655,-36.1,2026-06-30T11:41:40.154318+00:00,5.742,3.331,1.3,1.4,1.1,1.2
2026-06-30,Bosnia and Herzegovina,0.033,0.1,,0.093,-0.06,182.9,2026-06-30T11:41:40.154318+00:00,0.035,0.035,,0.1,,
2026-06-30,Brazil,9.754,7.05,6.95,6.497,3.258,-33.4,2026-06-30T11:41:40.154318+00:00,14.333,12.199,7.0,7.1,6.9,7.0
2026-06-30,Canada,0.778,0.25,0.3,0.255,0.522,-67.2,2026-06-30T11:41:40.154318+00:00,0.777,0.802,0.2,0.3,0.2,0.4
2026-06-30,Cape Verde,0.006,0.1,0.15,0.116,-0.11,1712.6,2026-06-30T11:41:40.154318+00:00,0.02,0.012,,0.1,0.1,0.2
2026-06-30,Colombia,2.06,2.75,2.75,2.552,-0.492,23.9,2026-06-30T11:41:40.154318+00:00,5.983,3.622,2.7,2.8,2.7,2.8
2026-06-30,Croatia,1.05,0.45,0.35,0.371,0.679,-64.6,2026-06-30T11:41:40.154318+00:00,1.424,1.261,0.4,0.5,0.3,0.4
2026-06-30,Curacao,0.0,0.05,,0.046,-0.046,,2026-06-30T11:41:40.154318+00:00,0.0,0.0,,,,
2026-06-30,Czechia,0.0,0.05,,0.046,-0.046,,2026-06-30T11:41:40.154318+00:00,0.0,0.0,,,,
2026-06-30,DR Congo,0.038,0.1,,0.093,-0.054,141.7,2026-06-30T11:41:40.154318+00:00,0.075,0.056,,0.1,,
2026-06-30,Ecuador,1.026,0.55,0.45,0.464,0.562,-54.8,2026-06-30T11:41:40.154318+00:00,1.576,1.312,0.5,0.6,0.4,0.5
2026-06-30,Egypt,0.152,0.15,0.15,0.139,0.012,-8.2,2026-06-30T11:41:40.154318+00:00,0.321,0.227,0.1,0.2,0.1,0.2
2026-06-30,England,13.02,10.05,9.35,9.002,4.017,-30.9,2026-06-30T11:41:40.154318+00:00,8.069,10.575,10.0,10.1,9.3,9.4
2026-06-30,France,19.216,28.85,28.9,26.798,-7.582,39.5,2026-06-30T11:41:40.154318+00:00,9.973,14.283,28.8,28.9,28.7,29.1
2026-06-30,Germany,0.0,0.1,2.75,1.323,-1.323,,2026-06-30T11:41:40.154318+00:00,0.0,0.0,,,2.7,2.8
2026-06-30,Ghana,0.038,0.1,0.15,0.116,-0.078,206.1,2026-06-30T11:41:40.154318+00:00,0.064,0.051,,0.1,0.1,0.2
2026-06-30,Iran,0.0,0.05,,0.046,-0.046,,2026-06-30T11:41:40.154318+00:00,0.0,0.0,,,,
2026-06-30,Iraq,0.0,0.05,,0.046,-0.046,,2026-06-30T11:41:40.154318+00:00,0.0,0.0,,,,
2026-06-30,Ivory Coast,0.291,0.35,0.25,0.278,0.013,-4.3,2026-06-30T11:41:40.154318+00:00,0.238,0.271,0.3,0.4,0.2,0.3
2026-06-30,Japan,0.0,0.05,1.05,0.51,-0.51,,2026-06-30T11:41:40.154318+00:00,0.0,0.0,,,1.0,1.1
2026-06-30,Mexico,0.229,1.45,3.0,2.065,-1.836,800.9,2026-06-30T11:41:40.154318+00:00,0.532,0.36,1.4,1.5,2.9,3.1
2026-06-30,Morocco,2.727,3.75,3.7,3.457,-0.73,26.8,2026-06-30T11:41:40.154318+00:00,4.437,3.589,3.7,3.8,3.6,3.8
2026-06-30,Netherlands,0.0,0.05,4.7,2.204,-2.204,,2026-06-30T11:41:40.154318+00:00,0.0,0.0,,,4.0,5.4
2026-06-30,New Zealand,0.0,0.05,,0.046,-0.046,,2026-06-30T11:41:40.154318+00:00,0.0,0.0,,,,
2026-06-30,Norway,1.371,1.95,2.0,1.833,-0.462,33.7,2026-06-30T11:41:40.154318+00:00,2.052,1.731,1.9,2.0,1.9,2.1
2026-06-30,Panama,0.0,0.05,,0.046,-0.046,,2026-06-30T11:41:40.154318+00:00,0.0,0.0,,,,
2026-06-30,Paraguay,0.464,0.25,0.35,0.278,0.186,-40.0,2026-06-30T11:41:40.154318+00:00,1.432,0.842,0.2,0.3,0.3,0.4
2026-06-30,Portugal,5.482,6.3,6.55,5.963,-0.481,8.8,2026-06-30T11:41:40.154318+00:00,6.672,6.24,6.2,6.4,6.5,6.6
2026-06-30,Qatar,0.0,0.05,,0.046,-0.046,,2026-06-30T11:41:40.154318+00:00,0.0,0.0,,,,
2026-06-30,Saudi Arabia,0.0,0.05,,0.046,-0.046,,2026-06-30T11:41:40.154318+00:00,0.0,0.0,,,,
2026-06-30,Scotland,0.0,0.05,0.15,0.093,-0.093,,2026-06-30T11:41:40.154318+00:00,0.0,0.0,,,0.1,0.2
2026-06-30,Senegal,1.395,0.45,0.35,0.371,1.024,-73.4,2026-06-30T11:41:40.154318+00:00,1.033,1.238,0.4,0.5,0.3,0.4
2026-06-30,South Africa,0.0,0.05,,0.046,-0.046,,2026-06-30T11:41:40.154318+00:00,0.0,0.0,,,,
2026-06-30,South Korea,0.0,0.05,0.15,0.093,-0.093,,2026-06-30T11:41:40.154318+00:00,0.0,0.0,,,0.1,0.2
2026-06-30,Spain,17.758,11.25,10.65,10.162,7.596,-42.8,2026-06-30T11:41:40.154318+00:00,15.557,17.149,11.2,11.3,10.6,10.7
2026-06-30,Sweden,0.428,0.15,0.15,0.139,0.288,-67.5,2026-06-30T11:41:40.154318+00:00,0.677,0.555,0.1,0.2,0.1,0.2
2026-06-30,Switzerland,1.681,0.85,0.75,0.742,0.939,-55.8,2026-06-30T11:41:40.154318+00:00,2.023,1.903,0.8,0.9,0.7,0.8
2026-06-30,United States,0.674,2.75,3.85,3.063,-2.388,354.2,2026-06-30T11:41:40.154318+00:00,0.534,0.619,2.7,2.8,3.8,3.9
2026-06-30,Uruguay,0.0,0.05,0.15,0.093,-0.093,,2026-06-30T11:41:40.154318+00:00,0.0,0.0,,,0.1,0.2
2026-06-30,Uzbekistan,0.0,0.05,,0.046,-0.046,,2026-06-30T11:41:40.154318+00:00,0.0,0.0,,,,
2026-07-01,Algeria,0.255,0.1,0.15,0.116,0.139,-54.4,2026-07-01T11:54:53.800578+00:00,0.74,0.448,,0.1,0.1,0.2
2026-07-01,Argentina,17.326,19.15,19.05,17.734,-0.408,2.4,2026-07-01T11:54:53.800578+00:00,14.316,16.239,19.1,19.2,19.0,19.1
2026-07-01,Australia,0.048,0.15,0.15,0.139,-0.091,190.8,2026-07-01T11:54:53.800578+00:00,0.474,0.155,0.1,0.2,0.1,0.2
2026-07-01,Austria,0.271,0.15,0.15,0.139,0.132,-48.7,2026-07-01T11:54:53.800578+00:00,0.581,0.41,0.1,0.2,0.1,0.2
2026-07-01,Belgium,1.597,1.15,0.85,0.929,0.668,-41.9,2026-07-01T11:54:53.800578+00:00,5.398,3.027,1.1,1.2,0.8,0.9
2026-07-01,Bosnia and Herzegovina,0.025,0.1,,0.093,-0.067,265.6,2026-07-01T11:54:53.800578+00:00,0.037,0.031,,0.1,,
2026-07-01,Brazil,9.027,6.65,6.55,6.128,2.899,-32.1,2026-07-01T11:54:53.800578+00:00,13.476,11.372,6.6,6.7,6.5,6.6
2026-07-01,Canada,0.638,0.25,0.25,0.232,0.406,-63.6,2026-07-01T11:54:53.800578+00:00,0.696,0.687,0.2,0.3,0.2,0.3
2026-07-01,Cape Verde,0.008,0.1,0.15,0.116,-0.108,1332.9,2026-07-01T11:54:53.800578+00:00,0.021,0.013,,0.1,0.1,0.2
2026-07-01,Colombia,1.951,2.75,2.75,2.553,-0.602,30.9,2026-07-01T11:54:53.800578+00:00,5.865,3.488,2.7,2.8,2.7,2.8
2026-07-01,Croatia,0.972,0.35,0.3,0.302,0.671,-69.0,2026-07-01T11:54:53.800578+00:00,1.353,1.183,0.3,0.4,0.2,0.4
2026-07-01,Curacao,0.0,0.05,,0.046,-0.046,,2026-07-01T11:54:53.800578+00:00,0.0,0.0,,,,
2026-07-01,Czechia,0.0,0.05,,0.046,-0.046,,2026-07-01T11:54:53.800578+00:00,0.0,0.0,,,,
2026-07-01,DR Congo,0.04,0.1,,0.093,-0.052,129.8,2026-07-01T11:54:53.800578+00:00,0.084,0.06,,0.1,,
2026-07-01,Ecuador,0.0,0.05,0.15,0.093,-0.093,,2026-07-01T11:54:53.800578+00:00,0.0,0.0,,,0.1,0.2
2026-07-01,Egypt,0.137,0.15,0.15,0.139,-0.002,1.3,2026-07-01T11:54:53.800578+00:00,0.317,0.215,0.1,0.2,0.1,0.2
2026-07-01,England,13.423,9.35,8.25,8.171,5.252,-39.1,2026-07-01T11:54:53.800578+00:00,8.377,10.934,9.3,9.4,8.2,8.3
2026-07-01,France,23.844,32.75,33.75,30.873,-7.029,29.5,2026-07-01T11:54:53.800578+00:00,13.969,18.818,32.7,32.8,33.7,33.8
2026-07-01,Germany,0.0,0.1,2.75,1.323,-1.323,,2026-07-01T11:54:53.800578+00:00,0.0,0.0,,,2.7,2.8
2026-07-01,Ghana,0.034,0.1,0.15,0.116,-0.082,245.4,2026-07-01T11:54:53.800578+00:00,0.062,0.047,,0.1,0.1,0.2
2026-07-01,Iran,0.0,0.05,,0.046,-0.046,,2026-07-01T11:54:53.800578+00:00,0.0,0.0,,,,
2026-07-01,Iraq,0.0,0.05,,0.046,-0.046,,2026-07-01T11:54:53.800578+00:00,0.0,0.0,,,,
2026-07-01,Ivory Coast,0.0,0.1,0.25,0.162,-0.162,,2026-07-01T11:54:53.800578+00:00,0.0,0.0,,,0.2,0.3
2026-07-01,Japan,0.0,0.05,1.05,0.511,-0.511,,2026-07-01T11:54:53.800578+00:00,0.0,0.0,,,1.0,1.1
2026-07-01,Mexico,0.514,2.65,4.95,3.528,-3.014,586.3,2026-07-01T11:54:53.800578+00:00,1.182,0.804,2.6,2.7,4.7,5.2
2026-07-01,Morocco,2.305,2.35,2.75,2.368,-0.063,2.7,2026-07-01T11:54:53.800578+00:00,4.015,3.136,2.3,2.4,2.7,2.8
2026-07-01,Netherlands,0.0,0.05,4.7,2.205,-2.205,,2026-07-01T11:54:53.800578+00:00,0.0,0.0,,,4.0,5.4
2026-07-01,New Zealand,0.0,0.05,,0.046,-0.046,,2026-07-01T11:54:53.800578+00:00,0.0,0.0,,,,
2026-07-01,Norway,2.191,1.75,1.85,1.671,0.52,-23.7,2026-07-01T11:54:53.800578+00:00,3.168,2.717,1.7,1.8,1.8,1.9
2026-07-01,Panama,0.0,0.05,,0.046,-0.046,,2026-07-01T11:54:53.800578+00:00,0.0,0.0,,,,
2026-07-01,Paraguay,0.337,0.15,0.25,0.186,0.151,-44.8,2026-07-01T11:54:53.800578+00:00,1.179,0.65,0.1,0.2,0.2,0.3
2026-07-01,Portugal,5.026,5.95,6.35,5.71,-0.685,13.6,2026-07-01T11:54:53.800578+00:00,6.299,5.801,5.9,6.0,6.3,6.4
2026-07-01,Qatar,0.0,0.05,,0.046,-0.046,,2026-07-01T11:54:53.800578+00:00,0.0,0.0,,,,
2026-07-01,Saudi Arabia,0.0,0.05,,0.046,-0.046,,2026-07-01T11:54:53.800578+00:00,0.0,0.0,,,,
2026-07-01,Scotland,0.0,0.05,0.15,0.093,-0.093,,2026-07-01T11:54:53.800578+00:00,0.0,0.0,,,0.1,0.2
2026-07-01,Senegal,1.246,0.55,0.65,0.557,0.689,-55.3,2026-07-01T11:54:53.800578+00:00,0.971,1.135,0.5,0.6,0.6,0.7
2026-07-01,South Africa,0.0,0.05,,0.046,-0.046,,2026-07-01T11:54:53.800578+00:00,0.0,0.0,,,,
2026-07-01,South Korea,0.0,0.05,0.15,0.093,-0.093,,2026-07-01T11:54:53.800578+00:00,0.0,0.0,,,0.1,0.2
2026-07-01,Spain,16.61,10.35,9.4,9.169,7.441,-44.8,2026-07-01T11:54:53.800578+00:00,14.945,16.245,10.3,10.4,9.3,9.5
2026-07-01,Sweden,0.0,0.05,0.25,0.139,-0.139,,2026-07-01T11:54:53.800578+00:00,0.0,0.0,,,0.2,0.3
2026-07-01,Switzerland,1.59,0.75,0.65,0.65,0.94,-59.1,2026-07-01T11:54:53.800578+00:00,1.975,1.827,0.7,0.8,0.6,0.7
2026-07-01,United States,0.584,2.85,3.85,3.11,-2.526,432.4,2026-07-01T11:54:53.800578+00:00,0.501,0.558,2.8,2.9,3.8,3.9
2026-07-01,Uruguay,0.0,0.05,0.15,0.093,-0.093,,2026-07-01T11:54:53.800578+00:00,0.0,0.0,,,0.1,0.2
2026-07-01,Uzbekistan,0.0,0.05,,0.046,-0.046,,2026-07-01T11:54:53.800578+00:00,0.0,0.0,,,,
2026-07-02,Algeria,0.24,0.1,0.15,0.114,0.126,-52.5,2026-07-02T11:20:44.380616+00:00,0.714,0.427,,0.1,0.1,0.2
2026-07-02,Argentina,16.866,18.45,19.05,17.104,-0.238,1.4,2026-07-02T11:20:44.380616+00:00,14.067,15.878,18.4,18.5,19.0,19.1
2026-07-02,Australia,0.049,0.15,0.15,0.137,-0.088,179.2,2026-07-02T11:20:44.380616+00:00,0.468,0.156,0.1,0.2,0.1,0.2
2026-07-02,Austria,0.249,0.05,0.15,0.091,0.158,-63.4,2026-07-02T11:20:44.380616+00:00,0.51,0.368,0.1,0.2,0.1,0.2
2026-07-02,Belgium,2.864,1.45,1.45,1.323,1.541,-53.8,2026-07-02T11:20:44.380616+00:00,7.991,4.931,1.5,1.6,1.4,1.5
2026-07-02,Bosnia and Herzegovina,0.0,0.1,,0.091,-0.091,,2026-07-02T11:20:44.380616+00:00,0.0,0.0,,,,
2026-07-02,Brazil,8.429,6.45,6.55,5.929,2.5,-29.7,2026-07-02T11:20:44.380616+00:00,12.666,10.652,6.4,6.5,6.5,6.6
2026-07-02,Canada,0.634,0.25,0.25,0.228,0.406,-64.0,2026-07-02T11:20:44.380616+00:00,0.67,0.672,0.2,0.3,0.2,0.3
2026-07-02,Cape Verde,0.006,0.1,0.15,0.114,-0.109,1973.2,2026-07-02T11:20:44.380616+00:00,0.015,0.01,,0.1,0.1,0.2
2026-07-02,Colombia,1.883,2.35,2.65,2.281,-0.398,21.1,2026-07-02T11:20:44.380616+00:00,5.706,3.379,2.3,2.4,2.6,2.7
2026-07-02,Croatia,0.938,0.35,0.35,0.319,0.619,-66.0,2026-07-02T11:20:44.380616+00:00,1.255,1.118,0.3,0.4,0.3,0.4
2026-07-02,Curacao,0.0,0.05,,0.046,-0.046,,2026-07-02T11:20:44.380616+00:00,0.0,0.0,,,,
2026-07-02,Czechia,0.0,0.05,,0.046,-0.046,,2026-07-02T11:20:44.380616+00:00,0.0,0.0,,,,
2026-07-02,DR Congo,0.0,0.05,,0.046,-0.046,,2026-07-02T11:20:44.380616+00:00,0.0,0.0,,,,
2026-07-02,Ecuador,0.0,0.05,0.15,0.091,-0.091,,2026-07-02T11:20:44.380616+00:00,0.0,0.0,,,0.1,0.2
2026-07-02,Egypt,0.13,0.15,0.15,0.137,-0.007,5.7,2026-07-02T11:20:44.380616+00:00,0.293,0.201,0.1,0.2,0.1,0.2
2026-07-02,England,15.403,8.05,7.6,7.138,8.265,-53.7,2026-07-02T11:20:44.380616+00:00,10.353,13.018,8.0,8.1,7.5,7.7
2026-07-02,France,23.638,34.65,34.65,31.608,-7.97,33.7,2026-07-02T11:20:44.380616+00:00,13.713,18.559,34.6,34.7,34.5,34.8
2026-07-02,Germany,0.0,0.1,2.75,1.3,-1.3,,2026-07-02T11:20:44.380616+00:00,0.0,0.0,,,2.7,2.8
2026-07-02,Ghana,0.032,0.05,0.15,0.091,-0.06,189.6,2026-07-02T11:20:44.380616+00:00,0.057,0.044,,0.1,0.1,0.2
2026-07-02,Iran,0.0,0.05,,0.046,-0.046,,2026-07-02T11:20:44.380616+00:00,0.0,0.0,,,,
2026-07-02,Iraq,0.0,0.05,,0.046,-0.046,,2026-07-02T11:20:44.380616+00:00,0.0,0.0,,,,
2026-07-02,Ivory Coast,0.0,0.1,0.25,0.16,-0.16,,2026-07-02T11:20:44.380616+00:00,0.0,0.0,,,0.2,0.3
2026-07-02,Japan,0.0,0.05,1.05,0.502,-0.502,,2026-07-02T11:20:44.380616+00:00,0.0,0.0,,,1.0,1.1
2026-07-02,Mexico,0.424,3.55,5.45,4.105,-3.681,868.6,2026-07-02T11:20:44.380616+00:00,0.968,0.66,3.5,3.6,5.3,5.6
2026-07-02,Morocco,2.232,2.55,2.55,2.326,-0.095,4.2,2026-07-02T11:20:44.380616+00:00,3.852,3.022,2.5,2.6,2.5,2.6
2026-07-02,Netherlands,0.0,0.05,4.7,2.166,-2.166,,2026-07-02T11:20:44.380616+00:00,0.0,0.0,,,4.0,5.4
2026-07-02,New Zealand,0.0,0.05,,0.046,-0.046,,2026-07-02T11:20:44.380616+00:00,0.0,0.0,,,,
2026-07-02,Norway,1.994,1.85,1.8,1.665,0.329,-16.5,2026-07-02T11:20:44.380616+00:00,2.87,2.466,1.8,1.9,1.7,1.9
2026-07-02,Panama,0.0,0.05,,0.046,-0.046,,2026-07-02T11:20:44.380616+00:00,0.0,0.0,,,,
2026-07-02,Paraguay,0.318,0.15,0.15,0.137,0.181,-57.0,2026-07-02T11:20:44.380616+00:00,1.128,0.617,0.1,0.2,0.1,0.2
2026-07-02,Portugal,4.93,5.95,6.55,5.701,-0.772,15.7,2026-07-02T11:20:44.380616+00:00,5.961,5.588,5.9,6.0,6.5,6.6
2026-07-02,Qatar,0.0,0.05,,0.046,-0.046,,2026-07-02T11:20:44.380616+00:00,0.0,0.0,,,,
2026-07-02,Saudi Arabia,0.0,0.05,,0.046,-0.046,,2026-07-02T11:20:44.380616+00:00,0.0,0.0,,,,
2026-07-02,Scotland,0.0,0.05,0.15,0.091,-0.091,,2026-07-02T11:20:44.380616+00:00,0.0,0.0,,,0.1,0.2
2026-07-02,Senegal,0.0,0.05,0.45,0.228,-0.228,,2026-07-02T11:20:44.380616+00:00,0.0,0.0,,,0.4,0.5
2026-07-02,South Africa,0.0,0.05,,0.046,-0.046,,2026-07-02T11:20:44.380616+00:00,0.0,0.0,,,,
2026-07-02,South Korea,0.0,0.05,0.15,0.091,-0.091,,2026-07-02T11:20:44.380616+00:00,0.0,0.0,,,0.1,0.2
2026-07-02,Spain,16.344,10.85,11.65,10.262,6.081,-37.2,2026-07-02T11:20:44.380616+00:00,14.212,15.711,10.8,10.9,11.6,11.7
2026-07-02,Sweden,0.0,0.05,0.25,0.137,-0.137,,2026-07-02T11:20:44.380616+00:00,0.0,0.0,,,0.2,0.3
2026-07-02,Switzerland,1.535,0.75,0.65,0.639,0.896,-58.4,2026-07-02T11:20:44.380616+00:00,1.878,1.75,0.7,0.8,0.6,0.7
2026-07-02,United States,0.864,2.55,4.25,3.101,-2.238,259.2,2026-07-02T11:20:44.380616+00:00,0.652,0.773,2.5,2.6,4.2,4.3
2026-07-02,Uruguay,0.0,0.05,0.15,0.091,-0.091,,2026-07-02T11:20:44.380616+00:00,0.0,0.0,,,0.1,0.2
2026-07-02,Uzbekistan,0.0,0.05,,0.046,-0.046,,2026-07-02T11:20:44.380616+00:00,0.0,0.0,,,,
2026-07-03,Algeria,0.0,0.05,0.15,0.092,-0.092,,2026-07-03T11:22:24.341931+00:00,0.0,0.0,,,0.1,0.2
2026-07-03,Argentina,16.146,19.25,18.85,17.578,-1.432,8.9,2026-07-03T11:22:24.341931+00:00,13.496,15.191,19.2,19.3,18.8,18.9
2026-07-03,Australia,0.043,0.15,0.15,0.138,-0.095,221.1,2026-07-03T11:22:24.341931+00:00,0.419,0.138,0.1,0.2,0.1,0.2
2026-07-03,Austria,0.0,0.05,0.15,0.092,-0.092,,2026-07-03T11:22:24.341931+00:00,0.0,0.0,,,0.1,0.2
2026-07-03,Belgium,2.524,1.25,1.05,1.061,1.463,-58.0,2026-07-03T11:22:24.341931+00:00,7.205,4.389,1.2,1.3,1.0,1.1
2026-07-03,Bosnia and Herzegovina,0.0,0.1,,0.092,-0.092,,2026-07-03T11:22:24.341931+00:00,0.0,0.0,,,,
2026-07-03,Brazil,8.114,6.25,6.25,5.767,2.347,-28.9,2026-07-03T11:22:24.341931+00:00,12.2,10.238,6.2,6.3,6.2,6.3
2026-07-03,Canada,0.561,0.25,0.25,0.231,0.331,-58.9,2026-07-03T11:22:24.341931+00:00,0.612,0.603,0.2,0.3,0.2,0.3
2026-07-03,Cape Verde,0.005,0.05,0.15,0.092,-0.087,1745.4,2026-07-03T11:22:24.341931+00:00,0.015,0.009,,0.1,0.1,0.2
2026-07-03,Colombia,1.647,2.45,2.35,2.215,-0.568,34.5,2026-07-03T11:22:24.341931+00:00,5.274,3.033,2.2,2.3,2.3,2.4
2026-07-03,Croatia,0.0,0.1,0.35,0.208,-0.208,,2026-07-03T11:22:24.341931+00:00,0.0,0.0,,,0.3,0.4
2026-07-03,Curacao,0.0,0.05,,0.046,-0.046,,2026-07-03T11:22:24.341931+00:00,0.0,0.0,,,,
2026-07-03,Czechia,0.0,0.05,,0.046,-0.046,,2026-07-03T11:22:24.341931+00:00,0.0,0.0,,,,
2026-07-03,DR Congo,0.0,0.05,,0.046,-0.046,,2026-07-03T11:22:24.341931+00:00,0.0,0.0,,,,
2026-07-03,Ecuador,0.0,0.05,0.15,0.092,-0.092,,2026-07-03T11:22:24.341931+00:00,0.0,0.0,,,0.1,0.2
2026-07-03,Egypt,0.11,0.15,0.15,0.138,-0.029,26.2,2026-07-03T11:22:24.341931+00:00,0.266,0.176,0.1,0.2,0.1,0.2
2026-07-03,England,15.024,7.15,7.25,6.644,8.38,-55.8,2026-07-03T11:22:24.341931+00:00,9.951,12.582,7.2,7.3,7.2,7.3
2026-07-03,France,22.684,33.45,34.05,31.142,-8.458,37.3,2026-07-03T11:22:24.341931+00:00,13.062,17.713,33.4,33.5,34.0,34.1
2026-07-03,Germany,0.0,0.1,2.75,1.315,-1.315,,2026-07-03T11:22:24.341931+00:00,0.0,0.0,,,2.7,2.8
2026-07-03,Ghana,0.023,0.05,0.15,0.092,-0.069,301.2,2026-07-03T11:22:24.341931+00:00,0.049,0.035,,0.1,0.1,0.2
2026-07-03,Iran,0.0,0.05,,0.046,-0.046,,2026-07-03T11:22:24.341931+00:00,0.0,0.0,,,,
2026-07-03,Iraq,0.0,0.05,,0.046,-0.046,,2026-07-03T11:22:24.341931+00:00,0.0,0.0,,,,
2026-07-03,Ivory Coast,0.0,0.1,0.25,0.161,-0.161,,2026-07-03T11:22:24.341931+00:00,0.0,0.0,,,0.2,0.3
2026-07-03,Japan,0.0,0.05,1.05,0.507,-0.507,,2026-07-03T11:22:24.341931+00:00,0.0,0.0,,,1.0,1.1
2026-07-03,Mexico,0.39,3.15,5.05,3.783,-3.394,871.0,2026-07-03T11:22:24.341931+00:00,0.914,0.614,3.1,3.2,4.9,5.2
2026-07-03,Morocco,2.078,2.35,2.35,2.168,-0.091,4.4,2026-07-03T11:22:24.341931+00:00,3.616,2.82,2.3,2.4,2.3,2.4
2026-07-03,Netherlands,0.0,0.05,4.7,2.191,-2.191,,2026-07-03T11:22:24.341931+00:00,0.0,0.0,,,4.0,5.4
2026-07-03,New Zealand,0.0,0.05,,0.046,-0.046,,2026-07-03T11:22:24.341931+00:00,0.0,0.0,,,,
2026-07-03,Norway,1.874,1.85,1.75,1.661,0.213,-11.4,2026-07-03T11:22:24.341931+00:00,2.747,2.334,1.8,1.9,1.7,1.8
2026-07-03,Panama,0.0,0.05,,0.046,-0.046,,2026-07-03T11:22:24.341931+00:00,0.0,0.0,,,,
2026-07-03,Paraguay,0.306,0.15,0.15,0.138,0.168,-54.8,2026-07-03T11:22:24.341931+00:00,1.047,0.583,0.1,0.2,0.1,0.2
2026-07-03,Portugal,6.639,6.3,7.45,6.344,0.295,-4.4,2026-07-03T11:22:24.341931+00:00,8.142,7.565,6.0,6.1,7.4,7.5
2026-07-03,Qatar,0.0,0.05,,0.046,-0.046,,2026-07-03T11:22:24.341931+00:00,0.0,0.0,,,,
2026-07-03,Saudi Arabia,0.0,0.05,,0.046,-0.046,,2026-07-03T11:22:24.341931+00:00,0.0,0.0,,,,
2026-07-03,Scotland,0.0,0.05,0.15,0.092,-0.092,,2026-07-03T11:22:24.341931+00:00,0.0,0.0,,,0.1,0.2
2026-07-03,Senegal,0.0,0.05,0.45,0.231,-0.231,,2026-07-03T11:22:24.341931+00:00,0.0,0.0,,,0.4,0.5
2026-07-03,South Africa,0.0,0.05,,0.046,-0.046,,2026-07-03T11:22:24.341931+00:00,0.0,0.0,,,,
2026-07-03,South Korea,0.0,0.05,0.15,0.092,-0.092,,2026-07-03T11:22:24.341931+00:00,0.0,0.0,,,0.1,0.2
2026-07-03,Spain,18.736,12.55,11.95,11.303,7.432,-39.7,2026-07-03T11:22:24.341931+00:00,17.238,18.493,12.3,12.4,11.9,12.0
2026-07-03,Sweden,0.0,0.05,0.25,0.138,-0.138,,2026-07-03T11:22:24.341931+00:00,0.0,0.0,,,0.2,0.3
2026-07-03,Switzerland,2.382,0.85,0.75,0.738,1.644,-69.0,2026-07-03T11:22:24.341931+00:00,3.218,2.849,0.8,0.9,0.7,0.8
2026-07-03,United States,0.714,2.55,3.65,2.86,-2.146,300.6,2026-07-03T11:22:24.341931+00:00,0.533,0.635,2.5,2.6,3.6,3.7
2026-07-03,Uruguay,0.0,0.05,0.15,0.092,-0.092,,2026-07-03T11:22:24.341931+00:00,0.0,0.0,,,0.1,0.2
2026-07-03,Uzbekistan,0.0,0.05,,0.046,-0.046,,2026-07-03T11:22:24.341931+00:00,0.0,0.0,,,,
2026-07-04,Algeria,0.0,0.05,0.15,0.092,-0.092,,2026-07-04T10:49:02.736867+00:00,0.0,0.0,,,0.1,0.2
2026-07-04,Argentina,16.749,17.15,16.9,15.67,1.08,-6.4,2026-07-04T10:49:02.736867+00:00,14.787,16.182,17.1,17.2,16.5,17.3
2026-07-04,Australia,0.0,0.05,0.15,0.092,-0.092,,2026-07-04T10:49:02.736867+00:00,0.0,0.0,,,0.1,0.2
2026-07-04,Austria,0.0,0.05,0.15,0.092,-0.092,,2026-07-04T10:49:02.736867+00:00,0.0,0.0,,,0.1,0.2
2026-07-04,Belgium,2.497,1.15,1.15,1.058,1.438,-57.6,2026-07-04T10:49:02.736867+00:00,7.127,4.337,1.1,1.2,1.1,1.2
2026-07-04,Bosnia and Herzegovina,0.0,0.1,,0.092,-0.092,,2026-07-04T10:49:02.736867+00:00,0.0,0.0,,,,
2026-07-04,Brazil,7.957,6.05,6.55,5.798,2.159,-27.1,2026-07-04T10:49:02.736867+00:00,11.846,9.983,6.0,6.1,6.5,6.6
2026-07-04,Canada,0.564,0.25,0.15,0.184,0.38,-67.3,2026-07-04T10:49:02.736867+00:00,0.583,0.59,0.2,0.3,0.1,0.2
2026-07-04,Cape Verde,0.0,0.1,0.55,0.299,-0.299,,2026-07-04T10:49:02.736867+00:00,0.0,0.0,,,0.4,0.7
2026-07-04,Colombia,2.086,3.05,3.05,2.807,-0.721,34.5,2026-07-04T10:49:02.736867+00:00,6.286,3.724,3.0,3.1,3.0,3.1
2026-07-04,Croatia,0.0,0.1,0.35,0.207,-0.207,,2026-07-04T10:49:02.736867+00:00,0.0,0.0,,,0.3,0.4
2026-07-04,Curacao,0.0,0.05,,0.046,-0.046,,2026-07-04T10:49:02.736867+00:00,0.0,0.0,,,,
2026-07-04,Czechia,0.0,0.05,,0.046,-0.046,,2026-07-04T10:49:02.736867+00:00,0.0,0.0,,,,
2026-07-04,DR Congo,0.0,0.05,,0.046,-0.046,,2026-07-04T10:49:02.736867+00:00,0.0,0.0,,,,
2026-07-04,Ecuador,0.0,0.05,0.15,0.092,-0.092,,2026-07-04T10:49:02.736867+00:00,0.0,0.0,,,0.1,0.2
2026-07-04,Egypt,0.155,0.25,0.25,0.23,-0.075,48.4,2026-07-04T10:49:02.736867+00:00,0.426,0.264,0.2,0.3,0.2,0.3
2026-07-04,England,14.768,7.65,7.05,6.765,8.003,-54.2,2026-07-04T10:49:02.736867+00:00,9.637,12.266,7.6,7.7,7.0,7.1
2026-07-04,France,22.589,35.45,35.35,32.582,-9.993,44.2,2026-07-04T10:49:02.736867+00:00,12.888,17.545,35.4,35.5,35.0,35.7
2026-07-04,Germany,0.0,0.1,2.75,1.312,-1.312,,2026-07-04T10:49:02.736867+00:00,0.0,0.0,,,2.7,2.8
2026-07-04,Ghana,0.0,0.05,0.15,0.092,-0.092,,2026-07-04T10:49:02.736867+00:00,0.0,0.0,,,0.1,0.2
2026-07-04,Iran,0.0,0.05,,0.046,-0.046,,2026-07-04T10:49:02.736867+00:00,0.0,0.0,,,,
2026-07-04,Iraq,0.0,0.05,,0.046,-0.046,,2026-07-04T10:49:02.736867+00:00,0.0,0.0,,,,
2026-07-04,Ivory Coast,0.0,0.1,0.25,0.161,-0.161,,2026-07-04T10:49:02.736867+00:00,0.0,0.0,,,0.2,0.3
2026-07-04,Japan,0.0,0.05,1.05,0.506,-0.506,,2026-07-04T10:49:02.736867+00:00,0.0,0.0,,,1.0,1.1
2026-07-04,Mexico,0.374,3.35,5.3,3.981,-3.606,963.8,2026-07-04T10:49:02.736867+00:00,0.859,0.583,3.3,3.4,5.1,5.5
2026-07-04,Morocco,2.036,2.55,2.25,2.209,-0.173,8.5,2026-07-04T10:49:02.736867+00:00,3.543,2.762,2.5,2.6,2.2,2.3
2026-07-04,Netherlands,0.0,0.05,4.7,2.186,-2.186,,2026-07-04T10:49:02.736867+00:00,0.0,0.0,,,4.0,5.4
2026-07-04,New Zealand,0.0,0.05,,0.046,-0.046,,2026-07-04T10:49:02.736867+00:00,0.0,0.0,,,,
2026-07-04,Norway,1.832,1.65,1.75,1.565,0.268,-14.6,2026-07-04T10:49:02.736867+00:00,2.643,2.263,1.6,1.7,1.7,1.8
2026-07-04,Panama,0.0,0.05,,0.046,-0.046,,2026-07-04T10:49:02.736867+00:00,0.0,0.0,,,,
2026-07-04,Paraguay,0.296,0.15,0.15,0.138,0.157,-53.3,2026-07-04T10:49:02.736867+00:00,1.03,0.567,0.1,0.2,0.1,0.2
2026-07-04,Portugal,6.669,6.25,6.55,5.89,0.779,-11.7,2026-07-04T10:49:02.736867+00:00,8.1,7.558,6.2,6.3,6.3,6.8
2026-07-04,Qatar,0.0,0.05,,0.046,-0.046,,2026-07-04T10:49:02.736867+00:00,0.0,0.0,,,,
2026-07-04,Saudi Arabia,0.0,0.05,,0.046,-0.046,,2026-07-04T10:49:02.736867+00:00,0.0,0.0,,,,
2026-07-04,Scotland,0.0,0.05,0.15,0.092,-0.092,,2026-07-04T10:49:02.736867+00:00,0.0,0.0,,,0.1,0.2
2026-07-04,Senegal,0.0,0.05,0.45,0.23,-0.23,,2026-07-04T10:49:02.736867+00:00,0.0,0.0,,,0.4,0.5
2026-07-04,South Africa,0.0,0.05,,0.046,-0.046,,2026-07-04T10:49:02.736867+00:00,0.0,0.0,,,,
2026-07-04,South Korea,0.0,0.05,0.15,0.092,-0.092,,2026-07-04T10:49:02.736867+00:00,0.0,0.0,,,0.1,0.2
2026-07-04,Spain,18.723,12.25,12.15,11.229,7.495,-40.0,2026-07-04T10:49:02.736867+00:00,17.107,18.403,12.2,12.3,12.1,12.2
2026-07-04,Sweden,0.0,0.05,0.25,0.138,-0.138,,2026-07-04T10:49:02.736867+00:00,0.0,0.0,,,0.2,0.3
2026-07-04,Switzerland,1.958,0.85,0.85,0.782,1.176,-60.0,2026-07-04T10:49:02.736867+00:00,2.58,2.311,0.8,0.9,0.8,0.9
2026-07-04,United States,0.746,2.45,3.5,2.738,-1.992,267.0,2026-07-04T10:49:02.736867+00:00,0.557,0.663,2.4,2.5,3.4,3.6
2026-07-04,Uruguay,0.0,0.05,0.15,0.092,-0.092,,2026-07-04T10:49:02.736867+00:00,0.0,0.0,,,0.1,0.2
2026-07-04,Uzbekistan,0.0,0.05,,0.046,-0.046,,2026-07-04T10:49:02.736867+00:00,0.0,0.0,,,,
2026-07-05,Algeria,0.0,0.05,0.15,0.091,-0.091,,2026-07-05T10:53:24.038758+00:00,0.0,0.0,,,0.1,0.2
2026-07-05,Argentina,16.43,16.95,17.05,15.522,0.909,-5.5,2026-07-05T10:53:24.038758+00:00,14.604,15.87,16.9,17.0,17.0,17.1
2026-07-05,Australia,0.0,0.05,0.15,0.091,-0.091,,2026-07-05T10:53:24.038758+00:00,0.0,0.0,,,0.1,0.2
2026-07-05,Austria,0.0,0.05,0.15,0.091,-0.091,,2026-07-05T10:53:24.038758+00:00,0.0,0.0,,,0.1,0.2
2026-07-05,Belgium,2.248,1.35,1.05,1.096,1.152,-51.3,2026-07-05T10:53:24.038758+00:00,6.509,3.919,1.3,1.4,1.0,1.1
2026-07-05,Bosnia and Herzegovina,0.0,0.1,,0.091,-0.091,,2026-07-05T10:53:24.038758+00:00,0.0,0.0,,,,
2026-07-05,Brazil,7.827,7.75,6.85,6.665,1.162,-14.8,2026-07-05T10:53:24.038758+00:00,11.638,9.778,7.5,8.0,6.8,6.9
2026-07-05,Canada,0.0,0.05,0.15,0.091,-0.091,,2026-07-05T10:53:24.038758+00:00,0.0,0.0,,,0.1,0.2
2026-07-05,Cape Verde,0.0,0.1,0.55,0.297,-0.297,,2026-07-05T10:53:24.038758+00:00,0.0,0.0,,,0.4,0.7
2026-07-05,Colombia,2.019,3.15,3.15,2.876,-0.857,42.5,2026-07-05T10:53:24.038758+00:00,6.163,3.614,3.1,3.2,3.1,3.2
2026-07-05,Croatia,0.0,0.1,0.35,0.205,-0.205,,2026-07-05T10:53:24.038758+00:00,0.0,0.0,,,0.3,0.4
2026-07-05,Curacao,0.0,0.05,,0.046,-0.046,,2026-07-05T10:53:24.038758+00:00,0.0,0.0,,,,
2026-07-05,Czechia,0.0,0.05,,0.046,-0.046,,2026-07-05T10:53:24.038758+00:00,0.0,0.0,,,,
2026-07-05,DR Congo,0.0,0.05,,0.046,-0.046,,2026-07-05T10:53:24.038758+00:00,0.0,0.0,,,,
2026-07-05,Ecuador,0.0,0.05,0.15,0.091,-0.091,,2026-07-05T10:53:24.038758+00:00,0.0,0.0,,,0.1,0.2
2026-07-05,Egypt,0.148,0.15,0.25,0.183,-0.035,23.7,2026-07-05T10:53:24.038758+00:00,0.421,0.255,0.1,0.2,0.2,0.3
2026-07-05,England,14.497,6.85,6.55,6.117,8.379,-57.8,2026-07-05T10:53:24.038758+00:00,9.461,11.999,6.8,6.9,6.5,6.6
2026-07-05,France,25.491,35.65,35.55,32.504,-7.013,27.5,2026-07-05T10:53:24.038758+00:00,16.611,21.082,35.6,35.7,35.5,35.6
2026-07-05,Germany,0.0,0.1,2.75,1.301,-1.301,,2026-07-05T10:53:24.038758+00:00,0.0,0.0,,,2.7,2.8
2026-07-05,Ghana,0.0,0.05,0.15,0.091,-0.091,,2026-07-05T10:53:24.038758+00:00,0.0,0.0,,,0.1,0.2
2026-07-05,Iran,0.0,0.05,,0.046,-0.046,,2026-07-05T10:53:24.038758+00:00,0.0,0.0,,,,
2026-07-05,Iraq,0.0,0.05,,0.046,-0.046,,2026-07-05T10:53:24.038758+00:00,0.0,0.0,,,,
2026-07-05,Ivory Coast,0.0,0.1,0.25,0.16,-0.16,,2026-07-05T10:53:24.038758+00:00,0.0,0.0,,,0.2,0.3
2026-07-05,Japan,0.0,0.05,1.05,0.502,-0.502,,2026-07-05T10:53:24.038758+00:00,0.0,0.0,,,1.0,1.1
2026-07-05,Mexico,0.368,3.35,4.95,3.789,-3.421,930.2,2026-07-05T10:53:24.038758+00:00,0.854,0.574,3.3,3.4,4.9,5.0
2026-07-05,Morocco,2.819,2.85,2.75,2.556,0.263,-9.3,2026-07-05T10:53:24.038758+00:00,4.72,3.737,2.8,2.9,2.7,2.8
2026-07-05,Netherlands,0.0,0.05,4.7,2.168,-2.168,,2026-07-05T10:53:24.038758+00:00,0.0,0.0,,,4.0,5.4
2026-07-05,New Zealand,0.0,0.05,,0.046,-0.046,,2026-07-05T10:53:24.038758+00:00,0.0,0.0,,,,
2026-07-05,Norway,1.795,1.65,1.65,1.507,0.288,-16.1,2026-07-05T10:53:24.038758+00:00,2.564,2.198,1.6,1.7,1.6,1.7
2026-07-05,Panama,0.0,0.05,,0.046,-0.046,,2026-07-05T10:53:24.038758+00:00,0.0,0.0,,,,
2026-07-05,Paraguay,0.0,0.05,0.4,0.205,-0.205,,2026-07-05T10:53:24.038758+00:00,0.0,0.0,,,0.3,0.5
2026-07-05,Portugal,6.189,6.2,6.15,5.638,0.551,-8.9,2026-07-05T10:53:24.038758+00:00,7.508,6.984,6.1,6.3,6.1,6.2
2026-07-05,Qatar,0.0,0.05,,0.046,-0.046,,2026-07-05T10:53:24.038758+00:00,0.0,0.0,,,,
2026-07-05,Saudi Arabia,0.0,0.05,,0.046,-0.046,,2026-07-05T10:53:24.038758+00:00,0.0,0.0,,,,
2026-07-05,Scotland,0.0,0.05,0.15,0.091,-0.091,,2026-07-05T10:53:24.038758+00:00,0.0,0.0,,,0.1,0.2
2026-07-05,Senegal,0.0,0.05,0.45,0.228,-0.228,,2026-07-05T10:53:24.038758+00:00,0.0,0.0,,,0.4,0.5
2026-07-05,South Africa,0.0,0.05,,0.046,-0.046,,2026-07-05T10:53:24.038758+00:00,0.0,0.0,,,,
2026-07-05,South Korea,0.0,0.05,0.15,0.091,-0.091,,2026-07-05T10:53:24.038758+00:00,0.0,0.0,,,0.1,0.2
2026-07-05,Spain,17.616,12.55,12.65,11.504,6.112,-34.7,2026-07-05T10:53:24.038758+00:00,15.964,17.181,12.5,12.6,12.6,12.7
2026-07-05,Sweden,0.0,0.05,0.25,0.137,-0.137,,2026-07-05T10:53:24.038758+00:00,0.0,0.0,,,0.2,0.3
2026-07-05,Switzerland,1.901,0.85,0.65,0.685,1.217,-64.0,2026-07-05T10:53:24.038758+00:00,2.508,2.238,0.8,0.9,0.6,0.7
2026-07-05,United States,0.652,2.55,3.45,2.739,-2.087,319.8,2026-07-05T10:53:24.038758+00:00,0.475,0.57,2.5,2.6,3.4,3.5
2026-07-05,Uruguay,0.0,0.05,0.15,0.091,-0.091,,2026-07-05T10:53:24.038758+00:00,0.0,0.0,,,0.1,0.2
2026-07-05,Uzbekistan,0.0,0.05,,0.046,-0.046,,2026-07-05T10:53:24.038758+00:00,0.0,0.0,,,,
2026-07-06,Algeria,0.0,0.05,0.15,0.093,-0.093,,2026-07-06T12:39:56.309407+00:00,0.0,0.0,,,0.1,0.2
2026-07-06,Argentina,16.38,16.65,17.6,15.864,0.516,-3.2,2026-07-06T12:39:56.309407+00:00,15.179,16.124,16.6,16.7,17.4,17.8
2026-07-06,Australia,0.0,0.05,0.15,0.093,-0.093,,2026-07-06T12:39:56.309407+00:00,0.0,0.0,,,0.1,0.2
2026-07-06,Austria,0.0,0.05,0.15,0.093,-0.093,,2026-07-06T12:39:56.309407+00:00,0.0,0.0,,,0.1,0.2
2026-07-06,Belgium,2.238,1.35,1.15,1.158,1.08,-48.3,2026-07-06T12:39:56.309407+00:00,6.713,3.963,1.3,1.4,1.1,1.2
2026-07-06,Bosnia and Herzegovina,0.0,0.1,,0.093,-0.093,,2026-07-06T12:39:56.309407+00:00,0.0,0.0,,,,
2026-07-06,Brazil,0.0,0.05,2.15,1.019,-1.019,,2026-07-06T12:39:56.309407+00:00,0.0,0.0,,,1.5,2.8
2026-07-06,Canada,0.0,0.05,0.15,0.093,-0.093,,2026-07-06T12:39:56.309407+00:00,0.0,0.0,,,0.1,0.2
2026-07-06,Cape Verde,0.0,0.1,0.55,0.301,-0.301,,2026-07-06T12:39:56.309407+00:00,0.0,0.0,,,0.4,0.7
2026-07-06,Colombia,2.014,3.05,3.25,2.918,-0.904,44.9,2026-07-06T12:39:56.309407+00:00,6.423,3.678,3.0,3.1,3.2,3.3
2026-07-06,Croatia,0.0,0.1,0.35,0.208,-0.208,,2026-07-06T12:39:56.309407+00:00,0.0,0.0,,,0.3,0.4
2026-07-06,Curacao,0.0,0.05,,0.046,-0.046,,2026-07-06T12:39:56.309407+00:00,0.0,0.0,,,,
2026-07-06,Czechia,0.0,0.05,,0.046,-0.046,,2026-07-06T12:39:56.309407+00:00,0.0,0.0,,,,
2026-07-06,DR Congo,0.0,0.05,,0.046,-0.046,,2026-07-06T12:39:56.309407+00:00,0.0,0.0,,,,
2026-07-06,Ecuador,0.0,0.05,0.15,0.093,-0.093,,2026-07-06T12:39:56.309407+00:00,0.0,0.0,,,0.1,0.2
2026-07-06,Egypt,0.15,0.25,0.35,0.278,-0.128,85.5,2026-07-06T12:39:56.309407+00:00,0.446,0.264,0.2,0.3,0.3,0.4
2026-07-06,England,20.686,13.95,13.65,12.784,7.902,-38.2,2026-07-06T12:39:56.309407+00:00,15.88,18.534,13.9,14.0,13.4,13.9
2026-07-06,France,25.419,32.55,33.95,30.801,-5.382,21.2,2026-07-06T12:39:56.309407+00:00,17.015,21.267,32.5,32.6,33.9,34.0
2026-07-06,Germany,0.0,0.1,2.75,1.32,-1.32,,2026-07-06T12:39:56.309407+00:00,0.0,0.0,,,2.7,2.8
2026-07-06,Ghana,0.0,0.05,0.15,0.093,-0.093,,2026-07-06T12:39:56.309407+00:00,0.0,0.0,,,0.1,0.2
2026-07-06,Iran,0.0,0.05,,0.046,-0.046,,2026-07-06T12:39:56.309407+00:00,0.0,0.0,,,,
2026-07-06,Iraq,0.0,0.05,,0.046,-0.046,,2026-07-06T12:39:56.309407+00:00,0.0,0.0,,,,
2026-07-06,Ivory Coast,0.0,0.1,0.25,0.162,-0.162,,2026-07-06T12:39:56.309407+00:00,0.0,0.0,,,0.2,0.3
2026-07-06,Japan,0.0,0.05,1.05,0.509,-0.509,,2026-07-06T12:39:56.309407+00:00,0.0,0.0,,,1.0,1.1
2026-07-06,Mexico,0.0,0.05,0.85,0.417,-0.417,,2026-07-06T12:39:56.309407+00:00,0.0,0.0,,,0.8,0.9
2026-07-06,Morocco,2.793,2.65,2.85,2.547,0.245,-8.8,2026-07-06T12:39:56.309407+00:00,4.871,3.772,2.6,2.7,2.8,2.9
2026-07-06,Netherlands,0.0,0.05,4.7,2.2,-2.2,,2026-07-06T12:39:56.309407+00:00,0.0,0.0,,,4.0,5.4
2026-07-06,New Zealand,0.0,0.05,,0.046,-0.046,,2026-07-06T12:39:56.309407+00:00,0.0,0.0,,,,
2026-07-06,Norway,4.069,4.65,5.05,4.493,-0.423,10.4,2026-07-06T12:39:56.309407+00:00,6.29,5.174,4.6,4.7,5.0,5.1
2026-07-06,Panama,0.0,0.05,,0.046,-0.046,,2026-07-06T12:39:56.309407+00:00,0.0,0.0,,,,
2026-07-06,Paraguay,0.0,0.05,0.4,0.208,-0.208,,2026-07-06T12:39:56.309407+00:00,0.0,0.0,,,0.3,0.5
2026-07-06,Portugal,6.1,5.7,6.05,5.442,0.657,-10.8,2026-07-06T12:39:56.309407+00:00,7.638,6.98,5.6,5.8,5.7,6.4
2026-07-06,Qatar,0.0,0.05,,0.046,-0.046,,2026-07-06T12:39:56.309407+00:00,0.0,0.0,,,,
2026-07-06,Saudi Arabia,0.0,0.05,,0.046,-0.046,,2026-07-06T12:39:56.309407+00:00,0.0,0.0,,,,
2026-07-06,Scotland,0.0,0.05,0.15,0.093,-0.093,,2026-07-06T12:39:56.309407+00:00,0.0,0.0,,,0.1,0.2
2026-07-06,Senegal,0.0,0.05,0.45,0.232,-0.232,,2026-07-06T12:39:56.309407+00:00,0.0,0.0,,,0.4,0.5
2026-07-06,South Africa,0.0,0.05,,0.046,-0.046,,2026-07-06T12:39:56.309407+00:00,0.0,0.0,,,,
2026-07-06,South Korea,0.0,0.05,0.15,0.093,-0.093,,2026-07-06T12:39:56.309407+00:00,0.0,0.0,,,0.1,0.2
2026-07-06,Spain,17.638,12.65,12.45,11.626,6.012,-34.1,2026-07-06T12:39:56.309407+00:00,16.395,17.389,12.7,12.8,12.4,12.5
2026-07-06,Sweden,0.0,0.05,0.25,0.139,-0.139,,2026-07-06T12:39:56.309407+00:00,0.0,0.0,,,0.2,0.3
2026-07-06,Switzerland,1.869,0.95,0.75,0.787,1.082,-57.9,2026-07-06T12:39:56.309407+00:00,2.659,2.28,0.9,1.0,0.7,0.8
2026-07-06,United States,0.645,2.95,3.85,3.15,-2.504,388.2,2026-07-06T12:39:56.309407+00:00,0.49,0.575,2.9,3.0,3.8,3.9
2026-07-06,Uruguay,0.0,0.05,0.15,0.093,-0.093,,2026-07-06T12:39:56.309407+00:00,0.0,0.0,,,0.1,0.2
2026-07-06,Uzbekistan,0.0,0.05,,0.046,-0.046,,2026-07-06T12:39:56.309407+00:00,0.0,0.0,,,,
2026-07-07,Algeria,0.0,0.05,0.15,0.092,-0.092,,2026-07-07T11:40:44.899015+00:00,0.0,0.0,,,0.1,0.2
2026-07-07,Argentina,15.725,18.45,18.05,16.705,-0.98,6.2,2026-07-07T11:40:44.899015+00:00,14.684,15.531,18.4,18.5,17.8,18.3
2026-07-07,Australia,0.0,0.05,0.15,0.092,-0.092,,2026-07-07T11:40:44.899015+00:00,0.0,0.0,,,0.1,0.2
2026-07-07,Austria,0.0,0.05,0.15,0.092,-0.092,,2026-07-07T11:40:44.899015+00:00,0.0,0.0,,,0.1,0.2
2026-07-07,Belgium,3.216,2.25,2.45,2.151,1.065,-33.1,2026-07-07T11:40:44.899015+00:00,8.579,5.368,2.2,2.3,2.4,2.5
2026-07-07,Bosnia and Herzegovina,0.0,0.1,,0.092,-0.092,,2026-07-07T11:40:44.899015+00:00,0.0,0.0,,,,
2026-07-07,Brazil,0.0,0.05,2.15,1.007,-1.007,,2026-07-07T11:40:44.899015+00:00,0.0,0.0,,,1.5,2.8
2026-07-07,Canada,0.0,0.05,0.15,0.092,-0.092,,2026-07-07T11:40:44.899015+00:00,0.0,0.0,,,0.1,0.2
2026-07-07,Cape Verde,0.0,0.1,0.55,0.297,-0.297,,2026-07-07T11:40:44.899015+00:00,0.0,0.0,,,0.4,0.7
2026-07-07,Colombia,1.871,3.35,3.35,3.066,-1.195,63.9,2026-07-07T11:40:44.899015+00:00,6.164,3.471,3.3,3.4,3.3,3.4
2026-07-07,Croatia,0.0,0.1,0.35,0.206,-0.206,,2026-07-07T11:40:44.899015+00:00,0.0,0.0,,,0.3,0.4
2026-07-07,Curacao,0.0,0.05,,0.046,-0.046,,2026-07-07T11:40:44.899015+00:00,0.0,0.0,,,,
2026-07-07,Czechia,0.0,0.05,,0.046,-0.046,,2026-07-07T11:40:44.899015+00:00,0.0,0.0,,,,
2026-07-07,DR Congo,0.0,0.05,,0.046,-0.046,,2026-07-07T11:40:44.899015+00:00,0.0,0.0,,,,
2026-07-07,Ecuador,0.0,0.05,0.15,0.092,-0.092,,2026-07-07T11:40:44.899015+00:00,0.0,0.0,,,0.1,0.2
2026-07-07,Egypt,0.142,0.25,0.45,0.32,-0.179,126.1,2026-07-07T11:40:44.899015+00:00,0.422,0.25,0.2,0.3,0.4,0.5
2026-07-07,England,19.97,14.45,14.45,13.227,6.744,-33.8,2026-07-07T11:40:44.899015+00:00,15.345,17.892,14.4,14.5,14.4,14.5
2026-07-07,France,23.584,33.05,33.85,30.618,-7.034,29.8,2026-07-07T11:40:44.899015+00:00,15.894,19.788,33.0,33.1,33.4,34.3
2026-07-07,Germany,0.0,0.1,2.75,1.304,-1.304,,2026-07-07T11:40:44.899015+00:00,0.0,0.0,,,2.7,2.8
2026-07-07,Ghana,0.0,0.05,0.15,0.092,-0.092,,2026-07-07T11:40:44.899015+00:00,0.0,0.0,,,0.1,0.2
2026-07-07,Iran,0.0,0.05,,0.046,-0.046,,2026-07-07T11:40:44.899015+00:00,0.0,0.0,,,,
2026-07-07,Iraq,0.0,0.05,,0.046,-0.046,,2026-07-07T11:40:44.899015+00:00,0.0,0.0,,,,
2026-07-07,Ivory Coast,0.0,0.1,0.25,0.16,-0.16,,2026-07-07T11:40:44.899015+00:00,0.0,0.0,,,0.2,0.3
2026-07-07,Japan,0.0,0.05,1.05,0.503,-0.503,,2026-07-07T11:40:44.899015+00:00,0.0,0.0,,,1.0,1.1
2026-07-07,Mexico,0.0,0.05,0.85,0.412,-0.412,,2026-07-07T11:40:44.899015+00:00,0.0,0.0,,,0.8,0.9
2026-07-07,Morocco,2.476,2.75,2.9,2.586,-0.11,4.4,2026-07-07T11:40:44.899015+00:00,4.485,3.406,2.7,2.8,2.8,3.0
2026-07-07,Netherlands,0.0,0.05,4.7,2.174,-2.174,,2026-07-07T11:40:44.899015+00:00,0.0,0.0,,,4.0,5.4
2026-07-07,New Zealand,0.0,0.05,,0.046,-0.046,,2026-07-07T11:40:44.899015+00:00,0.0,0.0,,,,
2026-07-07,Norway,3.843,5.8,5.95,5.378,-1.534,39.9,2026-07-07T11:40:44.899015+00:00,6.037,4.923,5.7,5.9,5.8,6.1
2026-07-07,Panama,0.0,0.05,,0.046,-0.046,,2026-07-07T11:40:44.899015+00:00,0.0,0.0,,,,
2026-07-07,Paraguay,0.0,0.05,0.4,0.206,-0.206,,2026-07-07T11:40:44.899015+00:00,0.0,0.0,,,0.3,0.5
2026-07-07,Portugal,0.0,0.05,0.3,0.16,-0.16,,2026-07-07T11:40:44.899015+00:00,0.0,0.0,,,0.2,0.4
2026-07-07,Qatar,0.0,0.05,,0.046,-0.046,,2026-07-07T11:40:44.899015+00:00,0.0,0.0,,,,
2026-07-07,Saudi Arabia,0.0,0.05,,0.046,-0.046,,2026-07-07T11:40:44.899015+00:00,0.0,0.0,,,,
2026-07-07,Scotland,0.0,0.05,0.15,0.092,-0.092,,2026-07-07T11:40:44.899015+00:00,0.0,0.0,,,0.1,0.2
2026-07-07,Senegal,0.0,0.05,0.45,0.229,-0.229,,2026-07-07T11:40:44.899015+00:00,0.0,0.0,,,0.4,0.5
2026-07-07,South Africa,0.0,0.05,,0.046,-0.046,,2026-07-07T11:40:44.899015+00:00,0.0,0.0,,,,
2026-07-07,South Korea,0.0,0.05,0.15,0.092,-0.092,,2026-07-07T11:40:44.899015+00:00,0.0,0.0,,,0.1,0.2
2026-07-07,Spain,27.398,18.05,18.35,16.659,10.739,-39.2,2026-07-07T11:40:44.899015+00:00,25.848,27.199,18.0,18.1,18.3,18.4
2026-07-07,Sweden,0.0,0.05,0.25,0.137,-0.137,,2026-07-07T11:40:44.899015+00:00,0.0,0.0,,,0.2,0.3
2026-07-07,Switzerland,1.775,0.95,0.85,0.824,0.951,-53.6,2026-07-07T11:40:44.899015+00:00,2.543,2.172,0.9,1.0,0.8,0.9
2026-07-07,United States,0.0,0.1,0.45,0.252,-0.252,,2026-07-07T11:40:44.899015+00:00,0.0,0.0,,,0.4,0.5
2026-07-07,Uruguay,0.0,0.05,0.15,0.092,-0.092,,2026-07-07T11:40:44.899015+00:00,0.0,0.0,,,0.1,0.2
2026-07-07,Uzbekistan,0.0,0.05,,0.046,-0.046,,2026-07-07T11:40:44.899015+00:00,0.0,0.0,,,,
2026-07-08,Algeria,0.0,0.05,0.15,0.091,-0.091,,2026-07-08T10:51:16.960183+00:00,0.0,0.0,,,0.1,0.2
2026-07-08,Argentina,18.568,18.65,18.55,16.836,1.732,-9.3,2026-07-08T10:51:16.960183+00:00,19.928,19.548,18.6,18.7,18.4,18.7
2026-07-08,Australia,0.0,0.05,0.15,0.091,-0.091,,2026-07-08T10:51:16.960183+00:00,0.0,0.0,,,0.1,0.2
2026-07-08,Austria,0.0,0.05,0.15,0.091,-0.091,,2026-07-08T10:51:16.960183+00:00,0.0,0.0,,,0.1,0.2
2026-07-08,Belgium,3.119,2.45,2.55,2.263,0.857,-27.5,2026-07-08T10:51:16.960183+00:00,8.486,5.229,2.4,2.5,2.5,2.6
2026-07-08,Bosnia and Herzegovina,0.0,0.1,,0.091,-0.091,,2026-07-08T10:51:16.960183+00:00,0.0,0.0,,,,
2026-07-08,Brazil,0.0,0.05,2.15,0.996,-0.996,,2026-07-08T10:51:16.960183+00:00,0.0,0.0,,,1.5,2.8
2026-07-08,Canada,0.0,0.05,0.15,0.091,-0.091,,2026-07-08T10:51:16.960183+00:00,0.0,0.0,,,0.1,0.2
2026-07-08,Cape Verde,0.0,0.1,0.55,0.294,-0.294,,2026-07-08T10:51:16.960183+00:00,0.0,0.0,,,0.4,0.7
2026-07-08,Colombia,0.0,0.1,2.65,1.245,-1.245,,2026-07-08T10:51:16.960183+00:00,0.0,0.0,,,2.6,2.7
2026-07-08,Croatia,0.0,0.1,0.35,0.204,-0.204,,2026-07-08T10:51:16.960183+00:00,0.0,0.0,,,0.3,0.4
2026-07-08,Curacao,0.0,0.05,,0.045,-0.045,,2026-07-08T10:51:16.960183+00:00,0.0,0.0,,,,
2026-07-08,Czechia,0.0,0.05,,0.045,-0.045,,2026-07-08T10:51:16.960183+00:00,0.0,0.0,,,,
2026-07-08,DR Congo,0.0,0.05,,0.045,-0.045,,2026-07-08T10:51:16.960183+00:00,0.0,0.0,,,,
2026-07-08,Ecuador,0.0,0.05,0.15,0.091,-0.091,,2026-07-08T10:51:16.960183+00:00,0.0,0.0,,,0.1,0.2
2026-07-08,Egypt,0.0,0.05,0.15,0.091,-0.091,,2026-07-08T10:51:16.960183+00:00,0.0,0.0,,,0.1,0.2
2026-07-08,England,18.987,15.65,15.45,14.076,4.912,-25.9,2026-07-08T10:51:16.960183+00:00,14.918,17.103,15.6,15.7,15.3,15.6
2026-07-08,France,23.302,32.65,33.75,30.052,-6.75,29.0,2026-07-08T10:51:16.960183+00:00,15.759,19.474,32.6,32.7,33.7,33.8
2026-07-08,Germany,0.0,0.1,2.75,1.29,-1.29,,2026-07-08T10:51:16.960183+00:00,0.0,0.0,,,2.7,2.8
2026-07-08,Ghana,0.0,0.05,0.15,0.091,-0.091,,2026-07-08T10:51:16.960183+00:00,0.0,0.0,,,0.1,0.2
2026-07-08,Iran,0.0,0.05,,0.045,-0.045,,2026-07-08T10:51:16.960183+00:00,0.0,0.0,,,,
2026-07-08,Iraq,0.0,0.05,,0.045,-0.045,,2026-07-08T10:51:16.960183+00:00,0.0,0.0,,,,
2026-07-08,Ivory Coast,0.0,0.1,0.25,0.158,-0.158,,2026-07-08T10:51:16.960183+00:00,0.0,0.0,,,0.2,0.3
2026-07-08,Japan,0.0,0.05,1.05,0.498,-0.498,,2026-07-08T10:51:16.960183+00:00,0.0,0.0,,,1.0,1.1
2026-07-08,Mexico,0.0,0.05,0.85,0.407,-0.407,,2026-07-08T10:51:16.960183+00:00,0.0,0.0,,,0.8,0.9
2026-07-08,Morocco,2.399,2.95,3.15,2.761,-0.362,15.1,2026-07-08T10:51:16.960183+00:00,4.376,3.292,2.9,3.0,3.1,3.2
2026-07-08,Netherlands,0.0,0.05,4.7,2.15,-2.15,,2026-07-08T10:51:16.960183+00:00,0.0,0.0,,,4.0,5.4
2026-07-08,New Zealand,0.0,0.05,,0.045,-0.045,,2026-07-08T10:51:16.960183+00:00,0.0,0.0,,,,
2026-07-08,Norway,3.55,5.95,6.2,5.499,-1.949,54.9,2026-07-08T10:51:16.960183+00:00,5.842,4.628,5.9,6.0,6.1,6.3
2026-07-08,Panama,0.0,0.05,,0.045,-0.045,,2026-07-08T10:51:16.960183+00:00,0.0,0.0,,,,
2026-07-08,Paraguay,0.0,0.05,0.4,0.204,-0.204,,2026-07-08T10:51:16.960183+00:00,0.0,0.0,,,0.3,0.5
2026-07-08,Portugal,0.0,0.05,0.3,0.158,-0.158,,2026-07-08T10:51:16.960183+00:00,0.0,0.0,,,0.2,0.4
2026-07-08,Qatar,0.0,0.05,,0.045,-0.045,,2026-07-08T10:51:16.960183+00:00,0.0,0.0,,,,
2026-07-08,Saudi Arabia,0.0,0.05,,0.045,-0.045,,2026-07-08T10:51:16.960183+00:00,0.0,0.0,,,,
2026-07-08,Scotland,0.0,0.05,0.15,0.091,-0.091,,2026-07-08T10:51:16.960183+00:00,0.0,0.0,,,0.1,0.2
2026-07-08,Senegal,0.0,0.05,0.45,0.226,-0.226,,2026-07-08T10:51:16.960183+00:00,0.0,0.0,,,0.4,0.5
2026-07-08,South Africa,0.0,0.05,,0.045,-0.045,,2026-07-08T10:51:16.960183+00:00,0.0,0.0,,,,
2026-07-08,South Korea,0.0,0.05,0.15,0.091,-0.091,,2026-07-08T10:51:16.960183+00:00,0.0,0.0,,,0.1,0.2
2026-07-08,Spain,27.062,18.55,18.65,16.836,10.225,-37.8,2026-07-08T10:51:16.960183+00:00,25.594,26.745,18.5,18.6,18.6,18.7
2026-07-08,Sweden,0.0,0.05,0.25,0.136,-0.136,,2026-07-08T10:51:16.960183+00:00,0.0,0.0,,,0.2,0.3
2026-07-08,Switzerland,3.013,2.15,2.2,1.969,1.044,-34.7,2026-07-08T10:51:16.960183+00:00,5.096,3.982,2.1,2.2,2.1,2.3
2026-07-08,United States,0.0,0.1,0.45,0.249,-0.249,,2026-07-08T10:51:16.960183+00:00,0.0,0.0,,,0.4,0.5
2026-07-08,Uruguay,0.0,0.05,0.15,0.091,-0.091,,2026-07-08T10:51:16.960183+00:00,0.0,0.0,,,0.1,0.2
2026-07-08,Uzbekistan,0.0,0.05,,0.045,-0.045,,2026-07-08T10:51:16.960183+00:00,0.0,0.0,,,,
2026-07-09,Algeria,0.0,0.05,0.15,0.09,-0.09,,2026-07-09T11:46:49.982753+00:00,0.0,0.0,,,0.1,0.2
2026-07-09,Argentina,18.568,20.05,19.15,17.694,0.874,-4.7,2026-07-09T11:46:49.982753+00:00,19.928,19.548,20.0,20.1,19.1,19.2
2026-07-09,Australia,0.0,0.05,0.15,0.09,-0.09,,2026-07-09T11:46:49.982753+00:00,0.0,0.0,,,0.1,0.2
2026-07-09,Austria,0.0,0.05,0.15,0.09,-0.09,,2026-07-09T11:46:49.982753+00:00,0.0,0.0,,,0.1,0.2
2026-07-09,Belgium,3.119,2.45,2.55,2.257,0.863,-27.7,2026-07-09T11:46:49.982753+00:00,8.486,5.229,2.4,2.5,2.5,2.6
2026-07-09,Bosnia and Herzegovina,0.0,0.1,,0.09,-0.09,,2026-07-09T11:46:49.982753+00:00,0.0,0.0,,,,
2026-07-09,Brazil,0.0,0.05,2.15,0.993,-0.993,,2026-07-09T11:46:49.982753+00:00,0.0,0.0,,,1.5,2.8
2026-07-09,Canada,0.0,0.05,0.15,0.09,-0.09,,2026-07-09T11:46:49.982753+00:00,0.0,0.0,,,0.1,0.2
2026-07-09,Cape Verde,0.0,0.1,0.55,0.293,-0.293,,2026-07-09T11:46:49.982753+00:00,0.0,0.0,,,0.4,0.7
2026-07-09,Colombia,0.0,0.1,2.65,1.241,-1.241,,2026-07-09T11:46:49.982753+00:00,0.0,0.0,,,2.6,2.7
2026-07-09,Croatia,0.0,0.1,0.35,0.203,-0.203,,2026-07-09T11:46:49.982753+00:00,0.0,0.0,,,0.3,0.4
2026-07-09,Curacao,0.0,0.05,,0.045,-0.045,,2026-07-09T11:46:49.982753+00:00,0.0,0.0,,,,
2026-07-09,Czechia,0.0,0.05,,0.045,-0.045,,2026-07-09T11:46:49.982753+00:00,0.0,0.0,,,,
2026-07-09,DR Congo,0.0,0.05,,0.045,-0.045,,2026-07-09T11:46:49.982753+00:00,0.0,0.0,,,,
2026-07-09,Ecuador,0.0,0.05,0.15,0.09,-0.09,,2026-07-09T11:46:49.982753+00:00,0.0,0.0,,,0.1,0.2
2026-07-09,Egypt,0.0,0.05,0.15,0.09,-0.09,,2026-07-09T11:46:49.982753+00:00,0.0,0.0,,,0.1,0.2
2026-07-09,England,18.987,15.95,15.65,14.263,4.724,-24.9,2026-07-09T11:46:49.982753+00:00,14.918,17.103,15.9,16.0,15.6,15.7
2026-07-09,France,23.302,31.95,32.35,29.023,-5.721,24.6,2026-07-09T11:46:49.982753+00:00,15.759,19.474,31.9,32.0,32.3,32.4
2026-07-09,Germany,0.0,0.1,2.75,1.286,-1.286,,2026-07-09T11:46:49.982753+00:00,0.0,0.0,,,2.7,2.8
2026-07-09,Ghana,0.0,0.05,0.15,0.09,-0.09,,2026-07-09T11:46:49.982753+00:00,0.0,0.0,,,0.1,0.2
2026-07-09,Iran,0.0,0.05,,0.045,-0.045,,2026-07-09T11:46:49.982753+00:00,0.0,0.0,,,,
2026-07-09,Iraq,0.0,0.05,,0.045,-0.045,,2026-07-09T11:46:49.982753+00:00,0.0,0.0,,,,
2026-07-09,Ivory Coast,0.0,0.1,0.25,0.158,-0.158,,2026-07-09T11:46:49.982753+00:00,0.0,0.0,,,0.2,0.3
2026-07-09,Japan,0.0,0.05,1.05,0.497,-0.497,,2026-07-09T11:46:49.982753+00:00,0.0,0.0,,,1.0,1.1
2026-07-09,Mexico,0.0,0.05,0.85,0.406,-0.406,,2026-07-09T11:46:49.982753+00:00,0.0,0.0,,,0.8,0.9
2026-07-09,Morocco,2.399,3.05,3.05,2.753,-0.355,14.8,2026-07-09T11:46:49.982753+00:00,4.376,3.292,3.0,3.1,2.9,3.2
2026-07-09,Netherlands,0.0,0.05,4.7,2.144,-2.144,,2026-07-09T11:46:49.982753+00:00,0.0,0.0,,,4.0,5.4
2026-07-09,New Zealand,0.0,0.05,,0.045,-0.045,,2026-07-09T11:46:49.982753+00:00,0.0,0.0,,,,
2026-07-09,Norway,3.55,6.05,6.05,5.462,-1.912,53.9,2026-07-09T11:46:49.982753+00:00,5.842,4.628,6.0,6.1,6.0,6.1
2026-07-09,Panama,0.0,0.05,,0.045,-0.045,,2026-07-09T11:46:49.982753+00:00,0.0,0.0,,,,
2026-07-09,Paraguay,0.0,0.05,0.4,0.203,-0.203,,2026-07-09T11:46:49.982753+00:00,0.0,0.0,,,0.3,0.5
2026-07-09,Portugal,0.0,0.05,0.3,0.158,-0.158,,2026-07-09T11:46:49.982753+00:00,0.0,0.0,,,0.2,0.4
2026-07-09,Qatar,0.0,0.05,,0.045,-0.045,,2026-07-09T11:46:49.982753+00:00,0.0,0.0,,,,
2026-07-09,Saudi Arabia,0.0,0.05,,0.045,-0.045,,2026-07-09T11:46:49.982753+00:00,0.0,0.0,,,,
2026-07-09,Scotland,0.0,0.05,0.15,0.09,-0.09,,2026-07-09T11:46:49.982753+00:00,0.0,0.0,,,0.1,0.2
2026-07-09,Senegal,0.0,0.05,0.45,0.226,-0.226,,2026-07-09T11:46:49.982753+00:00,0.0,0.0,,,0.4,0.5
2026-07-09,South Africa,0.0,0.05,,0.045,-0.045,,2026-07-09T11:46:49.982753+00:00,0.0,0.0,,,,
2026-07-09,South Korea,0.0,0.05,0.15,0.09,-0.09,,2026-07-09T11:46:49.982753+00:00,0.0,0.0,,,0.1,0.2
2026-07-09,Spain,27.062,18.75,18.75,16.926,10.136,-37.5,2026-07-09T11:46:49.982753+00:00,25.594,26.745,18.7,18.8,18.7,18.8
2026-07-09,Sweden,0.0,0.05,0.25,0.135,-0.135,,2026-07-09T11:46:49.982753+00:00,0.0,0.0,,,0.2,0.3
2026-07-09,Switzerland,3.013,2.15,2.15,1.941,1.072,-35.6,2026-07-09T11:46:49.982753+00:00,5.096,3.982,2.1,2.2,2.1,2.2
2026-07-09,United States,0.0,0.1,0.45,0.248,-0.248,,2026-07-09T11:46:49.982753+00:00,0.0,0.0,,,0.4,0.5
2026-07-09,Uruguay,0.0,0.05,0.15,0.09,-0.09,,2026-07-09T11:46:49.982753+00:00,0.0,0.0,,,0.1,0.2
2026-07-09,Uzbekistan,0.0,0.05,,0.045,-0.045,,2026-07-09T11:46:49.982753+00:00,0.0,0.0,,,,
2026-07-10,Algeria,0.0,0.05,0.15,0.089,-0.089,,2026-07-10T11:39:12.152267+00:00,0.0,0.0,,,0.1,0.2
2026-07-10,Argentina,17.777,18.75,18.75,16.726,1.05,-5.9,2026-07-10T11:39:12.152267+00:00,19.429,18.828,18.7,18.8,18.7,18.8
2026-07-10,Australia,0.0,0.05,0.15,0.089,-0.089,,2026-07-10T11:39:12.152267+00:00,0.0,0.0,,,0.1,0.2
2026-07-10,Austria,0.0,0.05,0.15,0.089,-0.089,,2026-07-10T11:39:12.152267+00:00,0.0,0.0,,,0.1,0.2
2026-07-10,Belgium,2.575,2.15,2.15,1.918,0.657,-25.5,2026-07-10T11:39:12.152267+00:00,7.647,4.495,2.1,2.2,2.1,2.2
2026-07-10,Bosnia and Herzegovina,0.0,0.1,,0.089,-0.089,,2026-07-10T11:39:12.152267+00:00,0.0,0.0,,,,
2026-07-10,Brazil,0.0,0.05,2.15,0.981,-0.981,,2026-07-10T11:39:12.152267+00:00,0.0,0.0,,,1.5,2.8
2026-07-10,Canada,0.0,0.05,0.15,0.089,-0.089,,2026-07-10T11:39:12.152267+00:00,0.0,0.0,,,0.1,0.2
2026-07-10,Cape Verde,0.0,0.1,0.55,0.29,-0.29,,2026-07-10T11:39:12.152267+00:00,0.0,0.0,,,0.4,0.7
2026-07-10,Colombia,0.0,0.1,2.65,1.227,-1.227,,2026-07-10T11:39:12.152267+00:00,0.0,0.0,,,2.6,2.7
2026-07-10,Croatia,0.0,0.1,0.35,0.201,-0.201,,2026-07-10T11:39:12.152267+00:00,0.0,0.0,,,0.3,0.4
2026-07-10,Curacao,0.0,0.05,,0.045,-0.045,,2026-07-10T11:39:12.152267+00:00,0.0,0.0,,,,
2026-07-10,Czechia,0.0,0.05,,0.045,-0.045,,2026-07-10T11:39:12.152267+00:00,0.0,0.0,,,,
2026-07-10,DR Congo,0.0,0.05,,0.045,-0.045,,2026-07-10T11:39:12.152267+00:00,0.0,0.0,,,,
2026-07-10,Ecuador,0.0,0.05,0.15,0.089,-0.089,,2026-07-10T11:39:12.152267+00:00,0.0,0.0,,,0.1,0.2
2026-07-10,Egypt,0.0,0.05,0.15,0.089,-0.089,,2026-07-10T11:39:12.152267+00:00,0.0,0.0,,,0.1,0.2
2026-07-10,England,18.223,15.95,15.85,14.184,4.039,-22.2,2026-07-10T11:39:12.152267+00:00,14.496,16.466,15.9,16.0,15.8,15.9
2026-07-10,France,31.161,38.55,40.05,35.058,-3.897,12.5,2026-07-10T11:39:12.152267+00:00,24.426,27.95,38.5,38.6,40.0,40.1
2026-07-10,Germany,0.0,0.1,2.75,1.271,-1.271,,2026-07-10T11:39:12.152267+00:00,0.0,0.0,,,2.7,2.8
2026-07-10,Ghana,0.0,0.05,0.15,0.089,-0.089,,2026-07-10T11:39:12.152267+00:00,0.0,0.0,,,0.1,0.2
2026-07-10,Iran,0.0,0.05,,0.045,-0.045,,2026-07-10T11:39:12.152267+00:00,0.0,0.0,,,,
2026-07-10,Iraq,0.0,0.05,,0.045,-0.045,,2026-07-10T11:39:12.152267+00:00,0.0,0.0,,,,
2026-07-10,Ivory Coast,0.0,0.1,0.25,0.156,-0.156,,2026-07-10T11:39:12.152267+00:00,0.0,0.0,,,0.2,0.3
2026-07-10,Japan,0.0,0.05,1.05,0.491,-0.491,,2026-07-10T11:39:12.152267+00:00,0.0,0.0,,,1.0,1.1
2026-07-10,Mexico,0.0,0.05,0.85,0.401,-0.401,,2026-07-10T11:39:12.152267+00:00,0.0,0.0,,,0.8,0.9
2026-07-10,Morocco,0.0,0.1,0.95,0.468,-0.468,,2026-07-10T11:39:12.152267+00:00,0.0,0.0,,,0.9,1.0
2026-07-10,Netherlands,0.0,0.05,4.7,2.119,-2.119,,2026-07-10T11:39:12.152267+00:00,0.0,0.0,,,4.0,5.4
2026-07-10,New Zealand,0.0,0.05,,0.045,-0.045,,2026-07-10T11:39:12.152267+00:00,0.0,0.0,,,,
2026-07-10,Norway,3.317,5.95,6.2,5.419,-2.103,63.4,2026-07-10T11:39:12.152267+00:00,5.586,4.361,5.9,6.0,6.0,6.4
2026-07-10,Panama,0.0,0.05,,0.045,-0.045,,2026-07-10T11:39:12.152267+00:00,0.0,0.0,,,,
2026-07-10,Paraguay,0.0,0.05,0.4,0.201,-0.201,,2026-07-10T11:39:12.152267+00:00,0.0,0.0,,,0.3,0.5
2026-07-10,Portugal,0.0,0.05,0.3,0.156,-0.156,,2026-07-10T11:39:12.152267+00:00,0.0,0.0,,,0.2,0.4
2026-07-10,Qatar,0.0,0.05,,0.045,-0.045,,2026-07-10T11:39:12.152267+00:00,0.0,0.0,,,,
2026-07-10,Saudi Arabia,0.0,0.05,,0.045,-0.045,,2026-07-10T11:39:12.152267+00:00,0.0,0.0,,,,
2026-07-10,Scotland,0.0,0.05,0.15,0.089,-0.089,,2026-07-10T11:39:12.152267+00:00,0.0,0.0,,,0.1,0.2
2026-07-10,Senegal,0.0,0.05,0.45,0.223,-0.223,,2026-07-10T11:39:12.152267+00:00,0.0,0.0,,,0.4,0.5
2026-07-10,South Africa,0.0,0.05,,0.045,-0.045,,2026-07-10T11:39:12.152267+00:00,0.0,0.0,,,,
2026-07-10,South Korea,0.0,0.05,0.15,0.089,-0.089,,2026-07-10T11:39:12.152267+00:00,0.0,0.0,,,0.1,0.2
2026-07-10,Spain,24.168,16.65,16.9,14.964,9.203,-38.1,2026-07-10T11:39:12.152267+00:00,23.575,24.182,16.6,16.7,16.7,17.1
2026-07-10,Sweden,0.0,0.05,0.25,0.134,-0.134,,2026-07-10T11:39:12.152267+00:00,0.0,0.0,,,0.2,0.3
2026-07-10,Switzerland,2.781,1.95,1.85,1.695,1.086,-39.1,2026-07-10T11:39:12.152267+00:00,4.84,3.717,1.9,2.0,1.8,1.9
2026-07-10,United States,0.0,0.1,0.45,0.245,-0.245,,2026-07-10T11:39:12.152267+00:00,0.0,0.0,,,0.4,0.5
2026-07-10,Uruguay,0.0,0.05,0.15,0.089,-0.089,,2026-07-10T11:39:12.152267+00:00,0.0,0.0,,,0.1,0.2
2026-07-10,Uzbekistan,0.0,0.05,,0.045,-0.045,,2026-07-10T11:39:12.152267+00:00,0.0,0.0,,,,
2026-07-11,Algeria,0.0,0.05,0.15,0.089,-0.089,,2026-07-11T10:11:24.413793+00:00,0.0,0.0,,,0.1,0.2
2026-07-11,Argentina,17.014,17.85,18.35,16.089,0.925,-5.4,2026-07-11T10:11:24.413793+00:00,18.366,17.79,17.8,17.9,18.3,18.4
2026-07-11,Australia,0.0,0.05,0.15,0.089,-0.089,,2026-07-11T10:11:24.413793+00:00,0.0,0.0,,,0.1,0.2
2026-07-11,Austria,0.0,0.05,0.15,0.089,-0.089,,2026-07-11T10:11:24.413793+00:00,0.0,0.0,,,0.1,0.2
2026-07-11,Belgium,0.0,0.05,2.05,0.933,-0.933,,2026-07-11T10:11:24.413793+00:00,0.0,0.0,,,1.9,2.2
2026-07-11,Bosnia and Herzegovina,0.0,0.1,,0.089,-0.089,,2026-07-11T10:11:24.413793+00:00,0.0,0.0,,,,
2026-07-11,Brazil,0.0,0.05,2.15,0.978,-0.978,,2026-07-11T10:11:24.413793+00:00,0.0,0.0,,,1.5,2.8
2026-07-11,Canada,0.0,0.05,0.15,0.089,-0.089,,2026-07-11T10:11:24.413793+00:00,0.0,0.0,,,0.1,0.2
2026-07-11,Cape Verde,0.0,0.1,0.55,0.289,-0.289,,2026-07-11T10:11:24.413793+00:00,0.0,0.0,,,0.4,0.7
2026-07-11,Colombia,0.0,0.1,2.65,1.222,-1.222,,2026-07-11T10:11:24.413793+00:00,0.0,0.0,,,2.6,2.7
2026-07-11,Croatia,0.0,0.1,0.35,0.2,-0.2,,2026-07-11T10:11:24.413793+00:00,0.0,0.0,,,0.3,0.4
2026-07-11,Curacao,0.0,0.05,,0.044,-0.044,,2026-07-11T10:11:24.413793+00:00,0.0,0.0,,,,
2026-07-11,Czechia,0.0,0.05,,0.044,-0.044,,2026-07-11T10:11:24.413793+00:00,0.0,0.0,,,,
2026-07-11,DR Congo,0.0,0.05,,0.044,-0.044,,2026-07-11T10:11:24.413793+00:00,0.0,0.0,,,,
2026-07-11,Ecuador,0.0,0.05,0.15,0.089,-0.089,,2026-07-11T10:11:24.413793+00:00,0.0,0.0,,,0.1,0.2
2026-07-11,Egypt,0.0,0.05,0.15,0.089,-0.089,,2026-07-11T10:11:24.413793+00:00,0.0,0.0,,,0.1,0.2
2026-07-11,England,17.399,14.45,14.75,12.978,4.422,-25.4,2026-07-11T10:11:24.413793+00:00,13.586,15.473,14.4,14.5,14.7,14.8
2026-07-11,France,27.436,38.35,38.65,34.222,-6.786,24.7,2026-07-11T10:11:24.413793+00:00,21.633,24.518,38.3,38.4,38.6,38.7
2026-07-11,Germany,0.0,0.1,2.75,1.267,-1.267,,2026-07-11T10:11:24.413793+00:00,0.0,0.0,,,2.7,2.8
2026-07-11,Ghana,0.0,0.05,0.15,0.089,-0.089,,2026-07-11T10:11:24.413793+00:00,0.0,0.0,,,0.1,0.2
2026-07-11,Iran,0.0,0.05,,0.044,-0.044,,2026-07-11T10:11:24.413793+00:00,0.0,0.0,,,,
2026-07-11,Iraq,0.0,0.05,,0.044,-0.044,,2026-07-11T10:11:24.413793+00:00,0.0,0.0,,,,
2026-07-11,Ivory Coast,0.0,0.1,0.25,0.156,-0.156,,2026-07-11T10:11:24.413793+00:00,0.0,0.0,,,0.2,0.3
2026-07-11,Japan,0.0,0.05,1.05,0.489,-0.489,,2026-07-11T10:11:24.413793+00:00,0.0,0.0,,,1.0,1.1
2026-07-11,Mexico,0.0,0.05,0.85,0.4,-0.4,,2026-07-11T10:11:24.413793+00:00,0.0,0.0,,,0.8,0.9
2026-07-11,Morocco,0.0,0.1,0.95,0.467,-0.467,,2026-07-11T10:11:24.413793+00:00,0.0,0.0,,,0.9,1.0
2026-07-11,Netherlands,0.0,0.05,4.7,2.111,-2.111,,2026-07-11T10:11:24.413793+00:00,0.0,0.0,,,4.0,5.4
2026-07-11,New Zealand,0.0,0.05,,0.044,-0.044,,2026-07-11T10:11:24.413793+00:00,0.0,0.0,,,,
2026-07-11,Norway,3.072,5.85,6.45,5.467,-2.394,77.9,2026-07-11T10:11:24.413793+00:00,5.154,4.005,5.8,5.9,6.4,6.5
2026-07-11,Panama,0.0,0.05,,0.044,-0.044,,2026-07-11T10:11:24.413793+00:00,0.0,0.0,,,,
2026-07-11,Paraguay,0.0,0.05,0.4,0.2,-0.2,,2026-07-11T10:11:24.413793+00:00,0.0,0.0,,,0.3,0.5
2026-07-11,Portugal,0.0,0.05,0.3,0.156,-0.156,,2026-07-11T10:11:24.413793+00:00,0.0,0.0,,,0.2,0.4
2026-07-11,Qatar,0.0,0.05,,0.044,-0.044,,2026-07-11T10:11:24.413793+00:00,0.0,0.0,,,,
2026-07-11,Saudi Arabia,0.0,0.05,,0.044,-0.044,,2026-07-11T10:11:24.413793+00:00,0.0,0.0,,,,
2026-07-11,Scotland,0.0,0.05,0.15,0.089,-0.089,,2026-07-11T10:11:24.413793+00:00,0.0,0.0,,,0.1,0.2
2026-07-11,Senegal,0.0,0.05,0.45,0.222,-0.222,,2026-07-11T10:11:24.413793+00:00,0.0,0.0,,,0.4,0.5
2026-07-11,South Africa,0.0,0.05,,0.044,-0.044,,2026-07-11T10:11:24.413793+00:00,0.0,0.0,,,,
2026-07-11,South Korea,0.0,0.05,0.15,0.089,-0.089,,2026-07-11T10:11:24.413793+00:00,0.0,0.0,,,0.1,0.2
2026-07-11,Spain,32.484,21.15,21.05,18.756,13.728,-42.3,2026-07-11T10:11:24.413793+00:00,36.74,34.767,21.1,21.2,21.0,21.1
2026-07-11,Sweden,0.0,0.05,0.25,0.133,-0.133,,2026-07-11T10:11:24.413793+00:00,0.0,0.0,,,0.2,0.3
2026-07-11,Switzerland,2.595,1.65,1.85,1.556,1.04,-40.1,2026-07-11T10:11:24.413793+00:00,4.521,3.447,1.6,1.7,1.8,1.9
2026-07-11,United States,0.0,0.1,0.45,0.244,-0.244,,2026-07-11T10:11:24.413793+00:00,0.0,0.0,,,0.4,0.5
2026-07-11,Uruguay,0.0,0.05,0.15,0.089,-0.089,,2026-07-11T10:11:24.413793+00:00,0.0,0.0,,,0.1,0.2
2026-07-11,Uzbekistan,0.0,0.05,,0.044,-0.044,,2026-07-11T10:11:24.413793+00:00,0.0,0.0,,,,
2026-07-12,Algeria,0.0,0.05,0.15,0.088,-0.088,,2026-07-12T10:23:10.616163+00:00,0.0,0.0,,,0.1,0.2
2026-07-12,Argentina,21.773,18.75,19.4,16.806,4.967,-22.8,2026-07-12T10:23:10.616163+00:00,25.823,23.798,18.9,19.0,19.3,19.5
2026-07-12,Australia,0.0,0.05,0.15,0.088,-0.088,,2026-07-12T10:23:10.616163+00:00,0.0,0.0,,,0.1,0.2
2026-07-12,Austria,0.0,0.05,0.15,0.088,-0.088,,2026-07-12T10:23:10.616163+00:00,0.0,0.0,,,0.1,0.2
2026-07-12,Belgium,0.0,0.05,2.05,0.925,-0.925,,2026-07-12T10:23:10.616163+00:00,0.0,0.0,,,1.9,2.2
2026-07-12,Bosnia and Herzegovina,0.0,0.1,,0.088,-0.088,,2026-07-12T10:23:10.616163+00:00,0.0,0.0,,,,
2026-07-12,Brazil,0.0,0.05,2.15,0.969,-0.969,,2026-07-12T10:23:10.616163+00:00,0.0,0.0,,,1.5,2.8
2026-07-12,Canada,0.0,0.05,0.15,0.088,-0.088,,2026-07-12T10:23:10.616163+00:00,0.0,0.0,,,0.1,0.2
2026-07-12,Cape Verde,0.0,0.1,0.55,0.286,-0.286,,2026-07-12T10:23:10.616163+00:00,0.0,0.0,,,0.4,0.7
2026-07-12,Colombia,0.0,0.1,2.65,1.211,-1.211,,2026-07-12T10:23:10.616163+00:00,0.0,0.0,,,2.6,2.7
2026-07-12,Croatia,0.0,0.1,0.35,0.198,-0.198,,2026-07-12T10:23:10.616163+00:00,0.0,0.0,,,0.3,0.4
2026-07-12,Curacao,0.0,0.05,,0.044,-0.044,,2026-07-12T10:23:10.616163+00:00,0.0,0.0,,,,
2026-07-12,Czechia,0.0,0.05,,0.044,-0.044,,2026-07-12T10:23:10.616163+00:00,0.0,0.0,,,,
2026-07-12,DR Congo,0.0,0.05,,0.044,-0.044,,2026-07-12T10:23:10.616163+00:00,0.0,0.0,,,,
2026-07-12,Ecuador,0.0,0.05,0.15,0.088,-0.088,,2026-07-12T10:23:10.616163+00:00,0.0,0.0,,,0.1,0.2
2026-07-12,Egypt,0.0,0.05,0.15,0.088,-0.088,,2026-07-12T10:23:10.616163+00:00,0.0,0.0,,,0.1,0.2
2026-07-12,England,22.574,21.15,20.85,18.502,4.072,-18.0,2026-07-12T10:23:10.616163+00:00,19.857,21.249,21.1,21.2,20.8,20.9
2026-07-12,France,25.348,38.45,39.25,34.229,-8.881,35.0,2026-07-12T10:23:10.616163+00:00,19.868,22.523,38.4,38.5,39.0,39.5
2026-07-12,Germany,0.0,0.1,2.75,1.256,-1.256,,2026-07-12T10:23:10.616163+00:00,0.0,0.0,,,2.7,2.8
2026-07-12,Ghana,0.0,0.05,0.15,0.088,-0.088,,2026-07-12T10:23:10.616163+00:00,0.0,0.0,,,0.1,0.2
2026-07-12,Iran,0.0,0.05,,0.044,-0.044,,2026-07-12T10:23:10.616163+00:00,0.0,0.0,,,,
2026-07-12,Iraq,0.0,0.05,,0.044,-0.044,,2026-07-12T10:23:10.616163+00:00,0.0,0.0,,,,
2026-07-12,Ivory Coast,0.0,0.1,0.25,0.154,-0.154,,2026-07-12T10:23:10.616163+00:00,0.0,0.0,,,0.2,0.3
2026-07-12,Japan,0.0,0.05,1.05,0.485,-0.485,,2026-07-12T10:23:10.616163+00:00,0.0,0.0,,,1.0,1.1
2026-07-12,Mexico,0.0,0.05,0.85,0.396,-0.396,,2026-07-12T10:23:10.616163+00:00,0.0,0.0,,,0.8,0.9
2026-07-12,Morocco,0.0,0.1,0.95,0.463,-0.463,,2026-07-12T10:23:10.616163+00:00,0.0,0.0,,,0.9,1.0
2026-07-12,Netherlands,0.0,0.05,4.7,2.093,-2.093,,2026-07-12T10:23:10.616163+00:00,0.0,0.0,,,4.0,5.4
2026-07-12,New Zealand,0.0,0.05,,0.044,-0.044,,2026-07-12T10:23:10.616163+00:00,0.0,0.0,,,,
2026-07-12,Norway,0.0,0.1,0.65,0.33,-0.33,,2026-07-12T10:23:10.616163+00:00,0.0,0.0,,,0.6,0.7
2026-07-12,Panama,0.0,0.05,,0.044,-0.044,,2026-07-12T10:23:10.616163+00:00,0.0,0.0,,,,
2026-07-12,Paraguay,0.0,0.05,0.4,0.198,-0.198,,2026-07-12T10:23:10.616163+00:00,0.0,0.0,,,0.3,0.5
2026-07-12,Portugal,0.0,0.05,0.3,0.154,-0.154,,2026-07-12T10:23:10.616163+00:00,0.0,0.0,,,0.2,0.4
2026-07-12,Qatar,0.0,0.05,,0.044,-0.044,,2026-07-12T10:23:10.616163+00:00,0.0,0.0,,,,
2026-07-12,Saudi Arabia,0.0,0.05,,0.044,-0.044,,2026-07-12T10:23:10.616163+00:00,0.0,0.0,,,,
2026-07-12,Scotland,0.0,0.05,0.15,0.088,-0.088,,2026-07-12T10:23:10.616163+00:00,0.0,0.0,,,0.1,0.2
2026-07-12,Senegal,0.0,0.05,0.45,0.22,-0.22,,2026-07-12T10:23:10.616163+00:00,0.0,0.0,,,0.4,0.5
2026-07-12,South Africa,0.0,0.05,,0.044,-0.044,,2026-07-12T10:23:10.616163+00:00,0.0,0.0,,,,
2026-07-12,South Korea,0.0,0.05,0.15,0.088,-0.088,,2026-07-12T10:23:10.616163+00:00,0.0,0.0,,,0.1,0.2
2026-07-12,Spain,30.305,19.95,19.85,17.533,12.772,-42.1,2026-07-12T10:23:10.616163+00:00,34.452,32.43,19.9,20.0,19.8,19.9
2026-07-12,Sweden,0.0,0.05,0.25,0.132,-0.132,,2026-07-12T10:23:10.616163+00:00,0.0,0.0,,,0.2,0.3
2026-07-12,Switzerland,0.0,1.9,2.1,1.762,-1.762,,2026-07-12T10:23:10.616163+00:00,0.0,0.0,,,1.8,2.4
2026-07-12,United States,0.0,0.1,0.45,0.242,-0.242,,2026-07-12T10:23:10.616163+00:00,0.0,0.0,,,0.4,0.5
2026-07-12,Uruguay,0.0,0.05,0.15,0.088,-0.088,,2026-07-12T10:23:10.616163+00:00,0.0,0.0,,,0.1,0.2
2026-07-12,Uzbekistan,0.0,0.05,,0.044,-0.044,,2026-07-12T10:23:10.616163+00:00,0.0,0.0,,,,
2026-07-13,Algeria,0.0,0.05,0.15,0.088,-0.088,,2026-07-13T11:53:39.099031+00:00,0.0,0.0,,,0.1,0.2
2026-07-13,Argentina,21.773,17.45,18.15,15.635,6.138,-28.2,2026-07-13T11:53:39.099031+00:00,25.823,23.798,17.4,17.5,18.1,18.2
2026-07-13,Australia,0.0,0.05,0.15,0.088,-0.088,,2026-07-13T11:53:39.099031+00:00,0.0,0.0,,,0.1,0.2
2026-07-13,Austria,0.0,0.05,0.15,0.088,-0.088,,2026-07-13T11:53:39.099031+00:00,0.0,0.0,,,0.1,0.2
2026-07-13,Belgium,0.0,0.05,2.05,0.922,-0.922,,2026-07-13T11:53:39.099031+00:00,0.0,0.0,,,1.9,2.2
2026-07-13,Bosnia and Herzegovina,0.0,0.1,,0.088,-0.088,,2026-07-13T11:53:39.099031+00:00,0.0,0.0,,,,
2026-07-13,Brazil,0.0,0.05,2.15,0.966,-0.966,,2026-07-13T11:53:39.099031+00:00,0.0,0.0,,,1.5,2.8
2026-07-13,Canada,0.0,0.05,0.15,0.088,-0.088,,2026-07-13T11:53:39.099031+00:00,0.0,0.0,,,0.1,0.2
2026-07-13,Cape Verde,0.0,0.1,0.55,0.285,-0.285,,2026-07-13T11:53:39.099031+00:00,0.0,0.0,,,0.4,0.7
2026-07-13,Colombia,0.0,0.1,2.65,1.208,-1.208,,2026-07-13T11:53:39.099031+00:00,0.0,0.0,,,2.6,2.7
2026-07-13,Croatia,0.0,0.1,0.35,0.198,-0.198,,2026-07-13T11:53:39.099031+00:00,0.0,0.0,,,0.3,0.4
2026-07-13,Curacao,0.0,0.05,,0.044,-0.044,,2026-07-13T11:53:39.099031+00:00,0.0,0.0,,,,
2026-07-13,Czechia,0.0,0.05,,0.044,-0.044,,2026-07-13T11:53:39.099031+00:00,0.0,0.0,,,,
2026-07-13,DR Congo,0.0,0.05,,0.044,-0.044,,2026-07-13T11:53:39.099031+00:00,0.0,0.0,,,,
2026-07-13,Ecuador,0.0,0.05,0.15,0.088,-0.088,,2026-07-13T11:53:39.099031+00:00,0.0,0.0,,,0.1,0.2
2026-07-13,Egypt,0.0,0.05,0.15,0.088,-0.088,,2026-07-13T11:53:39.099031+00:00,0.0,0.0,,,0.1,0.2
2026-07-13,England,22.574,21.55,21.55,18.928,3.645,-16.1,2026-07-13T11:53:39.099031+00:00,19.857,21.249,21.5,21.6,21.5,21.6
2026-07-13,France,25.348,38.85,39.3,34.321,-8.973,35.4,2026-07-13T11:53:39.099031+00:00,19.868,22.523,38.8,38.9,38.9,39.7
2026-07-13,Germany,0.0,0.1,2.75,1.252,-1.252,,2026-07-13T11:53:39.099031+00:00,0.0,0.0,,,2.7,2.8
2026-07-13,Ghana,0.0,0.05,0.15,0.088,-0.088,,2026-07-13T11:53:39.099031+00:00,0.0,0.0,,,0.1,0.2
2026-07-13,Iran,0.0,0.05,,0.044,-0.044,,2026-07-13T11:53:39.099031+00:00,0.0,0.0,,,,
2026-07-13,Iraq,0.0,0.05,,0.044,-0.044,,2026-07-13T11:53:39.099031+00:00,0.0,0.0,,,,
2026-07-13,Ivory Coast,0.0,0.1,0.25,0.154,-0.154,,2026-07-13T11:53:39.099031+00:00,0.0,0.0,,,0.2,0.3
2026-07-13,Japan,0.0,0.05,1.05,0.483,-0.483,,2026-07-13T11:53:39.099031+00:00,0.0,0.0,,,1.0,1.1
2026-07-13,Mexico,0.0,0.05,0.85,0.395,-0.395,,2026-07-13T11:53:39.099031+00:00,0.0,0.0,,,0.8,0.9
2026-07-13,Morocco,0.0,0.1,0.95,0.461,-0.461,,2026-07-13T11:53:39.099031+00:00,0.0,0.0,,,0.9,1.0
2026-07-13,Netherlands,0.0,0.05,4.7,2.086,-2.086,,2026-07-13T11:53:39.099031+00:00,0.0,0.0,,,4.0,5.4
2026-07-13,New Zealand,0.0,0.05,,0.044,-0.044,,2026-07-13T11:53:39.099031+00:00,0.0,0.0,,,,
2026-07-13,Norway,0.0,0.1,0.65,0.329,-0.329,,2026-07-13T11:53:39.099031+00:00,0.0,0.0,,,0.6,0.7
2026-07-13,Panama,0.0,0.05,,0.044,-0.044,,2026-07-13T11:53:39.099031+00:00,0.0,0.0,,,,
2026-07-13,Paraguay,0.0,0.05,0.4,0.198,-0.198,,2026-07-13T11:53:39.099031+00:00,0.0,0.0,,,0.3,0.5
2026-07-13,Portugal,0.0,0.05,0.3,0.154,-0.154,,2026-07-13T11:53:39.099031+00:00,0.0,0.0,,,0.2,0.4
2026-07-13,Qatar,0.0,0.05,,0.044,-0.044,,2026-07-13T11:53:39.099031+00:00,0.0,0.0,,,,
2026-07-13,Saudi Arabia,0.0,0.05,,0.044,-0.044,,2026-07-13T11:53:39.099031+00:00,0.0,0.0,,,,
2026-07-13,Scotland,0.0,0.05,0.15,0.088,-0.088,,2026-07-13T11:53:39.099031+00:00,0.0,0.0,,,0.1,0.2
2026-07-13,Senegal,0.0,0.05,0.45,0.22,-0.22,,2026-07-13T11:53:39.099031+00:00,0.0,0.0,,,0.4,0.5
2026-07-13,South Africa,0.0,0.05,,0.044,-0.044,,2026-07-13T11:53:39.099031+00:00,0.0,0.0,,,,
2026-07-13,South Korea,0.0,0.05,0.15,0.088,-0.088,,2026-07-13T11:53:39.099031+00:00,0.0,0.0,,,0.1,0.2
2026-07-13,Spain,30.305,20.75,20.75,18.226,12.079,-39.9,2026-07-13T11:53:39.099031+00:00,34.452,32.43,20.7,20.8,20.7,20.8
2026-07-13,Sweden,0.0,0.05,0.25,0.132,-0.132,,2026-07-13T11:53:39.099031+00:00,0.0,0.0,,,0.2,0.3
2026-07-13,Switzerland,0.0,1.9,2.1,1.757,-1.757,,2026-07-13T11:53:39.099031+00:00,0.0,0.0,,,1.8,2.4
2026-07-13,United States,0.0,0.1,0.45,0.242,-0.242,,2026-07-13T11:53:39.099031+00:00,0.0,0.0,,,0.4,0.5
2026-07-13,Uruguay,0.0,0.05,0.15,0.088,-0.088,,2026-07-13T11:53:39.099031+00:00,0.0,0.0,,,0.1,0.2
2026-07-13,Uzbekistan,0.0,0.05,,0.044,-0.044,,2026-07-13T11:53:39.099031+00:00,0.0,0.0,,,,
2026-07-14,Algeria,0.0,0.05,0.15,0.087,-0.087,,2026-07-14T10:31:50.468196+00:00,0.0,0.0,,,0.1,0.2
2026-07-14,Argentina,21.773,17.35,17.45,15.216,6.557,-30.1,2026-07-14T10:31:50.468196+00:00,25.823,23.798,17.3,17.4,17.4,17.5
2026-07-14,Australia,0.0,0.05,0.15,0.087,-0.087,,2026-07-14T10:31:50.468196+00:00,0.0,0.0,,,0.1,0.2
2026-07-14,Austria,0.0,0.05,0.15,0.087,-0.087,,2026-07-14T10:31:50.468196+00:00,0.0,0.0,,,0.1,0.2
2026-07-14,Belgium,0.0,0.05,2.05,0.918,-0.918,,2026-07-14T10:31:50.468196+00:00,0.0,0.0,,,1.9,2.2
2026-07-14,Bosnia and Herzegovina,0.0,0.1,,0.087,-0.087,,2026-07-14T10:31:50.468196+00:00,0.0,0.0,,,,
2026-07-14,Brazil,0.0,0.05,2.15,0.962,-0.962,,2026-07-14T10:31:50.468196+00:00,0.0,0.0,,,1.5,2.8
2026-07-14,Canada,0.0,0.05,0.15,0.087,-0.087,,2026-07-14T10:31:50.468196+00:00,0.0,0.0,,,0.1,0.2
2026-07-14,Cape Verde,0.0,0.1,0.55,0.284,-0.284,,2026-07-14T10:31:50.468196+00:00,0.0,0.0,,,0.4,0.7
2026-07-14,Colombia,0.0,0.1,2.65,1.202,-1.202,,2026-07-14T10:31:50.468196+00:00,0.0,0.0,,,2.6,2.7
2026-07-14,Croatia,0.0,0.1,0.35,0.197,-0.197,,2026-07-14T10:31:50.468196+00:00,0.0,0.0,,,0.3,0.4
2026-07-14,Curacao,0.0,0.05,,0.044,-0.044,,2026-07-14T10:31:50.468196+00:00,0.0,0.0,,,,
2026-07-14,Czechia,0.0,0.05,,0.044,-0.044,,2026-07-14T10:31:50.468196+00:00,0.0,0.0,,,,
2026-07-14,DR Congo,0.0,0.05,,0.044,-0.044,,2026-07-14T10:31:50.468196+00:00,0.0,0.0,,,,
2026-07-14,Ecuador,0.0,0.05,0.15,0.087,-0.087,,2026-07-14T10:31:50.468196+00:00,0.0,0.0,,,0.1,0.2
2026-07-14,Egypt,0.0,0.05,0.15,0.087,-0.087,,2026-07-14T10:31:50.468196+00:00,0.0,0.0,,,0.1,0.2
2026-07-14,England,22.574,21.65,21.65,18.933,3.641,-16.1,2026-07-14T10:31:50.468196+00:00,19.857,21.249,21.6,21.7,21.6,21.7
2026-07-14,France,25.348,39.35,39.35,34.412,-9.064,35.8,2026-07-14T10:31:50.468196+00:00,19.868,22.523,39.3,39.4,39.3,39.4
2026-07-14,Germany,0.0,0.1,2.75,1.246,-1.246,,2026-07-14T10:31:50.468196+00:00,0.0,0.0,,,2.7,2.8
2026-07-14,Ghana,0.0,0.05,0.15,0.087,-0.087,,2026-07-14T10:31:50.468196+00:00,0.0,0.0,,,0.1,0.2
2026-07-14,Iran,0.0,0.05,,0.044,-0.044,,2026-07-14T10:31:50.468196+00:00,0.0,0.0,,,,
2026-07-14,Iraq,0.0,0.05,,0.044,-0.044,,2026-07-14T10:31:50.468196+00:00,0.0,0.0,,,,
2026-07-14,Ivory Coast,0.0,0.1,0.25,0.153,-0.153,,2026-07-14T10:31:50.468196+00:00,0.0,0.0,,,0.2,0.3
2026-07-14,Japan,0.0,0.05,1.05,0.481,-0.481,,2026-07-14T10:31:50.468196+00:00,0.0,0.0,,,1.0,1.1
2026-07-14,Mexico,0.0,0.05,0.85,0.394,-0.394,,2026-07-14T10:31:50.468196+00:00,0.0,0.0,,,0.8,0.9
2026-07-14,Morocco,0.0,0.1,0.95,0.459,-0.459,,2026-07-14T10:31:50.468196+00:00,0.0,0.0,,,0.9,1.0
2026-07-14,Netherlands,0.0,0.05,4.7,2.077,-2.077,,2026-07-14T10:31:50.468196+00:00,0.0,0.0,,,4.0,5.4
2026-07-14,New Zealand,0.0,0.05,,0.044,-0.044,,2026-07-14T10:31:50.468196+00:00,0.0,0.0,,,,
2026-07-14,Norway,0.0,0.1,0.65,0.328,-0.328,,2026-07-14T10:31:50.468196+00:00,0.0,0.0,,,0.6,0.7
2026-07-14,Panama,0.0,0.05,,0.044,-0.044,,2026-07-14T10:31:50.468196+00:00,0.0,0.0,,,,
2026-07-14,Paraguay,0.0,0.05,0.4,0.197,-0.197,,2026-07-14T10:31:50.468196+00:00,0.0,0.0,,,0.3,0.5
2026-07-14,Portugal,0.0,0.05,0.3,0.153,-0.153,,2026-07-14T10:31:50.468196+00:00,0.0,0.0,,,0.2,0.4
2026-07-14,Qatar,0.0,0.05,,0.044,-0.044,,2026-07-14T10:31:50.468196+00:00,0.0,0.0,,,,
2026-07-14,Saudi Arabia,0.0,0.05,,0.044,-0.044,,2026-07-14T10:31:50.468196+00:00,0.0,0.0,,,,
2026-07-14,Scotland,0.0,0.05,0.15,0.087,-0.087,,2026-07-14T10:31:50.468196+00:00,0.0,0.0,,,0.1,0.2
2026-07-14,Senegal,0.0,0.05,0.45,0.219,-0.219,,2026-07-14T10:31:50.468196+00:00,0.0,0.0,,,0.4,0.5
2026-07-14,South Africa,0.0,0.05,,0.044,-0.044,,2026-07-14T10:31:50.468196+00:00,0.0,0.0,,,,
2026-07-14,South Korea,0.0,0.05,0.15,0.087,-0.087,,2026-07-14T10:31:50.468196+00:00,0.0,0.0,,,0.1,0.2
2026-07-14,Spain,30.305,21.25,21.3,18.605,11.7,-38.6,2026-07-14T10:31:50.468196+00:00,34.452,32.43,21.2,21.3,21.2,21.4
2026-07-14,Sweden,0.0,0.05,0.25,0.131,-0.131,,2026-07-14T10:31:50.468196+00:00,0.0,0.0,,,0.2,0.3
2026-07-14,Switzerland,0.0,1.9,2.1,1.749,-1.749,,2026-07-14T10:31:50.468196+00:00,0.0,0.0,,,1.8,2.4
2026-07-14,United States,0.0,0.1,0.45,0.24,-0.24,,2026-07-14T10:31:50.468196+00:00,0.0,0.0,,,0.4,0.5
2026-07-14,Uruguay,0.0,0.05,0.15,0.087,-0.087,,2026-07-14T10:31:50.468196+00:00,0.0,0.0,,,0.1,0.2
2026-07-14,Uzbekistan,0.0,0.05,,0.044,-0.044,,2026-07-14T10:31:50.468196+00:00,0.0,0.0,,,,
2026-07-15,Algeria,0.0,0.05,0.15,0.086,-0.086,,2026-07-15T10:36:16.189753+00:00,0.0,0.0,,,0.1,0.2
2026-07-15,Argentina,21.001,19.65,20.2,17.066,3.935,-18.7,2026-07-15T10:36:16.189753+00:00,23.708,22.343,19.6,19.7,19.7,20.7
2026-07-15,Australia,0.0,0.05,0.15,0.086,-0.086,,2026-07-15T10:36:16.189753+00:00,0.0,0.0,,,0.1,0.2
2026-07-15,Austria,0.0,0.05,0.15,0.086,-0.086,,2026-07-15T10:36:16.189753+00:00,0.0,0.0,,,0.1,0.2
2026-07-15,Belgium,0.0,0.05,2.05,0.899,-0.899,,2026-07-15T10:36:16.189753+00:00,0.0,0.0,,,1.9,2.2
2026-07-15,Bosnia and Herzegovina,0.0,0.1,,0.086,-0.086,,2026-07-15T10:36:16.189753+00:00,0.0,0.0,,,,
2026-07-15,Brazil,0.0,0.05,2.15,0.942,-0.942,,2026-07-15T10:36:16.189753+00:00,0.0,0.0,,,1.5,2.8
2026-07-15,Canada,0.0,0.05,0.15,0.086,-0.086,,2026-07-15T10:36:16.189753+00:00,0.0,0.0,,,0.1,0.2
2026-07-15,Cape Verde,0.0,0.1,0.55,0.278,-0.278,,2026-07-15T10:36:16.189753+00:00,0.0,0.0,,,0.4,0.7
2026-07-15,Colombia,0.0,0.1,2.65,1.178,-1.178,,2026-07-15T10:36:16.189753+00:00,0.0,0.0,,,2.6,2.7
2026-07-15,Croatia,0.0,0.1,0.35,0.193,-0.193,,2026-07-15T10:36:16.189753+00:00,0.0,0.0,,,0.3,0.4
2026-07-15,Curacao,0.0,0.05,,0.043,-0.043,,2026-07-15T10:36:16.189753+00:00,0.0,0.0,,,,
2026-07-15,Czechia,0.0,0.05,,0.043,-0.043,,2026-07-15T10:36:16.189753+00:00,0.0,0.0,,,,
2026-07-15,DR Congo,0.0,0.05,,0.043,-0.043,,2026-07-15T10:36:16.189753+00:00,0.0,0.0,,,,
2026-07-15,Ecuador,0.0,0.05,0.15,0.086,-0.086,,2026-07-15T10:36:16.189753+00:00,0.0,0.0,,,0.1,0.2
2026-07-15,Egypt,0.0,0.05,0.15,0.086,-0.086,,2026-07-15T10:36:16.189753+00:00,0.0,0.0,,,0.1,0.2
2026-07-15,England,21.885,22.65,22.75,19.443,2.442,-11.2,2026-07-15T10:36:16.189753+00:00,18.171,19.968,22.6,22.7,22.7,22.8
2026-07-15,France,0.0,0.1,2.7,1.199,-1.199,,2026-07-15T10:36:16.189753+00:00,0.0,0.0,,,2.6,2.8
2026-07-15,Germany,0.0,0.1,2.75,1.221,-1.221,,2026-07-15T10:36:16.189753+00:00,0.0,0.0,,,2.7,2.8
2026-07-15,Ghana,0.0,0.05,0.15,0.086,-0.086,,2026-07-15T10:36:16.189753+00:00,0.0,0.0,,,0.1,0.2
2026-07-15,Iran,0.0,0.05,,0.043,-0.043,,2026-07-15T10:36:16.189753+00:00,0.0,0.0,,,,
2026-07-15,Iraq,0.0,0.05,,0.043,-0.043,,2026-07-15T10:36:16.189753+00:00,0.0,0.0,,,,
2026-07-15,Ivory Coast,0.0,0.1,0.25,0.15,-0.15,,2026-07-15T10:36:16.189753+00:00,0.0,0.0,,,0.2,0.3
2026-07-15,Japan,0.0,0.05,1.05,0.471,-0.471,,2026-07-15T10:36:16.189753+00:00,0.0,0.0,,,1.0,1.1
2026-07-15,Mexico,0.0,0.05,0.85,0.385,-0.385,,2026-07-15T10:36:16.189753+00:00,0.0,0.0,,,0.8,0.9
2026-07-15,Morocco,0.0,0.1,0.95,0.45,-0.45,,2026-07-15T10:36:16.189753+00:00,0.0,0.0,,,0.9,1.0
2026-07-15,Netherlands,0.0,0.05,4.7,2.034,-2.034,,2026-07-15T10:36:16.189753+00:00,0.0,0.0,,,4.0,5.4
2026-07-15,New Zealand,0.0,0.05,,0.043,-0.043,,2026-07-15T10:36:16.189753+00:00,0.0,0.0,,,,
2026-07-15,Norway,0.0,0.1,0.65,0.321,-0.321,,2026-07-15T10:36:16.189753+00:00,0.0,0.0,,,0.6,0.7
2026-07-15,Panama,0.0,0.05,,0.043,-0.043,,2026-07-15T10:36:16.189753+00:00,0.0,0.0,,,,
2026-07-15,Paraguay,0.0,0.05,0.4,0.193,-0.193,,2026-07-15T10:36:16.189753+00:00,0.0,0.0,,,0.3,0.5
2026-07-15,Portugal,0.0,0.05,0.3,0.15,-0.15,,2026-07-15T10:36:16.189753+00:00,0.0,0.0,,,0.2,0.4
2026-07-15,Qatar,0.0,0.05,,0.043,-0.043,,2026-07-15T10:36:16.189753+00:00,0.0,0.0,,,,
2026-07-15,Saudi Arabia,0.0,0.05,,0.043,-0.043,,2026-07-15T10:36:16.189753+00:00,0.0,0.0,,,,
2026-07-15,Scotland,0.0,0.05,0.15,0.086,-0.086,,2026-07-15T10:36:16.189753+00:00,0.0,0.0,,,0.1,0.2
2026-07-15,Senegal,0.0,0.05,0.45,0.214,-0.214,,2026-07-15T10:36:16.189753+00:00,0.0,0.0,,,0.4,0.5
2026-07-15,South Africa,0.0,0.05,,0.043,-0.043,,2026-07-15T10:36:16.189753+00:00,0.0,0.0,,,,
2026-07-15,South Korea,0.0,0.05,0.15,0.086,-0.086,,2026-07-15T10:36:16.189753+00:00,0.0,0.0,,,0.1,0.2
2026-07-15,Spain,57.114,58.15,57.95,49.722,7.392,-12.9,2026-07-15T10:36:16.189753+00:00,58.121,57.69,58.1,58.2,57.9,58.0
2026-07-15,Sweden,0.0,0.05,0.25,0.128,-0.128,,2026-07-15T10:36:16.189753+00:00,0.0,0.0,,,0.2,0.3
2026-07-15,Switzerland,0.0,1.9,2.1,1.713,-1.713,,2026-07-15T10:36:16.189753+00:00,0.0,0.0,,,1.8,2.4
2026-07-15,United States,0.0,0.1,0.45,0.236,-0.236,,2026-07-15T10:36:16.189753+00:00,0.0,0.0,,,0.4,0.5
2026-07-15,Uruguay,0.0,0.05,0.15,0.086,-0.086,,2026-07-15T10:36:16.189753+00:00,0.0,0.0,,,0.1,0.2
2026-07-15,Uzbekistan,0.0,0.05,,0.043,-0.043,,2026-07-15T10:36:16.189753+00:00,0.0,0.0,,,,
2026-07-16,Algeria,0.0,0.05,0.15,0.08,-0.08,,2026-07-16T10:41:35.216855+00:00,0.0,0.0,,,0.1,0.2
2026-07-16,Argentina,42.51,41.55,42.3,33.386,9.123,-21.5,2026-07-16T10:41:35.216855+00:00,43.701,43.104,41.5,41.6,41.9,42.7
2026-07-16,Australia,0.0,0.05,0.15,0.08,-0.08,,2026-07-16T10:41:35.216855+00:00,0.0,0.0,,,0.1,0.2
2026-07-16,Austria,0.0,0.05,0.15,0.08,-0.08,,2026-07-16T10:41:35.216855+00:00,0.0,0.0,,,0.1,0.2
2026-07-16,Belgium,0.0,0.05,2.05,0.836,-0.836,,2026-07-16T10:41:35.216855+00:00,0.0,0.0,,,1.9,2.2
2026-07-16,Bosnia and Herzegovina,0.0,0.1,,0.08,-0.08,,2026-07-16T10:41:35.216855+00:00,0.0,0.0,,,,
2026-07-16,Brazil,0.0,0.05,2.15,0.876,-0.876,,2026-07-16T10:41:35.216855+00:00,0.0,0.0,,,1.5,2.8
2026-07-16,Canada,0.0,0.05,0.15,0.08,-0.08,,2026-07-16T10:41:35.216855+00:00,0.0,0.0,,,0.1,0.2
2026-07-16,Cape Verde,0.0,0.1,0.55,0.259,-0.259,,2026-07-16T10:41:35.216855+00:00,0.0,0.0,,,0.4,0.7
2026-07-16,Colombia,0.0,0.1,2.65,1.095,-1.095,,2026-07-16T10:41:35.216855+00:00,0.0,0.0,,,2.6,2.7
2026-07-16,Croatia,0.0,0.1,0.35,0.179,-0.179,,2026-07-16T10:41:35.216855+00:00,0.0,0.0,,,0.3,0.4
2026-07-16,Curacao,0.0,0.05,,0.04,-0.04,,2026-07-16T10:41:35.216855+00:00,0.0,0.0,,,,
2026-07-16,Czechia,0.0,0.05,,0.04,-0.04,,2026-07-16T10:41:35.216855+00:00,0.0,0.0,,,,
2026-07-16,DR Congo,0.0,0.05,,0.04,-0.04,,2026-07-16T10:41:35.216855+00:00,0.0,0.0,,,,
2026-07-16,Ecuador,0.0,0.05,0.15,0.08,-0.08,,2026-07-16T10:41:35.216855+00:00,0.0,0.0,,,0.1,0.2
2026-07-16,Egypt,0.0,0.05,0.15,0.08,-0.08,,2026-07-16T10:41:35.216855+00:00,0.0,0.0,,,0.1,0.2
2026-07-16,England,0.0,0.1,18.95,7.585,-7.585,,2026-07-16T10:41:35.216855+00:00,0.0,0.0,,,17.1,20.8
2026-07-16,France,0.0,0.1,2.7,1.115,-1.115,,2026-07-16T10:41:35.216855+00:00,0.0,0.0,,,2.6,2.8
2026-07-16,Germany,0.0,0.1,2.75,1.135,-1.135,,2026-07-16T10:41:35.216855+00:00,0.0,0.0,,,2.7,2.8
2026-07-16,Ghana,0.0,0.05,0.15,0.08,-0.08,,2026-07-16T10:41:35.216855+00:00,0.0,0.0,,,0.1,0.2
2026-07-16,Iran,0.0,0.05,,0.04,-0.04,,2026-07-16T10:41:35.216855+00:00,0.0,0.0,,,,
2026-07-16,Iraq,0.0,0.05,,0.04,-0.04,,2026-07-16T10:41:35.216855+00:00,0.0,0.0,,,,
2026-07-16,Ivory Coast,0.0,0.1,0.25,0.139,-0.139,,2026-07-16T10:41:35.216855+00:00,0.0,0.0,,,0.2,0.3
2026-07-16,Japan,0.0,0.05,1.05,0.438,-0.438,,2026-07-16T10:41:35.216855+00:00,0.0,0.0,,,1.0,1.1
2026-07-16,Mexico,0.0,0.05,0.85,0.358,-0.358,,2026-07-16T10:41:35.216855+00:00,0.0,0.0,,,0.8,0.9
2026-07-16,Morocco,0.0,0.1,0.95,0.418,-0.418,,2026-07-16T10:41:35.216855+00:00,0.0,0.0,,,0.9,1.0
2026-07-16,Netherlands,0.0,0.05,4.7,1.891,-1.891,,2026-07-16T10:41:35.216855+00:00,0.0,0.0,,,4.0,5.4
2026-07-16,New Zealand,0.0,0.05,,0.04,-0.04,,2026-07-16T10:41:35.216855+00:00,0.0,0.0,,,,
2026-07-16,Norway,0.0,0.1,0.65,0.299,-0.299,,2026-07-16T10:41:35.216855+00:00,0.0,0.0,,,0.6,0.7
2026-07-16,Panama,0.0,0.05,,0.04,-0.04,,2026-07-16T10:41:35.216855+00:00,0.0,0.0,,,,
2026-07-16,Paraguay,0.0,0.05,0.4,0.179,-0.179,,2026-07-16T10:41:35.216855+00:00,0.0,0.0,,,0.3,0.5
2026-07-16,Portugal,0.0,0.05,0.3,0.139,-0.139,,2026-07-16T10:41:35.216855+00:00,0.0,0.0,,,0.2,0.4
2026-07-16,Qatar,0.0,0.05,,0.04,-0.04,,2026-07-16T10:41:35.216855+00:00,0.0,0.0,,,,
2026-07-16,Saudi Arabia,0.0,0.05,,0.04,-0.04,,2026-07-16T10:41:35.216855+00:00,0.0,0.0,,,,
2026-07-16,Scotland,0.0,0.05,0.15,0.08,-0.08,,2026-07-16T10:41:35.216855+00:00,0.0,0.0,,,0.1,0.2
2026-07-16,Senegal,0.0,0.05,0.45,0.199,-0.199,,2026-07-16T10:41:35.216855+00:00,0.0,0.0,,,0.4,0.5
2026-07-16,South Africa,0.0,0.05,,0.04,-0.04,,2026-07-16T10:41:35.216855+00:00,0.0,0.0,,,,
2026-07-16,South Korea,0.0,0.05,0.15,0.08,-0.08,,2026-07-16T10:41:35.216855+00:00,0.0,0.0,,,0.1,0.2
2026-07-16,Spain,57.49,57.95,58.15,46.227,11.263,-19.6,2026-07-16T10:41:35.216855+00:00,56.299,56.896,57.9,58.0,58.1,58.2
2026-07-16,Sweden,0.0,0.05,0.25,0.119,-0.119,,2026-07-16T10:41:35.216855+00:00,0.0,0.0,,,0.2,0.3
2026-07-16,Switzerland,0.0,1.9,2.1,1.593,-1.593,,2026-07-16T10:41:35.216855+00:00,0.0,0.0,,,1.8,2.4
2026-07-16,United States,0.0,0.1,0.45,0.219,-0.219,,2026-07-16T10:41:35.216855+00:00,0.0,0.0,,,0.4,0.5
2026-07-16,Uruguay,0.0,0.05,0.15,0.08,-0.08,,2026-07-16T10:41:35.216855+00:00,0.0,0.0,,,0.1,0.2
2026-07-16,Uzbekistan,0.0,0.05,,0.04,-0.04,,2026-07-16T10:41:35.216855+00:00,0.0,0.0,,,,
2026-07-17,Algeria,0.0,0.05,0.15,0.08,-0.08,,2026-07-17T10:33:21.731082+00:00,0.0,0.0,,,0.1,0.2
2026-07-17,Argentina,42.51,41.15,41.85,33.094,9.416,-22.1,2026-07-17T10:33:21.731082+00:00,43.701,43.104,41.1,41.2,41.8,41.9
2026-07-17,Australia,0.0,0.05,0.15,0.08,-0.08,,2026-07-17T10:33:21.731082+00:00,0.0,0.0,,,0.1,0.2
2026-07-17,Austria,0.0,0.05,0.15,0.08,-0.08,,2026-07-17T10:33:21.731082+00:00,0.0,0.0,,,0.1,0.2
2026-07-17,Belgium,0.0,0.05,2.05,0.837,-0.837,,2026-07-17T10:33:21.731082+00:00,0.0,0.0,,,1.9,2.2
2026-07-17,Bosnia and Herzegovina,0.0,0.1,,0.08,-0.08,,2026-07-17T10:33:21.731082+00:00,0.0,0.0,,,,
2026-07-17,Brazil,0.0,0.05,2.15,0.877,-0.877,,2026-07-17T10:33:21.731082+00:00,0.0,0.0,,,1.5,2.8
2026-07-17,Canada,0.0,0.05,0.15,0.08,-0.08,,2026-07-17T10:33:21.731082+00:00,0.0,0.0,,,0.1,0.2
2026-07-17,Cape Verde,0.0,0.1,0.55,0.259,-0.259,,2026-07-17T10:33:21.731082+00:00,0.0,0.0,,,0.4,0.7
2026-07-17,Colombia,0.0,0.1,2.65,1.096,-1.096,,2026-07-17T10:33:21.731082+00:00,0.0,0.0,,,2.6,2.7
2026-07-17,Croatia,0.0,0.1,0.35,0.179,-0.179,,2026-07-17T10:33:21.731082+00:00,0.0,0.0,,,0.3,0.4
2026-07-17,Curacao,0.0,0.05,,0.04,-0.04,,2026-07-17T10:33:21.731082+00:00,0.0,0.0,,,,
2026-07-17,Czechia,0.0,0.05,,0.04,-0.04,,2026-07-17T10:33:21.731082+00:00,0.0,0.0,,,,
2026-07-17,DR Congo,0.0,0.05,,0.04,-0.04,,2026-07-17T10:33:21.731082+00:00,0.0,0.0,,,,
2026-07-17,Ecuador,0.0,0.05,0.15,0.08,-0.08,,2026-07-17T10:33:21.731082+00:00,0.0,0.0,,,0.1,0.2
2026-07-17,Egypt,0.0,0.05,0.15,0.08,-0.08,,2026-07-17T10:33:21.731082+00:00,0.0,0.0,,,0.1,0.2
2026-07-17,England,0.0,0.1,18.95,7.596,-7.596,,2026-07-17T10:33:21.731082+00:00,0.0,0.0,,,17.1,20.8
2026-07-17,France,0.0,0.1,2.7,1.116,-1.116,,2026-07-17T10:33:21.731082+00:00,0.0,0.0,,,2.6,2.8
2026-07-17,Germany,0.0,0.1,2.75,1.136,-1.136,,2026-07-17T10:33:21.731082+00:00,0.0,0.0,,,2.7,2.8
2026-07-17,Ghana,0.0,0.05,0.15,0.08,-0.08,,2026-07-17T10:33:21.731082+00:00,0.0,0.0,,,0.1,0.2
2026-07-17,Iran,0.0,0.05,,0.04,-0.04,,2026-07-17T10:33:21.731082+00:00,0.0,0.0,,,,
2026-07-17,Iraq,0.0,0.05,,0.04,-0.04,,2026-07-17T10:33:21.731082+00:00,0.0,0.0,,,,
2026-07-17,Ivory Coast,0.0,0.1,0.25,0.14,-0.14,,2026-07-17T10:33:21.731082+00:00,0.0,0.0,,,0.2,0.3
2026-07-17,Japan,0.0,0.05,1.05,0.439,-0.439,,2026-07-17T10:33:21.731082+00:00,0.0,0.0,,,1.0,1.1
2026-07-17,Mexico,0.0,0.05,0.85,0.359,-0.359,,2026-07-17T10:33:21.731082+00:00,0.0,0.0,,,0.8,0.9
2026-07-17,Morocco,0.0,0.1,0.95,0.419,-0.419,,2026-07-17T10:33:21.731082+00:00,0.0,0.0,,,0.9,1.0
2026-07-17,Netherlands,0.0,0.05,4.7,1.894,-1.894,,2026-07-17T10:33:21.731082+00:00,0.0,0.0,,,4.0,5.4
2026-07-17,New Zealand,0.0,0.05,,0.04,-0.04,,2026-07-17T10:33:21.731082+00:00,0.0,0.0,,,,
2026-07-17,Norway,0.0,0.1,0.65,0.299,-0.299,,2026-07-17T10:33:21.731082+00:00,0.0,0.0,,,0.6,0.7
2026-07-17,Panama,0.0,0.05,,0.04,-0.04,,2026-07-17T10:33:21.731082+00:00,0.0,0.0,,,,
2026-07-17,Paraguay,0.0,0.05,0.4,0.179,-0.179,,2026-07-17T10:33:21.731082+00:00,0.0,0.0,,,0.3,0.5
2026-07-17,Portugal,0.0,0.05,0.3,0.14,-0.14,,2026-07-17T10:33:21.731082+00:00,0.0,0.0,,,0.2,0.4
2026-07-17,Qatar,0.0,0.05,,0.04,-0.04,,2026-07-17T10:33:21.731082+00:00,0.0,0.0,,,,
2026-07-17,Saudi Arabia,0.0,0.05,,0.04,-0.04,,2026-07-17T10:33:21.731082+00:00,0.0,0.0,,,,
2026-07-17,Scotland,0.0,0.05,0.15,0.08,-0.08,,2026-07-17T10:33:21.731082+00:00,0.0,0.0,,,0.1,0.2
2026-07-17,Senegal,0.0,0.05,0.45,0.199,-0.199,,2026-07-17T10:33:21.731082+00:00,0.0,0.0,,,0.4,0.5
2026-07-17,South Africa,0.0,0.05,,0.04,-0.04,,2026-07-17T10:33:21.731082+00:00,0.0,0.0,,,,
2026-07-17,South Korea,0.0,0.05,0.15,0.08,-0.08,,2026-07-17T10:33:21.731082+00:00,0.0,0.0,,,0.1,0.2
2026-07-17,Spain,57.49,58.55,58.05,46.491,10.999,-19.1,2026-07-17T10:33:21.731082+00:00,56.299,56.896,58.5,58.6,58.0,58.1
2026-07-17,Sweden,0.0,0.05,0.25,0.12,-0.12,,2026-07-17T10:33:21.731082+00:00,0.0,0.0,,,0.2,0.3
2026-07-17,Switzerland,0.0,1.9,2.1,1.595,-1.595,,2026-07-17T10:33:21.731082+00:00,0.0,0.0,,,1.8,2.4
2026-07-17,United States,0.0,0.1,0.45,0.219,-0.219,,2026-07-17T10:33:21.731082+00:00,0.0,0.0,,,0.4,0.5
2026-07-17,Uruguay,0.0,0.05,0.15,0.08,-0.08,,2026-07-17T10:33:21.731082+00:00,0.0,0.0,,,0.1,0.2
2026-07-17,Uzbekistan,0.0,0.05,,0.04,-0.04,,2026-07-17T10:33:21.731082+00:00,0.0,0.0,,,,
2026-07-18,Algeria,0.0,0.05,0.15,0.08,-0.08,,2026-07-18T10:06:02.755198+00:00,0.0,0.0,,,0.1,0.2
2026-07-18,Argentina,42.51,40.15,41.25,32.501,10.008,-23.5,2026-07-18T10:06:02.755198+00:00,43.701,43.104,40.1,40.2,40.9,41.6
2026-07-18,Australia,0.0,0.05,0.15,0.08,-0.08,,2026-07-18T10:06:02.755198+00:00,0.0,0.0,,,0.1,0.2
2026-07-18,Austria,0.0,0.05,0.15,0.08,-0.08,,2026-07-18T10:06:02.755198+00:00,0.0,0.0,,,0.1,0.2
2026-07-18,Belgium,0.0,0.05,2.05,0.838,-0.838,,2026-07-18T10:06:02.755198+00:00,0.0,0.0,,,1.9,2.2
2026-07-18,Bosnia and Herzegovina,0.0,0.1,,0.08,-0.08,,2026-07-18T10:06:02.755198+00:00,0.0,0.0,,,,
2026-07-18,Brazil,0.0,0.05,2.15,0.878,-0.878,,2026-07-18T10:06:02.755198+00:00,0.0,0.0,,,1.5,2.8
2026-07-18,Canada,0.0,0.05,0.15,0.08,-0.08,,2026-07-18T10:06:02.755198+00:00,0.0,0.0,,,0.1,0.2
2026-07-18,Cape Verde,0.0,0.1,0.55,0.26,-0.26,,2026-07-18T10:06:02.755198+00:00,0.0,0.0,,,0.4,0.7
2026-07-18,Colombia,0.0,0.1,2.65,1.098,-1.098,,2026-07-18T10:06:02.755198+00:00,0.0,0.0,,,2.6,2.7
2026-07-18,Croatia,0.0,0.1,0.35,0.18,-0.18,,2026-07-18T10:06:02.755198+00:00,0.0,0.0,,,0.3,0.4
2026-07-18,Curacao,0.0,0.05,,0.04,-0.04,,2026-07-18T10:06:02.755198+00:00,0.0,0.0,,,,
2026-07-18,Czechia,0.0,0.05,,0.04,-0.04,,2026-07-18T10:06:02.755198+00:00,0.0,0.0,,,,
2026-07-18,DR Congo,0.0,0.05,,0.04,-0.04,,2026-07-18T10:06:02.755198+00:00,0.0,0.0,,,,
2026-07-18,Ecuador,0.0,0.05,0.15,0.08,-0.08,,2026-07-18T10:06:02.755198+00:00,0.0,0.0,,,0.1,0.2
2026-07-18,Egypt,0.0,0.05,0.15,0.08,-0.08,,2026-07-18T10:06:02.755198+00:00,0.0,0.0,,,0.1,0.2
2026-07-18,England,0.0,0.1,18.95,7.606,-7.606,,2026-07-18T10:06:02.755198+00:00,0.0,0.0,,,17.1,20.8
2026-07-18,France,0.0,0.1,2.7,1.118,-1.118,,2026-07-18T10:06:02.755198+00:00,0.0,0.0,,,2.6,2.8
2026-07-18,Germany,0.0,0.1,2.75,1.138,-1.138,,2026-07-18T10:06:02.755198+00:00,0.0,0.0,,,2.7,2.8
2026-07-18,Ghana,0.0,0.05,0.15,0.08,-0.08,,2026-07-18T10:06:02.755198+00:00,0.0,0.0,,,0.1,0.2
2026-07-18,Iran,0.0,0.05,,0.04,-0.04,,2026-07-18T10:06:02.755198+00:00,0.0,0.0,,,,
2026-07-18,Iraq,0.0,0.05,,0.04,-0.04,,2026-07-18T10:06:02.755198+00:00,0.0,0.0,,,,
2026-07-18,Ivory Coast,0.0,0.1,0.25,0.14,-0.14,,2026-07-18T10:06:02.755198+00:00,0.0,0.0,,,0.2,0.3
2026-07-18,Japan,0.0,0.05,1.05,0.439,-0.439,,2026-07-18T10:06:02.755198+00:00,0.0,0.0,,,1.0,1.1
2026-07-18,Mexico,0.0,0.05,0.85,0.359,-0.359,,2026-07-18T10:06:02.755198+00:00,0.0,0.0,,,0.8,0.9
2026-07-18,Morocco,0.0,0.1,0.95,0.419,-0.419,,2026-07-18T10:06:02.755198+00:00,0.0,0.0,,,0.9,1.0
2026-07-18,Netherlands,0.0,0.05,4.7,1.897,-1.897,,2026-07-18T10:06:02.755198+00:00,0.0,0.0,,,4.0,5.4
2026-07-18,New Zealand,0.0,0.05,,0.04,-0.04,,2026-07-18T10:06:02.755198+00:00,0.0,0.0,,,,
2026-07-18,Norway,0.0,0.1,0.65,0.299,-0.299,,2026-07-18T10:06:02.755198+00:00,0.0,0.0,,,0.6,0.7
2026-07-18,Panama,0.0,0.05,,0.04,-0.04,,2026-07-18T10:06:02.755198+00:00,0.0,0.0,,,,
2026-07-18,Paraguay,0.0,0.05,0.4,0.18,-0.18,,2026-07-18T10:06:02.755198+00:00,0.0,0.0,,,0.3,0.5
2026-07-18,Portugal,0.0,0.05,0.3,0.14,-0.14,,2026-07-18T10:06:02.755198+00:00,0.0,0.0,,,0.2,0.4
2026-07-18,Qatar,0.0,0.05,,0.04,-0.04,,2026-07-18T10:06:02.755198+00:00,0.0,0.0,,,,
2026-07-18,Saudi Arabia,0.0,0.05,,0.04,-0.04,,2026-07-18T10:06:02.755198+00:00,0.0,0.0,,,,
2026-07-18,Scotland,0.0,0.05,0.15,0.08,-0.08,,2026-07-18T10:06:02.755198+00:00,0.0,0.0,,,0.1,0.2
2026-07-18,Senegal,0.0,0.05,0.45,0.2,-0.2,,2026-07-18T10:06:02.755198+00:00,0.0,0.0,,,0.4,0.5
2026-07-18,South Africa,0.0,0.05,,0.04,-0.04,,2026-07-18T10:06:02.755198+00:00,0.0,0.0,,,,
2026-07-18,South Korea,0.0,0.05,0.15,0.08,-0.08,,2026-07-18T10:06:02.755198+00:00,0.0,0.0,,,0.1,0.2
2026-07-18,Spain,57.49,59.15,58.7,47.055,10.435,-18.2,2026-07-18T10:06:02.755198+00:00,56.299,56.896,59.1,59.2,58.5,58.9
2026-07-18,Sweden,0.0,0.05,0.25,0.12,-0.12,,2026-07-18T10:06:02.755198+00:00,0.0,0.0,,,0.2,0.3
2026-07-18,Switzerland,0.0,1.9,2.1,1.597,-1.597,,2026-07-18T10:06:02.755198+00:00,0.0,0.0,,,1.8,2.4
2026-07-18,United States,0.0,0.1,0.45,0.22,-0.22,,2026-07-18T10:06:02.755198+00:00,0.0,0.0,,,0.4,0.5
2026-07-18,Uruguay,0.0,0.05,0.15,0.08,-0.08,,2026-07-18T10:06:02.755198+00:00,0.0,0.0,,,0.1,0.2
2026-07-18,Uzbekistan,0.0,0.05,,0.04,-0.04,,2026-07-18T10:06:02.755198+00:00,0.0,0.0,,,,
2026-07-19,Algeria,0.0,0.05,0.15,0.08,-0.08,,2026-07-19T10:22:34.944534+00:00,0.0,0.0,,,0.1,0.2
2026-07-19,Argentina,42.51,40.95,41.05,32.643,9.867,-23.2,2026-07-19T10:22:34.944534+00:00,43.701,43.104,40.9,41.0,40.6,41.5
2026-07-19,Australia,0.0,0.05,0.15,0.08,-0.08,,2026-07-19T10:22:34.944534+00:00,0.0,0.0,,,0.1,0.2
2026-07-19,Austria,0.0,0.05,0.15,0.08,-0.08,,2026-07-19T10:22:34.944534+00:00,0.0,0.0,,,0.1,0.2
2026-07-19,Belgium,0.0,0.05,2.05,0.836,-0.836,,2026-07-19T10:22:34.944534+00:00,0.0,0.0,,,1.9,2.2
2026-07-19,Bosnia and Herzegovina,0.0,0.1,,0.08,-0.08,,2026-07-19T10:22:34.944534+00:00,0.0,0.0,,,,
2026-07-19,Brazil,0.0,0.05,2.15,0.876,-0.876,,2026-07-19T10:22:34.944534+00:00,0.0,0.0,,,1.5,2.8
2026-07-19,Canada,0.0,0.05,0.15,0.08,-0.08,,2026-07-19T10:22:34.944534+00:00,0.0,0.0,,,0.1,0.2
2026-07-19,Cape Verde,0.0,0.1,0.55,0.259,-0.259,,2026-07-19T10:22:34.944534+00:00,0.0,0.0,,,0.4,0.7
2026-07-19,Colombia,0.0,0.1,2.65,1.095,-1.095,,2026-07-19T10:22:34.944534+00:00,0.0,0.0,,,2.6,2.7
2026-07-19,Croatia,0.0,0.1,0.35,0.179,-0.179,,2026-07-19T10:22:34.944534+00:00,0.0,0.0,,,0.3,0.4
2026-07-19,Curacao,0.0,0.05,,0.04,-0.04,,2026-07-19T10:22:34.944534+00:00,0.0,0.0,,,,
2026-07-19,Czechia,0.0,0.05,,0.04,-0.04,,2026-07-19T10:22:34.944534+00:00,0.0,0.0,,,,
2026-07-19,DR Congo,0.0,0.05,,0.04,-0.04,,2026-07-19T10:22:34.944534+00:00,0.0,0.0,,,,
2026-07-19,Ecuador,0.0,0.05,0.15,0.08,-0.08,,2026-07-19T10:22:34.944534+00:00,0.0,0.0,,,0.1,0.2
2026-07-19,Egypt,0.0,0.05,0.15,0.08,-0.08,,2026-07-19T10:22:34.944534+00:00,0.0,0.0,,,0.1,0.2
2026-07-19,England,0.0,0.1,18.95,7.584,-7.584,,2026-07-19T10:22:34.944534+00:00,0.0,0.0,,,17.1,20.8
2026-07-19,France,0.0,0.1,2.7,1.115,-1.115,,2026-07-19T10:22:34.944534+00:00,0.0,0.0,,,2.6,2.8
2026-07-19,Germany,0.0,0.1,2.75,1.135,-1.135,,2026-07-19T10:22:34.944534+00:00,0.0,0.0,,,2.7,2.8
2026-07-19,Ghana,0.0,0.05,0.15,0.08,-0.08,,2026-07-19T10:22:34.944534+00:00,0.0,0.0,,,0.1,0.2
2026-07-19,Iran,0.0,0.05,,0.04,-0.04,,2026-07-19T10:22:34.944534+00:00,0.0,0.0,,,,
2026-07-19,Iraq,0.0,0.05,,0.04,-0.04,,2026-07-19T10:22:34.944534+00:00,0.0,0.0,,,,
2026-07-19,Ivory Coast,0.0,0.1,0.25,0.139,-0.139,,2026-07-19T10:22:34.944534+00:00,0.0,0.0,,,0.2,0.3
2026-07-19,Japan,0.0,0.05,1.05,0.438,-0.438,,2026-07-19T10:22:34.944534+00:00,0.0,0.0,,,1.0,1.1
2026-07-19,Mexico,0.0,0.05,0.85,0.358,-0.358,,2026-07-19T10:22:34.944534+00:00,0.0,0.0,,,0.8,0.9
2026-07-19,Morocco,0.0,0.1,0.95,0.418,-0.418,,2026-07-19T10:22:34.944534+00:00,0.0,0.0,,,0.9,1.0
2026-07-19,Netherlands,0.0,0.05,4.7,1.891,-1.891,,2026-07-19T10:22:34.944534+00:00,0.0,0.0,,,4.0,5.4
2026-07-19,New Zealand,0.0,0.05,,0.04,-0.04,,2026-07-19T10:22:34.944534+00:00,0.0,0.0,,,,
2026-07-19,Norway,0.0,0.1,0.65,0.299,-0.299,,2026-07-19T10:22:34.944534+00:00,0.0,0.0,,,0.6,0.7
2026-07-19,Panama,0.0,0.05,,0.04,-0.04,,2026-07-19T10:22:34.944534+00:00,0.0,0.0,,,,
2026-07-19,Paraguay,0.0,0.05,0.4,0.179,-0.179,,2026-07-19T10:22:34.944534+00:00,0.0,0.0,,,0.3,0.5
2026-07-19,Portugal,0.0,0.05,0.3,0.139,-0.139,,2026-07-19T10:22:34.944534+00:00,0.0,0.0,,,0.2,0.4
2026-07-19,Qatar,0.0,0.05,,0.04,-0.04,,2026-07-19T10:22:34.944534+00:00,0.0,0.0,,,,
2026-07-19,Saudi Arabia,0.0,0.05,,0.04,-0.04,,2026-07-19T10:22:34.944534+00:00,0.0,0.0,,,,
2026-07-19,Scotland,0.0,0.05,0.15,0.08,-0.08,,2026-07-19T10:22:34.944534+00:00,0.0,0.0,,,0.1,0.2
2026-07-19,Senegal,0.0,0.05,0.45,0.199,-0.199,,2026-07-19T10:22:34.944534+00:00,0.0,0.0,,,0.4,0.5
2026-07-19,South Africa,0.0,0.05,,0.04,-0.04,,2026-07-19T10:22:34.944534+00:00,0.0,0.0,,,,
2026-07-19,South Korea,0.0,0.05,0.15,0.08,-0.08,,2026-07-19T10:22:34.944534+00:00,0.0,0.0,,,0.1,0.2
2026-07-19,Spain,57.49,59.05,58.95,46.975,10.516,-18.3,2026-07-19T10:22:34.944534+00:00,56.299,56.896,59.0,59.1,58.5,59.4
2026-07-19,Sweden,0.0,0.05,0.25,0.119,-0.119,,2026-07-19T10:22:34.944534+00:00,0.0,0.0,,,0.2,0.3
2026-07-19,Switzerland,0.0,1.9,2.1,1.592,-1.592,,2026-07-19T10:22:34.944534+00:00,0.0,0.0,,,1.8,2.4
2026-07-19,United States,0.0,0.1,0.45,0.219,-0.219,,2026-07-19T10:22:34.944534+00:00,0.0,0.0,,,0.4,0.5
2026-07-19,Uruguay,0.0,0.05,0.15,0.08,-0.08,,2026-07-19T10:22:34.944534+00:00,0.0,0.0,,,0.1,0.2
2026-07-19,Uzbekistan,0.0,0.05,,0.04,-0.04,,2026-07-19T10:22:34.944534+00:00,0.0,0.0,,,,
2026-07-20,Algeria,0.0,0.05,0.15,0.08,-0.08,,2026-07-20T11:37:30.364366+00:00,0.0,0.0,,,0.1,0.2
2026-07-20,Argentina,0.0,0.1,4.9,1.994,-1.994,,2026-07-20T11:37:30.364366+00:00,0.0,0.0,,,4.0,5.8
2026-07-20,Australia,0.0,0.05,0.15,0.08,-0.08,,2026-07-20T11:37:30.364366+00:00,0.0,0.0,,,0.1,0.2
2026-07-20,Austria,0.0,0.05,0.15,0.08,-0.08,,2026-07-20T11:37:30.364366+00:00,0.0,0.0,,,0.1,0.2
2026-07-20,Belgium,0.0,0.05,2.05,0.838,-0.838,,2026-07-20T11:37:30.364366+00:00,0.0,0.0,,,1.9,2.2
2026-07-20,Bosnia and Herzegovina,0.0,0.1,,0.08,-0.08,,2026-07-20T11:37:30.364366+00:00,0.0,0.0,,,,
2026-07-20,Brazil,0.0,0.05,2.15,0.878,-0.878,,2026-07-20T11:37:30.364366+00:00,0.0,0.0,,,1.5,2.8
2026-07-20,Canada,0.0,0.05,0.15,0.08,-0.08,,2026-07-20T11:37:30.364366+00:00,0.0,0.0,,,0.1,0.2
2026-07-20,Cape Verde,0.0,0.1,0.55,0.259,-0.259,,2026-07-20T11:37:30.364366+00:00,0.0,0.0,,,0.4,0.7
2026-07-20,Colombia,0.0,0.1,2.65,1.097,-1.097,,2026-07-20T11:37:30.364366+00:00,0.0,0.0,,,2.6,2.7
2026-07-20,Croatia,0.0,0.1,0.35,0.179,-0.179,,2026-07-20T11:37:30.364366+00:00,0.0,0.0,,,0.3,0.4
2026-07-20,Curacao,0.0,0.05,,0.04,-0.04,,2026-07-20T11:37:30.364366+00:00,0.0,0.0,,,,
2026-07-20,Czechia,0.0,0.05,,0.04,-0.04,,2026-07-20T11:37:30.364366+00:00,0.0,0.0,,,,
2026-07-20,DR Congo,0.0,0.05,,0.04,-0.04,,2026-07-20T11:37:30.364366+00:00,0.0,0.0,,,,
2026-07-20,Ecuador,0.0,0.05,0.15,0.08,-0.08,,2026-07-20T11:37:30.364366+00:00,0.0,0.0,,,0.1,0.2
2026-07-20,Egypt,0.0,0.05,0.15,0.08,-0.08,,2026-07-20T11:37:30.364366+00:00,0.0,0.0,,,0.1,0.2
2026-07-20,England,0.0,0.1,18.95,7.599,-7.599,,2026-07-20T11:37:30.364366+00:00,0.0,0.0,,,17.1,20.8
2026-07-20,France,0.0,0.1,2.7,1.117,-1.117,,2026-07-20T11:37:30.364366+00:00,0.0,0.0,,,2.6,2.8
2026-07-20,Germany,0.0,0.1,2.75,1.137,-1.137,,2026-07-20T11:37:30.364366+00:00,0.0,0.0,,,2.7,2.8
2026-07-20,Ghana,0.0,0.05,0.15,0.08,-0.08,,2026-07-20T11:37:30.364366+00:00,0.0,0.0,,,0.1,0.2
2026-07-20,Iran,0.0,0.05,,0.04,-0.04,,2026-07-20T11:37:30.364366+00:00,0.0,0.0,,,,
2026-07-20,Iraq,0.0,0.05,,0.04,-0.04,,2026-07-20T11:37:30.364366+00:00,0.0,0.0,,,,
2026-07-20,Ivory Coast,0.0,0.1,0.25,0.14,-0.14,,2026-07-20T11:37:30.364366+00:00,0.0,0.0,,,0.2,0.3
2026-07-20,Japan,0.0,0.05,1.05,0.439,-0.439,,2026-07-20T11:37:30.364366+00:00,0.0,0.0,,,1.0,1.1
2026-07-20,Mexico,0.0,0.05,0.85,0.359,-0.359,,2026-07-20T11:37:30.364366+00:00,0.0,0.0,,,0.8,0.9
2026-07-20,Morocco,0.0,0.1,0.95,0.419,-0.419,,2026-07-20T11:37:30.364366+00:00,0.0,0.0,,,0.9,1.0
2026-07-20,Netherlands,0.0,0.05,4.7,1.895,-1.895,,2026-07-20T11:37:30.364366+00:00,0.0,0.0,,,4.0,5.4
2026-07-20,New Zealand,0.0,0.05,,0.04,-0.04,,2026-07-20T11:37:30.364366+00:00,0.0,0.0,,,,
2026-07-20,Norway,0.0,0.1,0.65,0.299,-0.299,,2026-07-20T11:37:30.364366+00:00,0.0,0.0,,,0.6,0.7
2026-07-20,Panama,0.0,0.05,,0.04,-0.04,,2026-07-20T11:37:30.364366+00:00,0.0,0.0,,,,
2026-07-20,Paraguay,0.0,0.05,0.4,0.179,-0.179,,2026-07-20T11:37:30.364366+00:00,0.0,0.0,,,0.3,0.5
2026-07-20,Portugal,0.0,0.05,0.3,0.14,-0.14,,2026-07-20T11:37:30.364366+00:00,0.0,0.0,,,0.2,0.4
2026-07-20,Qatar,0.0,0.05,,0.04,-0.04,,2026-07-20T11:37:30.364366+00:00,0.0,0.0,,,,
2026-07-20,Saudi Arabia,0.0,0.05,,0.04,-0.04,,2026-07-20T11:37:30.364366+00:00,0.0,0.0,,,,
2026-07-20,Scotland,0.0,0.05,0.15,0.08,-0.08,,2026-07-20T11:37:30.364366+00:00,0.0,0.0,,,0.1,0.2
2026-07-20,Senegal,0.0,0.05,0.45,0.199,-0.199,,2026-07-20T11:37:30.364366+00:00,0.0,0.0,,,0.4,0.5
2026-07-20,South Africa,0.0,0.05,,0.04,-0.04,,2026-07-20T11:37:30.364366+00:00,0.0,0.0,,,,
2026-07-20,South Korea,0.0,0.05,0.15,0.08,-0.08,,2026-07-20T11:37:30.364366+00:00,0.0,0.0,,,0.1,0.2
2026-07-20,Spain,100.0,99.9,94.6,77.583,22.417,-22.4,2026-07-20T11:37:30.364366+00:00,100.0,100.0,,,94.2,95.0
2026-07-20,Sweden,0.0,0.05,0.25,0.12,-0.12,,2026-07-20T11:37:30.364366+00:00,0.0,0.0,,,0.2,0.3
2026-07-20,Switzerland,0.0,1.9,2.1,1.596,-1.596,,2026-07-20T11:37:30.364366+00:00,0.0,0.0,,,1.8,2.4
2026-07-20,United States,0.0,0.1,0.45,0.219,-0.219,,2026-07-20T11:37:30.364366+00:00,0.0,0.0,,,0.4,0.5
2026-07-20,Uruguay,0.0,0.05,0.15,0.08,-0.08,,2026-07-20T11:37:30.364366+00:00,0.0,0.0,,,0.1,0.2
2026-07-20,Uzbekistan,0.0,0.05,,0.04,-0.04,,2026-07-20T11:37:30.364366+00:00,0.0,0.0,,,,
