date,round,team,model_pct,model_state_matches,pm_raw_pct,pm_devig_pct,inserted_at
2026-06-10,final,Algeria,0.702,0,1.5,1.163,2026-07-04T15:36:52.581419+00:00
2026-06-10,final,Argentina,18.906,0,19.5,15.113,2026-07-04T15:36:52.581419+00:00
2026-06-10,final,Australia,0.1,0,1.25,0.969,2026-07-04T15:36:52.581419+00:00
2026-06-10,final,Austria,1.698,0,2.9,2.248,2026-07-04T15:36:52.581419+00:00
2026-06-10,final,Belgium,5.392,0,7.0,5.425,2026-07-04T15:36:52.581419+00:00
2026-06-10,final,Bosnia and Herzegovina,0.184,0,1.5,1.163,2026-07-04T15:36:52.581419+00:00
2026-06-10,final,Brazil,12.58,0,19.5,15.113,2026-07-04T15:36:52.581419+00:00
2026-06-10,final,Canada,1.514,0,1.25,0.969,2026-07-04T15:36:52.581419+00:00
2026-06-10,final,Cape Verde,0.022,0,0.8,0.62,2026-07-04T15:36:52.581419+00:00
2026-06-10,final,Colombia,3.712,0,6.1,4.728,2026-07-04T15:36:52.581419+00:00
2026-06-10,final,Croatia,4.696,0,4.45,3.449,2026-07-04T15:36:52.581419+00:00
2026-06-10,final,Curacao,0.0,0,0.9,0.698,2026-07-04T15:36:52.581419+00:00
2026-06-10,final,Czechia,0.796,0,1.7,1.318,2026-07-04T15:36:52.581419+00:00
2026-06-10,final,DR Congo,0.162,0,1.1,0.853,2026-07-04T15:36:52.581419+00:00
2026-06-10,final,Ecuador,3.104,0,3.6,2.79,2026-07-04T15:36:52.581419+00:00
2026-06-10,final,Egypt,0.47,0,1.1,0.853,2026-07-04T15:36:52.581419+00:00
2026-06-10,final,England,20.874,0,23.0,17.826,2026-07-04T15:36:52.581419+00:00
2026-06-10,final,France,24.75,0,28.5,22.089,2026-07-04T15:36:52.581419+00:00
2026-06-10,final,Germany,9.786,0,12.5,9.688,2026-07-04T15:36:52.581419+00:00
2026-06-10,final,Ghana,0.09,0,1.95,1.511,2026-07-04T15:36:52.581419+00:00
2026-06-10,final,Haiti,0.016,0,0.45,0.349,2026-07-04T15:36:52.581419+00:00
2026-06-10,final,Iran,0.2,0,1.5,1.163,2026-07-04T15:36:52.581419+00:00
2026-06-10,final,Iraq,0.004,0,0.6,0.465,2026-07-04T15:36:52.581419+00:00
2026-06-10,final,Ivory Coast,1.424,0,1.8,1.395,2026-07-04T15:36:52.581419+00:00
2026-06-10,final,Japan,2.828,0,4.55,3.526,2026-07-04T15:36:52.581419+00:00
2026-06-10,final,Jordan,0.01,0,0.6,0.465,2026-07-04T15:36:52.581419+00:00
2026-06-10,final,Mexico,1.322,0,5.8,4.495,2026-07-04T15:36:52.581419+00:00
2026-06-10,final,Morocco,2.958,0,5.05,3.914,2026-07-04T15:36:52.581419+00:00
2026-06-10,final,Netherlands,10.08,0,9.5,7.363,2026-07-04T15:36:52.581419+00:00
2026-06-10,final,New Zealand,0.02,0,1.25,0.969,2026-07-04T15:36:52.581419+00:00
2026-06-10,final,Norway,3.992,0,7.5,5.813,2026-07-04T15:36:52.581419+00:00
2026-06-10,final,Panama,0.068,0,0.4,0.31,2026-07-04T15:36:52.581419+00:00
2026-06-10,final,Paraguay,0.618,0,2.1,1.628,2026-07-04T15:36:52.581419+00:00
2026-06-10,final,Portugal,14.512,0,18.5,14.338,2026-07-04T15:36:52.581419+00:00
2026-06-10,final,Qatar,0.002,0,0.6,0.465,2026-07-04T15:36:52.581419+00:00
2026-06-10,final,Saudi Arabia,0.004,0,1.4,1.085,2026-07-04T15:36:52.581419+00:00
2026-06-10,final,Scotland,0.89,0,1.95,1.511,2026-07-04T15:36:52.581419+00:00
2026-06-10,final,Senegal,3.502,0,2.95,2.286,2026-07-04T15:36:52.581419+00:00
2026-06-10,final,South Africa,0.008,0,1.25,0.969,2026-07-04T15:36:52.581419+00:00
2026-06-10,final,South Korea,0.734,0,1.6,1.24,2026-07-04T15:36:52.581419+00:00
2026-06-10,final,Spain,29.252,0,28.5,22.089,2026-07-04T15:36:52.581419+00:00
2026-06-10,final,Sweden,1.124,0,2.7,2.093,2026-07-04T15:36:52.581419+00:00
2026-06-10,final,Switzerland,4.274,0,3.8,2.945,2026-07-04T15:36:52.581419+00:00
2026-06-10,final,Tunisia,0.034,0,1.0,0.775,2026-07-04T15:36:52.581419+00:00
2026-06-10,final,Turkey,4.81,0,3.85,2.984,2026-07-04T15:36:52.581419+00:00
2026-06-10,final,United States,2.076,0,3.45,2.674,2026-07-04T15:36:52.581419+00:00
2026-06-10,final,Uruguay,5.588,0,3.95,3.061,2026-07-04T15:36:52.581419+00:00
2026-06-10,final,Uzbekistan,0.112,0,1.35,1.046,2026-07-04T15:36:52.581419+00:00
2026-06-10,qf,Algeria,8.036,0,8.0,7.252,2026-07-04T15:36:52.581419+00:00
2026-06-10,qf,Argentina,47.522,0,51.5,46.686,2026-07-04T15:36:52.581419+00:00
2026-06-10,qf,Australia,2.648,0,5.0,4.533,2026-07-04T15:36:52.581419+00:00
2026-06-10,qf,Austria,12.354,0,13.5,12.238,2026-07-04T15:36:52.581419+00:00
2026-06-10,qf,Belgium,33.53,0,37.5,33.994,2026-07-04T15:36:52.581419+00:00
2026-06-10,qf,Bosnia and Herzegovina,6.36,0,5.5,4.986,2026-07-04T15:36:52.581419+00:00
2026-06-10,qf,Brazil,40.366,0,48.0,43.513,2026-07-04T15:36:52.581419+00:00
2026-06-10,qf,Canada,18.308,0,15.5,14.051,2026-07-04T15:36:52.581419+00:00
2026-06-10,qf,Cape Verde,0.976,0,2.25,2.04,2026-07-04T15:36:52.581419+00:00
2026-06-10,qf,Colombia,20.062,0,29.5,26.742,2026-07-04T15:36:52.581419+00:00
2026-06-10,qf,Croatia,22.446,0,20.5,18.584,2026-07-04T15:36:52.581419+00:00
2026-06-10,qf,Curacao,0.172,0,1.5,1.36,2026-07-04T15:36:52.581419+00:00
2026-06-10,qf,Czechia,11.508,0,10.5,9.518,2026-07-04T15:36:52.581419+00:00
2026-06-10,qf,DR Congo,3.09,0,5.85,5.303,2026-07-04T15:36:52.581419+00:00
2026-06-10,qf,Ecuador,19.052,0,19.0,17.224,2026-07-04T15:36:52.581419+00:00
2026-06-10,qf,Egypt,8.434,0,8.5,7.705,2026-07-04T15:36:52.581419+00:00
2026-06-10,qf,England,53.344,0,54.5,49.405,2026-07-04T15:36:52.581419+00:00
2026-06-10,qf,France,55.914,0,58.5,53.031,2026-07-04T15:36:52.581419+00:00
2026-06-10,qf,Germany,32.894,0,38.0,34.448,2026-07-04T15:36:52.581419+00:00
2026-06-10,qf,Ghana,2.222,0,5.0,4.533,2026-07-04T15:36:52.581419+00:00
2026-06-10,qf,Haiti,0.634,0,2.0,1.813,2026-07-04T15:36:52.581419+00:00
2026-06-10,qf,Iran,4.86,0,6.1,5.53,2026-07-04T15:36:52.581419+00:00
2026-06-10,qf,Iraq,0.2,0,2.05,1.858,2026-07-04T15:36:52.581419+00:00
2026-06-10,qf,Ivory Coast,12.45,0,12.5,11.331,2026-07-04T15:36:52.581419+00:00
2026-06-10,qf,Japan,18.03,0,23.0,20.85,2026-07-04T15:36:52.581419+00:00
2026-06-10,qf,Jordan,0.526,0,1.9,1.722,2026-07-04T15:36:52.581419+00:00
2026-06-10,qf,Mexico,15.106,0,24.5,22.21,2026-07-04T15:36:52.581419+00:00
2026-06-10,qf,Morocco,19.852,0,21.5,19.49,2026-07-04T15:36:52.581419+00:00
2026-06-10,qf,Netherlands,37.636,0,38.5,34.901,2026-07-04T15:36:52.581419+00:00
2026-06-10,qf,New Zealand,1.144,0,2.5,2.266,2026-07-04T15:36:52.581419+00:00
2026-06-10,qf,Norway,22.452,0,31.5,28.555,2026-07-04T15:36:52.581419+00:00
2026-06-10,qf,Panama,1.754,0,2.3,2.085,2026-07-04T15:36:52.581419+00:00
2026-06-10,qf,Paraguay,7.726,0,9.5,8.612,2026-07-04T15:36:52.581419+00:00
2026-06-10,qf,Portugal,45.13,0,52.0,47.139,2026-07-04T15:36:52.581419+00:00
2026-06-10,qf,Qatar,0.314,0,2.45,2.221,2026-07-04T15:36:52.581419+00:00
2026-06-10,qf,Saudi Arabia,0.596,0,2.9,2.629,2026-07-04T15:36:52.581419+00:00
2026-06-10,qf,Scotland,9.924,0,8.5,7.705,2026-07-04T15:36:52.581419+00:00
2026-06-10,qf,Senegal,20.464,0,15.5,14.051,2026-07-04T15:36:52.581419+00:00
2026-06-10,qf,South Africa,1.13,0,4.3,3.898,2026-07-04T15:36:52.581419+00:00
2026-06-10,qf,South Korea,11.05,0,11.0,9.972,2026-07-04T15:36:52.581419+00:00
2026-06-10,qf,Spain,56.126,0,60.5,54.844,2026-07-04T15:36:52.581419+00:00
2026-06-10,qf,Sweden,10.062,0,10.0,9.065,2026-07-04T15:36:52.581419+00:00
2026-06-10,qf,Switzerland,28.396,0,24.5,22.21,2026-07-04T15:36:52.581419+00:00
2026-06-10,qf,Tunisia,1.02,0,2.65,2.402,2026-07-04T15:36:52.581419+00:00
2026-06-10,qf,Turkey,27.746,0,22.5,20.397,2026-07-04T15:36:52.581419+00:00
2026-06-10,qf,United States,19.282,0,25.5,23.116,2026-07-04T15:36:52.581419+00:00
2026-06-10,qf,Uruguay,24.838,0,22.0,19.943,2026-07-04T15:36:52.581419+00:00
2026-06-10,qf,Uzbekistan,2.314,0,2.25,2.04,2026-07-04T15:36:52.581419+00:00
2026-06-10,r16,Algeria,20.536,0,20.5,20.214,2026-07-04T15:36:52.581419+00:00
2026-06-10,r16,Argentina,62.806,0,68.5,67.546,2026-07-04T15:36:52.581419+00:00
2026-06-10,r16,Australia,12.116,0,17.5,17.256,2026-07-04T15:36:52.581419+00:00
2026-06-10,r16,Austria,27.17,0,28.5,28.103,2026-07-04T15:36:52.581419+00:00
2026-06-10,r16,Belgium,62.412,0,62.5,61.629,2026-07-04T15:36:52.581419+00:00
2026-06-10,r16,Bosnia and Herzegovina,22.964,0,24.0,23.666,2026-07-04T15:36:52.581419+00:00
2026-06-10,r16,Brazil,63.112,0,69.5,68.532,2026-07-04T15:36:52.581419+00:00
2026-06-10,r16,Canada,51.258,0,42.5,41.908,2026-07-04T15:36:52.581419+00:00
2026-06-10,r16,Cape Verde,5.932,0,7.0,6.903,2026-07-04T15:36:52.581419+00:00
2026-06-10,r16,Colombia,43.672,0,54.5,53.741,2026-07-04T15:36:52.581419+00:00
2026-06-10,r16,Croatia,49.038,0,39.5,38.95,2026-07-04T15:36:52.581419+00:00
2026-06-10,r16,Curacao,1.554,0,1.85,1.824,2026-07-04T15:36:52.581419+00:00
2026-06-10,r16,Czechia,34.884,0,28.0,27.61,2026-07-04T15:36:52.581419+00:00
2026-06-10,r16,DR Congo,10.878,0,11.0,10.847,2026-07-04T15:36:52.581419+00:00
2026-06-10,r16,Ecuador,45.996,0,42.5,41.908,2026-07-04T15:36:52.581419+00:00
2026-06-10,r16,Egypt,29.956,0,30.5,30.075,2026-07-04T15:36:52.581419+00:00
2026-06-10,r16,England,73.852,0,73.0,71.983,2026-07-04T15:36:52.581419+00:00
2026-06-10,r16,France,77.758,0,78.5,77.407,2026-07-04T15:36:52.581419+00:00
2026-06-10,r16,Germany,64.42,0,68.5,67.546,2026-07-04T15:36:52.581419+00:00
2026-06-10,r16,Ghana,8.672,0,15.5,15.284,2026-07-04T15:36:52.581419+00:00
2026-06-10,r16,Haiti,3.702,0,2.95,2.909,2026-07-04T15:36:52.581419+00:00
2026-06-10,r16,Iran,21.556,0,20.5,20.214,2026-07-04T15:36:52.581419+00:00
2026-06-10,r16,Iraq,1.126,0,3.95,3.895,2026-07-04T15:36:52.581419+00:00
2026-06-10,r16,Ivory Coast,35.558,0,32.0,31.554,2026-07-04T15:36:52.581419+00:00
2026-06-10,r16,Japan,35.212,0,40.5,39.936,2026-07-04T15:36:52.581419+00:00
2026-06-10,r16,Jordan,2.778,0,3.75,3.698,2026-07-04T15:36:52.581419+00:00
2026-06-10,r16,Mexico,45.228,0,55.0,54.234,2026-07-04T15:36:52.581419+00:00
2026-06-10,r16,Morocco,40.186,0,42.5,41.908,2026-07-04T15:36:52.581419+00:00
2026-06-10,r16,Netherlands,55.772,0,54.5,53.741,2026-07-04T15:36:52.581419+00:00
2026-06-10,r16,New Zealand,7.746,0,7.5,7.396,2026-07-04T15:36:52.581419+00:00
2026-06-10,r16,Norway,44.444,0,53.0,52.262,2026-07-04T15:36:52.581419+00:00
2026-06-10,r16,Panama,7.286,0,8.0,7.889,2026-07-04T15:36:52.581419+00:00
2026-06-10,r16,Paraguay,25.466,0,25.5,25.145,2026-07-04T15:36:52.581419+00:00
2026-06-10,r16,Portugal,67.558,0,70.5,69.518,2026-07-04T15:36:52.581419+00:00
2026-06-10,r16,Qatar,2.302,0,4.1,4.043,2026-07-04T15:36:52.581419+00:00
2026-06-10,r16,Saudi Arabia,3.888,0,9.0,8.875,2026-07-04T15:36:52.581419+00:00
2026-06-10,r16,Scotland,26.938,0,24.0,23.666,2026-07-04T15:36:52.581419+00:00
2026-06-10,r16,Senegal,41.854,0,33.5,33.033,2026-07-04T15:36:52.581419+00:00
2026-06-10,r16,South Africa,6.428,0,11.0,10.847,2026-07-04T15:36:52.581419+00:00
2026-06-10,r16,South Korea,33.792,0,29.0,28.596,2026-07-04T15:36:52.581419+00:00
2026-06-10,r16,Spain,76.202,0,77.5,76.421,2026-07-04T15:36:52.581419+00:00
2026-06-10,r16,Sweden,23.86,0,22.5,22.187,2026-07-04T15:36:52.581419+00:00
2026-06-10,r16,Switzerland,61.888,0,57.5,56.699,2026-07-04T15:36:52.581419+00:00
2026-06-10,r16,Tunisia,4.146,0,10.0,9.861,2026-07-04T15:36:52.581419+00:00
2026-06-10,r16,Turkey,56.346,0,47.5,46.838,2026-07-04T15:36:52.581419+00:00
2026-06-10,r16,United States,48.032,0,47.0,46.345,2026-07-04T15:36:52.581419+00:00
2026-06-10,r16,Uruguay,43.006,0,39.0,38.457,2026-07-04T15:36:52.581419+00:00
2026-06-10,r16,Uzbekistan,8.714,0,7.0,6.903,2026-07-04T15:36:52.581419+00:00
2026-06-10,sf,Algeria,2.524,0,2.5,2.249,2026-07-04T15:36:52.581419+00:00
2026-06-10,sf,Argentina,32.01,0,30.5,27.437,2026-07-04T15:36:52.581419+00:00
2026-06-10,sf,Australia,0.572,0,2.4,2.159,2026-07-04T15:36:52.581419+00:00
2026-06-10,sf,Austria,4.942,0,4.5,4.048,2026-07-04T15:36:52.581419+00:00
2026-06-10,sf,Belgium,12.964,0,15.5,13.944,2026-07-04T15:36:52.581419+00:00
2026-06-10,sf,Bosnia and Herzegovina,1.042,0,2.15,1.934,2026-07-04T15:36:52.581419+00:00
2026-06-10,sf,Brazil,23.134,0,29.5,26.538,2026-07-04T15:36:52.581419+00:00
2026-06-10,sf,Canada,5.46,0,3.25,2.924,2026-07-04T15:36:52.581419+00:00
2026-06-10,sf,Cape Verde,0.132,0,0.6,0.54,2026-07-04T15:36:52.581419+00:00
2026-06-10,sf,Colombia,9.212,0,15.5,13.944,2026-07-04T15:36:52.581419+00:00
2026-06-10,sf,Croatia,11.172,0,8.55,7.691,2026-07-04T15:36:52.581419+00:00
2026-06-10,sf,Curacao,0.01,0,0.45,0.405,2026-07-04T15:36:52.581419+00:00
2026-06-10,sf,Czechia,2.946,0,2.3,2.069,2026-07-04T15:36:52.581419+00:00
2026-06-10,sf,DR Congo,0.83,0,1.0,0.9,2026-07-04T15:36:52.581419+00:00
2026-06-10,sf,Ecuador,8.082,0,8.15,7.332,2026-07-04T15:36:52.581419+00:00
2026-06-10,sf,Egypt,2.058,0,2.45,2.204,2026-07-04T15:36:52.581419+00:00
2026-06-10,sf,England,34.468,0,34.5,31.036,2026-07-04T15:36:52.581419+00:00
2026-06-10,sf,France,39.644,0,41.5,37.333,2026-07-04T15:36:52.581419+00:00
2026-06-10,sf,Germany,19.228,0,21.0,18.891,2026-07-04T15:36:52.581419+00:00
2026-06-10,sf,Ghana,0.474,0,2.45,2.204,2026-07-04T15:36:52.581419+00:00
2026-06-10,sf,Haiti,0.104,0,0.4,0.36,2026-07-04T15:36:52.581419+00:00
2026-06-10,sf,Iran,0.962,0,1.65,1.484,2026-07-04T15:36:52.581419+00:00
2026-06-10,sf,Iraq,0.02,0,0.65,0.585,2026-07-04T15:36:52.581419+00:00
2026-06-10,sf,Ivory Coast,4.236,0,3.65,3.283,2026-07-04T15:36:52.581419+00:00
2026-06-10,sf,Japan,7.346,0,11.0,9.895,2026-07-04T15:36:52.581419+00:00
2026-06-10,sf,Jordan,0.068,0,0.65,0.585,2026-07-04T15:36:52.581419+00:00
2026-06-10,sf,Mexico,4.448,0,10.5,9.446,2026-07-04T15:36:52.581419+00:00
2026-06-10,sf,Morocco,7.866,0,10.0,8.996,2026-07-04T15:36:52.581419+00:00
2026-06-10,sf,Netherlands,19.87,0,20.5,18.441,2026-07-04T15:36:52.581419+00:00
2026-06-10,sf,New Zealand,0.138,0,0.7,0.63,2026-07-04T15:36:52.581419+00:00
2026-06-10,sf,Norway,10.112,0,15.5,13.944,2026-07-04T15:36:52.581419+00:00
2026-06-10,sf,Panama,0.358,0,0.65,0.585,2026-07-04T15:36:52.581419+00:00
2026-06-10,sf,Paraguay,2.226,0,4.1,3.688,2026-07-04T15:36:52.581419+00:00
2026-06-10,sf,Portugal,26.37,0,29.5,26.538,2026-07-04T15:36:52.581419+00:00
2026-06-10,sf,Qatar,0.016,0,0.4,0.36,2026-07-04T15:36:52.581419+00:00
2026-06-10,sf,Saudi Arabia,0.07,0,1.35,1.214,2026-07-04T15:36:52.581419+00:00
2026-06-10,sf,Scotland,3.062,0,2.9,2.609,2026-07-04T15:36:52.581419+00:00
2026-06-10,sf,Senegal,8.746,0,6.7,6.027,2026-07-04T15:36:52.581419+00:00
2026-06-10,sf,South Africa,0.126,0,1.35,1.214,2026-07-04T15:36:52.581419+00:00
2026-06-10,sf,South Korea,2.636,0,3.85,3.463,2026-07-04T15:36:52.581419+00:00
2026-06-10,sf,Spain,43.92,0,44.5,40.031,2026-07-04T15:36:52.581419+00:00
2026-06-10,sf,Sweden,3.658,0,5.75,5.173,2026-07-04T15:36:52.581419+00:00
2026-06-10,sf,Switzerland,11.008,0,9.5,8.546,2026-07-04T15:36:52.581419+00:00
2026-06-10,sf,Tunisia,0.2,0,2.05,1.844,2026-07-04T15:36:52.581419+00:00
2026-06-10,sf,Turkey,11.536,0,9.0,8.096,2026-07-04T15:36:52.581419+00:00
2026-06-10,sf,United States,6.452,0,9.5,8.546,2026-07-04T15:36:52.581419+00:00
2026-06-10,sf,Uruguay,12.914,0,8.5,7.646,2026-07-04T15:36:52.581419+00:00
2026-06-10,sf,Uzbekistan,0.628,0,1.1,0.99,2026-07-04T15:36:52.581419+00:00
2026-06-11,final,Algeria,0.702,0,1.45,1.142,2026-07-04T15:36:52.581419+00:00
2026-06-11,final,Argentina,18.906,0,19.5,15.357,2026-07-04T15:36:52.581419+00:00
2026-06-11,final,Australia,0.1,0,1.25,0.984,2026-07-04T15:36:52.581419+00:00
2026-06-11,final,Austria,1.698,0,2.1,1.654,2026-07-04T15:36:52.581419+00:00
2026-06-11,final,Belgium,5.392,0,7.5,5.907,2026-07-04T15:36:52.581419+00:00
2026-06-11,final,Bosnia and Herzegovina,0.184,0,1.45,1.142,2026-07-04T15:36:52.581419+00:00
2026-06-11,final,Brazil,12.58,0,20.0,15.751,2026-07-04T15:36:52.581419+00:00
2026-06-11,final,Canada,1.514,0,1.15,0.906,2026-07-04T15:36:52.581419+00:00
2026-06-11,final,Cape Verde,0.022,0,0.4,0.315,2026-07-04T15:36:52.581419+00:00
2026-06-11,final,Colombia,3.712,0,5.8,4.568,2026-07-04T15:36:52.581419+00:00
2026-06-11,final,Croatia,4.696,0,3.6,2.835,2026-07-04T15:36:52.581419+00:00
2026-06-11,final,Curacao,0.0,0,0.35,0.276,2026-07-04T15:36:52.581419+00:00
2026-06-11,final,Czechia,0.796,0,1.6,1.26,2026-07-04T15:36:52.581419+00:00
2026-06-11,final,DR Congo,0.162,0,1.1,0.866,2026-07-04T15:36:52.581419+00:00
2026-06-11,final,Ecuador,3.104,0,2.85,2.245,2026-07-04T15:36:52.581419+00:00
2026-06-11,final,Egypt,0.47,0,1.05,0.827,2026-07-04T15:36:52.581419+00:00
2026-06-11,final,England,20.874,0,22.5,17.72,2026-07-04T15:36:52.581419+00:00
2026-06-11,final,France,24.75,0,27.0,21.264,2026-07-04T15:36:52.581419+00:00
2026-06-11,final,Germany,9.786,0,12.5,9.844,2026-07-04T15:36:52.581419+00:00
2026-06-11,final,Ghana,0.09,0,1.45,1.142,2026-07-04T15:36:52.581419+00:00
2026-06-11,final,Haiti,0.016,0,0.35,0.276,2026-07-04T15:36:52.581419+00:00
2026-06-11,final,Iran,0.2,0,0.95,0.748,2026-07-04T15:36:52.581419+00:00
2026-06-11,final,Iraq,0.004,0,0.6,0.473,2026-07-04T15:36:52.581419+00:00
2026-06-11,final,Ivory Coast,1.424,0,1.65,1.299,2026-07-04T15:36:52.581419+00:00
2026-06-11,final,Japan,2.828,0,4.8,3.78,2026-07-04T15:36:52.581419+00:00
2026-06-11,final,Jordan,0.01,0,0.55,0.433,2026-07-04T15:36:52.581419+00:00
2026-06-11,final,Mexico,1.322,0,7.6,5.985,2026-07-04T15:36:52.581419+00:00
2026-06-11,final,Morocco,2.958,0,5.25,4.135,2026-07-04T15:36:52.581419+00:00
2026-06-11,final,Netherlands,10.08,0,10.5,8.269,2026-07-04T15:36:52.581419+00:00
2026-06-11,final,New Zealand,0.02,0,1.15,0.906,2026-07-04T15:36:52.581419+00:00
2026-06-11,final,Norway,3.992,0,5.5,4.332,2026-07-04T15:36:52.581419+00:00
2026-06-11,final,Panama,0.068,0,0.4,0.315,2026-07-04T15:36:52.581419+00:00
2026-06-11,final,Paraguay,0.618,0,1.45,1.142,2026-07-04T15:36:52.581419+00:00
2026-06-11,final,Portugal,14.512,0,20.5,16.145,2026-07-04T15:36:52.581419+00:00
2026-06-11,final,Qatar,0.002,0,1.2,0.945,2026-07-04T15:36:52.581419+00:00
2026-06-11,final,Saudi Arabia,0.004,0,1.35,1.063,2026-07-04T15:36:52.581419+00:00
2026-06-11,final,Scotland,0.89,0,1.35,1.063,2026-07-04T15:36:52.581419+00:00
2026-06-11,final,Senegal,3.502,0,2.4,1.89,2026-07-04T15:36:52.581419+00:00
2026-06-11,final,South Africa,0.008,0,1.15,0.906,2026-07-04T15:36:52.581419+00:00
2026-06-11,final,South Korea,0.734,0,1.6,1.26,2026-07-04T15:36:52.581419+00:00
2026-06-11,final,Spain,29.252,0,29.5,23.233,2026-07-04T15:36:52.581419+00:00
2026-06-11,final,Sweden,1.124,0,1.75,1.378,2026-07-04T15:36:52.581419+00:00
2026-06-11,final,Switzerland,4.274,0,4.5,3.544,2026-07-04T15:36:52.581419+00:00
2026-06-11,final,Tunisia,0.034,0,1.05,0.827,2026-07-04T15:36:52.581419+00:00
2026-06-11,final,Turkey,4.81,0,3.6,2.835,2026-07-04T15:36:52.581419+00:00
2026-06-11,final,United States,2.076,0,3.05,2.402,2026-07-04T15:36:52.581419+00:00
2026-06-11,final,Uruguay,5.588,0,4.25,3.347,2026-07-04T15:36:52.581419+00:00
2026-06-11,final,Uzbekistan,0.112,0,1.35,1.063,2026-07-04T15:36:52.581419+00:00
2026-06-11,qf,Algeria,8.036,0,9.0,8.029,2026-07-04T15:36:52.581419+00:00
2026-06-11,qf,Argentina,47.522,0,52.5,46.833,2026-07-04T15:36:52.581419+00:00
2026-06-11,qf,Australia,2.648,0,5.0,4.46,2026-07-04T15:36:52.581419+00:00
2026-06-11,qf,Austria,12.354,0,14.0,12.489,2026-07-04T15:36:52.581419+00:00
2026-06-11,qf,Belgium,33.53,0,39.5,35.236,2026-07-04T15:36:52.581419+00:00
2026-06-11,qf,Bosnia and Herzegovina,6.36,0,6.5,5.798,2026-07-04T15:36:52.581419+00:00
2026-06-11,qf,Brazil,40.366,0,50.5,45.049,2026-07-04T15:36:52.581419+00:00
2026-06-11,qf,Canada,18.308,0,13.0,11.597,2026-07-04T15:36:52.581419+00:00
2026-06-11,qf,Cape Verde,0.976,0,3.1,2.765,2026-07-04T15:36:52.581419+00:00
2026-06-11,qf,Colombia,20.062,0,28.5,25.424,2026-07-04T15:36:52.581419+00:00
2026-06-11,qf,Croatia,22.446,0,20.0,17.841,2026-07-04T15:36:52.581419+00:00
2026-06-11,qf,Curacao,0.172,0,1.55,1.383,2026-07-04T15:36:52.581419+00:00
2026-06-11,qf,Czechia,11.508,0,9.0,8.029,2026-07-04T15:36:52.581419+00:00
2026-06-11,qf,DR Congo,3.09,0,6.1,5.442,2026-07-04T15:36:52.581419+00:00
2026-06-11,qf,Ecuador,19.052,0,19.5,17.395,2026-07-04T15:36:52.581419+00:00
2026-06-11,qf,Egypt,8.434,0,9.5,8.475,2026-07-04T15:36:52.581419+00:00
2026-06-11,qf,England,53.344,0,55.5,49.509,2026-07-04T15:36:52.581419+00:00
2026-06-11,qf,France,55.914,0,60.0,53.524,2026-07-04T15:36:52.581419+00:00
2026-06-11,qf,Germany,32.894,0,39.5,35.236,2026-07-04T15:36:52.581419+00:00
2026-06-11,qf,Ghana,2.222,0,6.2,5.531,2026-07-04T15:36:52.581419+00:00
2026-06-11,qf,Haiti,0.634,0,1.75,1.561,2026-07-04T15:36:52.581419+00:00
2026-06-11,qf,Iran,4.86,0,3.45,3.078,2026-07-04T15:36:52.581419+00:00
2026-06-11,qf,Iraq,0.2,0,3.65,3.256,2026-07-04T15:36:52.581419+00:00
2026-06-11,qf,Ivory Coast,12.45,0,13.5,12.043,2026-07-04T15:36:52.581419+00:00
2026-06-11,qf,Japan,18.03,0,24.5,21.855,2026-07-04T15:36:52.581419+00:00
2026-06-11,qf,Jordan,0.526,0,2.05,1.829,2026-07-04T15:36:52.581419+00:00
2026-06-11,qf,Mexico,15.106,0,29.5,26.316,2026-07-04T15:36:52.581419+00:00
2026-06-11,qf,Morocco,19.852,0,24.0,21.409,2026-07-04T15:36:52.581419+00:00
2026-06-11,qf,Netherlands,37.636,0,37.0,33.006,2026-07-04T15:36:52.581419+00:00
2026-06-11,qf,New Zealand,1.144,0,3.45,3.078,2026-07-04T15:36:52.581419+00:00
2026-06-11,qf,Norway,22.452,0,30.5,27.208,2026-07-04T15:36:52.581419+00:00
2026-06-11,qf,Panama,1.754,0,2.3,2.052,2026-07-04T15:36:52.581419+00:00
2026-06-11,qf,Paraguay,7.726,0,8.0,7.136,2026-07-04T15:36:52.581419+00:00
2026-06-11,qf,Portugal,45.13,0,51.5,45.941,2026-07-04T15:36:52.581419+00:00
2026-06-11,qf,Qatar,0.314,0,3.5,3.122,2026-07-04T15:36:52.581419+00:00
2026-06-11,qf,Saudi Arabia,0.596,0,2.4,2.141,2026-07-04T15:36:52.581419+00:00
2026-06-11,qf,Scotland,9.924,0,9.0,8.029,2026-07-04T15:36:52.581419+00:00
2026-06-11,qf,Senegal,20.464,0,16.0,14.273,2026-07-04T15:36:52.581419+00:00
2026-06-11,qf,South Africa,1.13,0,2.8,2.498,2026-07-04T15:36:52.581419+00:00
2026-06-11,qf,South Korea,11.05,0,12.0,10.705,2026-07-04T15:36:52.581419+00:00
2026-06-11,qf,Spain,56.126,0,60.5,53.97,2026-07-04T15:36:52.581419+00:00
2026-06-11,qf,Sweden,10.062,0,6.5,5.798,2026-07-04T15:36:52.581419+00:00
2026-06-11,qf,Switzerland,28.396,0,25.0,22.302,2026-07-04T15:36:52.581419+00:00
2026-06-11,qf,Tunisia,1.02,0,2.1,1.873,2026-07-04T15:36:52.581419+00:00
2026-06-11,qf,Turkey,27.746,0,24.5,21.855,2026-07-04T15:36:52.581419+00:00
2026-06-11,qf,United States,19.282,0,24.0,21.409,2026-07-04T15:36:52.581419+00:00
2026-06-11,qf,Uruguay,24.838,0,22.5,20.071,2026-07-04T15:36:52.581419+00:00
2026-06-11,qf,Uzbekistan,2.314,0,2.4,2.141,2026-07-04T15:36:52.581419+00:00
2026-06-11,r16,Algeria,20.536,0,22.5,21.733,2026-07-04T15:36:52.581419+00:00
2026-06-11,r16,Argentina,62.806,0,69.5,67.129,2026-07-04T15:36:52.581419+00:00
2026-06-11,r16,Australia,12.116,0,17.5,16.903,2026-07-04T15:36:52.581419+00:00
2026-06-11,r16,Austria,27.17,0,28.0,27.045,2026-07-04T15:36:52.581419+00:00
2026-06-11,r16,Belgium,62.412,0,62.0,59.885,2026-07-04T15:36:52.581419+00:00
2026-06-11,r16,Bosnia and Herzegovina,22.964,0,24.5,23.664,2026-07-04T15:36:52.581419+00:00
2026-06-11,r16,Brazil,63.112,0,72.0,69.544,2026-07-04T15:36:52.581419+00:00
2026-06-11,r16,Canada,51.258,0,45.0,43.465,2026-07-04T15:36:52.581419+00:00
2026-06-11,r16,Cape Verde,5.932,0,5.05,4.878,2026-07-04T15:36:52.581419+00:00
2026-06-11,r16,Colombia,43.672,0,57.0,55.056,2026-07-04T15:36:52.581419+00:00
2026-06-11,r16,Croatia,49.038,0,39.0,37.67,2026-07-04T15:36:52.581419+00:00
2026-06-11,r16,Curacao,1.554,0,2.6,2.511,2026-07-04T15:36:52.581419+00:00
2026-06-11,r16,Czechia,34.884,0,25.5,24.63,2026-07-04T15:36:52.581419+00:00
2026-06-11,r16,DR Congo,10.878,0,12.0,11.591,2026-07-04T15:36:52.581419+00:00
2026-06-11,r16,Ecuador,45.996,0,45.5,43.948,2026-07-04T15:36:52.581419+00:00
2026-06-11,r16,Egypt,29.956,0,30.0,28.977,2026-07-04T15:36:52.581419+00:00
2026-06-11,r16,England,73.852,0,75.5,72.925,2026-07-04T15:36:52.581419+00:00
2026-06-11,r16,France,77.758,0,81.5,78.72,2026-07-04T15:36:52.581419+00:00
2026-06-11,r16,Germany,64.42,0,69.5,67.129,2026-07-04T15:36:52.581419+00:00
2026-06-11,r16,Ghana,8.672,0,16.0,15.454,2026-07-04T15:36:52.581419+00:00
2026-06-11,r16,Haiti,3.702,0,3.55,3.429,2026-07-04T15:36:52.581419+00:00
2026-06-11,r16,Iran,21.556,0,20.5,19.801,2026-07-04T15:36:52.581419+00:00
2026-06-11,r16,Iraq,1.126,0,4.75,4.588,2026-07-04T15:36:52.581419+00:00
2026-06-11,r16,Ivory Coast,35.558,0,33.5,32.357,2026-07-04T15:36:52.581419+00:00
2026-06-11,r16,Japan,35.212,0,40.5,39.119,2026-07-04T15:36:52.581419+00:00
2026-06-11,r16,Jordan,2.778,0,5.15,4.974,2026-07-04T15:36:52.581419+00:00
2026-06-11,r16,Mexico,45.228,0,62.0,59.885,2026-07-04T15:36:52.581419+00:00
2026-06-11,r16,Morocco,40.186,0,40.5,39.119,2026-07-04T15:36:52.581419+00:00
2026-06-11,r16,Netherlands,55.772,0,56.5,54.573,2026-07-04T15:36:52.581419+00:00
2026-06-11,r16,New Zealand,7.746,0,7.5,7.244,2026-07-04T15:36:52.581419+00:00
2026-06-11,r16,Norway,44.444,0,55.5,53.607,2026-07-04T15:36:52.581419+00:00
2026-06-11,r16,Panama,7.286,0,7.0,6.761,2026-07-04T15:36:52.581419+00:00
2026-06-11,r16,Paraguay,25.466,0,28.5,27.528,2026-07-04T15:36:52.581419+00:00
2026-06-11,r16,Portugal,67.558,0,72.5,70.027,2026-07-04T15:36:52.581419+00:00
2026-06-11,r16,Qatar,2.302,0,3.4,3.284,2026-07-04T15:36:52.581419+00:00
2026-06-11,r16,Saudi Arabia,3.888,0,7.5,7.244,2026-07-04T15:36:52.581419+00:00
2026-06-11,r16,Scotland,26.938,0,23.0,22.216,2026-07-04T15:36:52.581419+00:00
2026-06-11,r16,Senegal,41.854,0,31.5,30.426,2026-07-04T15:36:52.581419+00:00
2026-06-11,r16,South Africa,6.428,0,6.0,5.795,2026-07-04T15:36:52.581419+00:00
2026-06-11,r16,South Korea,33.792,0,32.0,30.909,2026-07-04T15:36:52.581419+00:00
2026-06-11,r16,Spain,76.202,0,78.5,75.823,2026-07-04T15:36:52.581419+00:00
2026-06-11,r16,Sweden,23.86,0,20.5,19.801,2026-07-04T15:36:52.581419+00:00
2026-06-11,r16,Switzerland,61.888,0,61.5,59.402,2026-07-04T15:36:52.581419+00:00
2026-06-11,r16,Tunisia,4.146,0,10.5,10.142,2026-07-04T15:36:52.581419+00:00
2026-06-11,r16,Turkey,56.346,0,46.5,44.914,2026-07-04T15:36:52.581419+00:00
2026-06-11,r16,United States,48.032,0,50.5,48.778,2026-07-04T15:36:52.581419+00:00
2026-06-11,r16,Uruguay,43.006,0,40.5,39.119,2026-07-04T15:36:52.581419+00:00
2026-06-11,r16,Uzbekistan,8.714,0,6.5,6.278,2026-07-04T15:36:52.581419+00:00
2026-06-11,sf,Algeria,2.524,0,2.2,1.869,2026-07-04T15:36:52.581419+00:00
2026-06-11,sf,Argentina,32.01,0,31.5,26.766,2026-07-04T15:36:52.581419+00:00
2026-06-11,sf,Australia,0.572,0,2.65,2.252,2026-07-04T15:36:52.581419+00:00
2026-06-11,sf,Austria,4.942,0,4.9,4.164,2026-07-04T15:36:52.581419+00:00
2026-06-11,sf,Belgium,12.964,0,14.5,12.321,2026-07-04T15:36:52.581419+00:00
2026-06-11,sf,Bosnia and Herzegovina,1.042,0,2.45,2.082,2026-07-04T15:36:52.581419+00:00
2026-06-11,sf,Brazil,23.134,0,32.5,27.616,2026-07-04T15:36:52.581419+00:00
2026-06-11,sf,Canada,5.46,0,3.2,2.719,2026-07-04T15:36:52.581419+00:00
2026-06-11,sf,Cape Verde,0.132,0,0.35,0.297,2026-07-04T15:36:52.581419+00:00
2026-06-11,sf,Colombia,9.212,0,15.0,12.746,2026-07-04T15:36:52.581419+00:00
2026-06-11,sf,Croatia,11.172,0,11.7,9.942,2026-07-04T15:36:52.581419+00:00
2026-06-11,sf,Curacao,0.01,0,1.35,1.147,2026-07-04T15:36:52.581419+00:00
2026-06-11,sf,Czechia,2.946,0,2.55,2.167,2026-07-04T15:36:52.581419+00:00
2026-06-11,sf,DR Congo,0.83,0,0.9,0.765,2026-07-04T15:36:52.581419+00:00
2026-06-11,sf,Ecuador,8.082,0,8.95,7.605,2026-07-04T15:36:52.581419+00:00
2026-06-11,sf,Egypt,2.058,0,2.95,2.507,2026-07-04T15:36:52.581419+00:00
2026-06-11,sf,England,34.468,0,32.5,27.616,2026-07-04T15:36:52.581419+00:00
2026-06-11,sf,France,39.644,0,42.5,36.113,2026-07-04T15:36:52.581419+00:00
2026-06-11,sf,Germany,19.228,0,23.0,19.543,2026-07-04T15:36:52.581419+00:00
2026-06-11,sf,Ghana,0.474,0,2.45,2.082,2026-07-04T15:36:52.581419+00:00
2026-06-11,sf,Haiti,0.104,0,0.25,0.212,2026-07-04T15:36:52.581419+00:00
2026-06-11,sf,Iran,0.962,0,2.15,1.827,2026-07-04T15:36:52.581419+00:00
2026-06-11,sf,Iraq,0.02,0,1.3,1.105,2026-07-04T15:36:52.581419+00:00
2026-06-11,sf,Ivory Coast,4.236,0,5.2,4.418,2026-07-04T15:36:52.581419+00:00
2026-06-11,sf,Japan,7.346,0,11.5,9.772,2026-07-04T15:36:52.581419+00:00
2026-06-11,sf,Jordan,0.068,0,1.05,0.892,2026-07-04T15:36:52.581419+00:00
2026-06-11,sf,Mexico,4.448,0,14.5,12.321,2026-07-04T15:36:52.581419+00:00
2026-06-11,sf,Morocco,7.866,0,10.5,8.922,2026-07-04T15:36:52.581419+00:00
2026-06-11,sf,Netherlands,19.87,0,23.5,19.968,2026-07-04T15:36:52.581419+00:00
2026-06-11,sf,New Zealand,0.138,0,1.2,1.02,2026-07-04T15:36:52.581419+00:00
2026-06-11,sf,Norway,10.112,0,16.5,14.02,2026-07-04T15:36:52.581419+00:00
2026-06-11,sf,Panama,0.358,0,0.95,0.807,2026-07-04T15:36:52.581419+00:00
2026-06-11,sf,Paraguay,2.226,0,2.35,1.997,2026-07-04T15:36:52.581419+00:00
2026-06-11,sf,Portugal,26.37,0,33.5,28.465,2026-07-04T15:36:52.581419+00:00
2026-06-11,sf,Qatar,0.016,0,0.3,0.255,2026-07-04T15:36:52.581419+00:00
2026-06-11,sf,Saudi Arabia,0.07,0,1.8,1.529,2026-07-04T15:36:52.581419+00:00
2026-06-11,sf,Scotland,3.062,0,3.3,2.804,2026-07-04T15:36:52.581419+00:00
2026-06-11,sf,Senegal,8.746,0,6.25,5.311,2026-07-04T15:36:52.581419+00:00
2026-06-11,sf,South Africa,0.126,0,1.3,1.105,2026-07-04T15:36:52.581419+00:00
2026-06-11,sf,South Korea,2.636,0,3.6,3.059,2026-07-04T15:36:52.581419+00:00
2026-06-11,sf,Spain,43.92,0,45.5,38.662,2026-07-04T15:36:52.581419+00:00
2026-06-11,sf,Sweden,3.658,0,4.6,3.909,2026-07-04T15:36:52.581419+00:00
2026-06-11,sf,Switzerland,11.008,0,10.0,8.497,2026-07-04T15:36:52.581419+00:00
2026-06-11,sf,Tunisia,0.2,0,1.8,1.529,2026-07-04T15:36:52.581419+00:00
2026-06-11,sf,Turkey,11.536,0,10.5,8.922,2026-07-04T15:36:52.581419+00:00
2026-06-11,sf,United States,6.452,0,10.5,8.922,2026-07-04T15:36:52.581419+00:00
2026-06-11,sf,Uruguay,12.914,0,8.0,6.798,2026-07-04T15:36:52.581419+00:00
2026-06-11,sf,Uzbekistan,0.628,0,0.75,0.637,2026-07-04T15:36:52.581419+00:00
2026-06-12,final,Algeria,0.666,2,1.7,1.314,2026-07-04T15:36:53.04997+00:00
2026-06-12,final,Argentina,18.872,2,19.5,15.075,2026-07-04T15:36:53.04997+00:00
2026-06-12,final,Australia,0.108,2,1.45,1.121,2026-07-04T15:36:53.04997+00:00
2026-06-12,final,Austria,1.716,2,2.1,1.624,2026-07-04T15:36:53.04997+00:00
2026-06-12,final,Belgium,5.4,2,6.5,5.025,2026-07-04T15:36:53.04997+00:00
2026-06-12,final,Bosnia and Herzegovina,0.176,2,1.55,1.198,2026-07-04T15:36:53.04997+00:00
2026-06-12,final,Brazil,12.552,2,20.5,15.848,2026-07-04T15:36:53.04997+00:00
2026-06-12,final,Canada,1.496,2,1.85,1.43,2026-07-04T15:36:53.04997+00:00
2026-06-12,final,Cape Verde,0.018,2,0.4,0.309,2026-07-04T15:36:53.04997+00:00
2026-06-12,final,Colombia,3.692,2,6.5,5.025,2026-07-04T15:36:53.04997+00:00
2026-06-12,final,Croatia,4.72,2,3.8,2.938,2026-07-04T15:36:53.04997+00:00
2026-06-12,final,Curacao,0.0,2,0.35,0.271,2026-07-04T15:36:53.04997+00:00
2026-06-12,final,Czechia,0.672,2,2.15,1.662,2026-07-04T15:36:53.04997+00:00
2026-06-12,final,DR Congo,0.16,2,0.8,0.618,2026-07-04T15:36:53.04997+00:00
2026-06-12,final,Ecuador,3.08,2,2.9,2.242,2026-07-04T15:36:53.04997+00:00
2026-06-12,final,Egypt,0.468,2,1.05,0.812,2026-07-04T15:36:53.04997+00:00
2026-06-12,final,England,20.892,2,22.0,17.008,2026-07-04T15:36:53.04997+00:00
2026-06-12,final,France,24.736,2,26.5,20.487,2026-07-04T15:36:53.04997+00:00
2026-06-12,final,Germany,9.794,2,12.5,9.664,2026-07-04T15:36:53.04997+00:00
2026-06-12,final,Ghana,0.09,2,1.5,1.16,2026-07-04T15:36:53.04997+00:00
2026-06-12,final,Haiti,0.016,2,0.35,0.271,2026-07-04T15:36:53.04997+00:00
2026-06-12,final,Iran,0.192,2,0.85,0.657,2026-07-04T15:36:53.04997+00:00
2026-06-12,final,Iraq,0.004,2,0.6,0.464,2026-07-04T15:36:53.04997+00:00
2026-06-12,final,Ivory Coast,1.412,2,2.05,1.585,2026-07-04T15:36:53.04997+00:00
2026-06-12,final,Japan,2.834,2,4.8,3.711,2026-07-04T15:36:53.04997+00:00
2026-06-12,final,Jordan,0.01,2,0.55,0.425,2026-07-04T15:36:53.04997+00:00
2026-06-12,final,Mexico,1.398,2,6.5,5.025,2026-07-04T15:36:53.04997+00:00
2026-06-12,final,Morocco,2.972,2,4.75,3.672,2026-07-04T15:36:53.04997+00:00
2026-06-12,final,Netherlands,10.044,2,11.5,8.891,2026-07-04T15:36:53.04997+00:00
2026-06-12,final,New Zealand,0.02,2,1.3,1.005,2026-07-04T15:36:53.04997+00:00
2026-06-12,final,Norway,4.028,2,5.5,4.252,2026-07-04T15:36:53.04997+00:00
2026-06-12,final,Panama,0.072,2,0.4,0.309,2026-07-04T15:36:53.04997+00:00
2026-06-12,final,Paraguay,0.604,2,1.8,1.392,2026-07-04T15:36:53.04997+00:00
2026-06-12,final,Portugal,14.486,2,22.0,17.008,2026-07-04T15:36:53.04997+00:00
2026-06-12,final,Qatar,0.002,2,1.35,1.044,2026-07-04T15:36:53.04997+00:00
2026-06-12,final,Saudi Arabia,0.002,2,1.35,1.044,2026-07-04T15:36:53.04997+00:00
2026-06-12,final,Scotland,0.89,2,1.75,1.353,2026-07-04T15:36:53.04997+00:00
2026-06-12,final,Senegal,3.488,2,2.35,1.817,2026-07-04T15:36:53.04997+00:00
2026-06-12,final,South Africa,0.008,2,1.95,1.508,2026-07-04T15:36:53.04997+00:00
2026-06-12,final,South Korea,0.908,2,1.8,1.392,2026-07-04T15:36:53.04997+00:00
2026-06-12,final,Spain,29.298,2,31.0,23.966,2026-07-04T15:36:53.04997+00:00
2026-06-12,final,Sweden,1.116,2,1.75,1.353,2026-07-04T15:36:53.04997+00:00
2026-06-12,final,Switzerland,4.268,2,4.2,3.247,2026-07-04T15:36:53.04997+00:00
2026-06-12,final,Tunisia,0.036,2,1.0,0.773,2026-07-04T15:36:53.04997+00:00
2026-06-12,final,Turkey,4.836,2,3.65,2.822,2026-07-04T15:36:53.04997+00:00
2026-06-12,final,United States,2.074,2,3.6,2.783,2026-07-04T15:36:53.04997+00:00
2026-06-12,final,Uruguay,5.56,2,4.05,3.131,2026-07-04T15:36:53.04997+00:00
2026-06-12,final,Uzbekistan,0.114,2,0.35,0.271,2026-07-04T15:36:53.04997+00:00
2026-06-12,qf,Algeria,7.946,2,9.5,8.433,2026-07-04T15:36:52.581419+00:00
2026-06-12,qf,Argentina,47.546,2,52.5,46.605,2026-07-04T15:36:52.581419+00:00
2026-06-12,qf,Australia,2.642,2,4.5,3.995,2026-07-04T15:36:52.581419+00:00
2026-06-12,qf,Austria,12.326,2,13.5,11.984,2026-07-04T15:36:52.581419+00:00
2026-06-12,qf,Belgium,33.412,2,38.0,33.733,2026-07-04T15:36:52.581419+00:00
2026-06-12,qf,Bosnia and Herzegovina,6.254,2,7.0,6.214,2026-07-04T15:36:52.581419+00:00
2026-06-12,qf,Brazil,40.33,2,51.5,45.717,2026-07-04T15:36:52.581419+00:00
2026-06-12,qf,Canada,18.254,2,14.0,12.428,2026-07-04T15:36:52.581419+00:00
2026-06-12,qf,Cape Verde,0.914,2,2.5,2.219,2026-07-04T15:36:52.581419+00:00
2026-06-12,qf,Colombia,20.076,2,29.0,25.743,2026-07-04T15:36:52.581419+00:00
2026-06-12,qf,Croatia,22.412,2,20.5,18.198,2026-07-04T15:36:52.581419+00:00
2026-06-12,qf,Curacao,0.17,2,1.75,1.553,2026-07-04T15:36:52.581419+00:00
2026-06-12,qf,Czechia,10.342,2,6.5,5.77,2026-07-04T15:36:52.581419+00:00
2026-06-12,qf,DR Congo,3.054,2,5.95,5.282,2026-07-04T15:36:52.581419+00:00
2026-06-12,qf,Ecuador,18.878,2,19.0,16.866,2026-07-04T15:36:52.581419+00:00
2026-06-12,qf,Egypt,8.42,2,9.5,8.433,2026-07-04T15:36:52.581419+00:00
2026-06-12,qf,England,53.336,2,55.5,49.268,2026-07-04T15:36:52.581419+00:00
2026-06-12,qf,France,55.908,2,64.0,56.813,2026-07-04T15:36:52.581419+00:00
2026-06-12,qf,Germany,32.896,2,40.0,35.508,2026-07-04T15:36:52.581419+00:00
2026-06-12,qf,Ghana,2.234,2,7.4,6.569,2026-07-04T15:36:52.581419+00:00
2026-06-12,qf,Haiti,0.614,2,2.2,1.953,2026-07-04T15:36:52.581419+00:00
2026-06-12,qf,Iran,4.794,2,3.55,3.151,2026-07-04T15:36:52.581419+00:00
2026-06-12,qf,Iraq,0.202,2,2.75,2.441,2026-07-04T15:36:52.581419+00:00
2026-06-12,qf,Ivory Coast,12.434,2,12.0,10.652,2026-07-04T15:36:52.581419+00:00
2026-06-12,qf,Japan,18.02,2,23.5,20.861,2026-07-04T15:36:52.581419+00:00
2026-06-12,qf,Jordan,0.536,2,1.9,1.687,2026-07-04T15:36:52.581419+00:00
2026-06-12,qf,Mexico,16.008,2,27.0,23.968,2026-07-04T15:36:52.581419+00:00
2026-06-12,qf,Morocco,19.806,2,23.5,20.861,2026-07-04T15:36:52.581419+00:00
2026-06-12,qf,Netherlands,37.602,2,38.0,33.733,2026-07-04T15:36:52.581419+00:00
2026-06-12,qf,New Zealand,1.142,2,2.1,1.864,2026-07-04T15:36:52.581419+00:00
2026-06-12,qf,Norway,22.444,2,30.5,27.075,2026-07-04T15:36:52.581419+00:00
2026-06-12,qf,Panama,1.724,2,2.45,2.175,2026-07-04T15:36:52.581419+00:00
2026-06-12,qf,Paraguay,7.726,2,10.5,9.321,2026-07-04T15:36:52.581419+00:00
2026-06-12,qf,Portugal,45.074,2,50.5,44.829,2026-07-04T15:36:52.581419+00:00
2026-06-12,qf,Qatar,0.3,2,2.6,2.308,2026-07-04T15:36:52.581419+00:00
2026-06-12,qf,Saudi Arabia,0.55,2,2.4,2.13,2026-07-04T15:36:52.581419+00:00
2026-06-12,qf,Scotland,9.838,2,9.0,7.989,2026-07-04T15:36:52.581419+00:00
2026-06-12,qf,Senegal,20.402,2,16.0,14.203,2026-07-04T15:36:52.581419+00:00
2026-06-12,qf,South Africa,0.826,2,2.8,2.486,2026-07-04T15:36:52.581419+00:00
2026-06-12,qf,South Korea,12.994,2,16.0,14.203,2026-07-04T15:36:52.581419+00:00
2026-06-12,qf,Spain,56.146,2,62.5,55.482,2026-07-04T15:36:52.581419+00:00
2026-06-12,qf,Sweden,10.062,2,7.5,6.658,2026-07-04T15:36:52.581419+00:00
2026-06-12,qf,Switzerland,28.254,2,24.5,21.749,2026-07-04T15:36:52.581419+00:00
2026-06-12,qf,Tunisia,1.014,2,2.75,2.441,2026-07-04T15:36:52.581419+00:00
2026-06-12,qf,Turkey,27.784,2,22.0,19.53,2026-07-04T15:36:52.581419+00:00
2026-06-12,qf,United States,19.224,2,25.5,22.636,2026-07-04T15:36:52.581419+00:00
2026-06-12,qf,Uruguay,24.836,2,22.5,19.973,2026-07-04T15:36:52.581419+00:00
2026-06-12,qf,Uzbekistan,2.294,2,2.6,2.308,2026-07-04T15:36:52.581419+00:00
2026-06-12,r16,Algeria,20.492,2,22.0,20.99,2026-07-04T15:36:52.581419+00:00
2026-06-12,r16,Argentina,62.818,2,69.5,66.309,2026-07-04T15:36:52.581419+00:00
2026-06-12,r16,Australia,12.06,2,16.0,15.265,2026-07-04T15:36:52.581419+00:00
2026-06-12,r16,Austria,27.1,2,26.5,25.283,2026-07-04T15:36:52.581419+00:00
2026-06-12,r16,Belgium,62.142,2,66.0,62.97,2026-07-04T15:36:52.581419+00:00
2026-06-12,r16,Bosnia and Herzegovina,22.744,2,25.0,23.852,2026-07-04T15:36:52.581419+00:00
2026-06-12,r16,Brazil,63.104,2,72.5,69.171,2026-07-04T15:36:52.581419+00:00
2026-06-12,r16,Canada,50.954,2,39.0,37.209,2026-07-04T15:36:52.581419+00:00
2026-06-12,r16,Cape Verde,5.742,2,7.1,6.774,2026-07-04T15:36:52.581419+00:00
2026-06-12,r16,Colombia,43.698,2,54.0,51.521,2026-07-04T15:36:52.581419+00:00
2026-06-12,r16,Croatia,49.014,2,39.5,37.686,2026-07-04T15:36:52.581419+00:00
2026-06-12,r16,Curacao,1.496,2,2.95,2.815,2026-07-04T15:36:52.581419+00:00
2026-06-12,r16,Czechia,27.372,2,21.0,20.036,2026-07-04T15:36:52.581419+00:00
2026-06-12,r16,DR Congo,10.826,2,10.5,10.018,2026-07-04T15:36:52.581419+00:00
2026-06-12,r16,Ecuador,45.82,2,43.0,41.026,2026-07-04T15:36:52.581419+00:00
2026-06-12,r16,Egypt,29.96,2,33.0,31.485,2026-07-04T15:36:52.581419+00:00
2026-06-12,r16,England,73.89,2,78.5,74.896,2026-07-04T15:36:52.581419+00:00
2026-06-12,r16,France,77.764,2,81.5,77.758,2026-07-04T15:36:52.581419+00:00
2026-06-12,r16,Germany,64.396,2,70.5,67.263,2026-07-04T15:36:52.581419+00:00
2026-06-12,r16,Ghana,8.664,2,14.5,13.834,2026-07-04T15:36:52.581419+00:00
2026-06-12,r16,Haiti,3.658,2,4.65,4.436,2026-07-04T15:36:52.581419+00:00
2026-06-12,r16,Iran,21.38,2,18.5,17.651,2026-07-04T15:36:52.581419+00:00
2026-06-12,r16,Iraq,1.134,2,8.2,7.823,2026-07-04T15:36:52.581419+00:00
2026-06-12,r16,Ivory Coast,35.318,2,35.5,33.87,2026-07-04T15:36:52.581419+00:00
2026-06-12,r16,Japan,35.218,2,42.5,40.549,2026-07-04T15:36:52.581419+00:00
2026-06-12,r16,Jordan,2.756,2,8.55,8.157,2026-07-04T15:36:52.581419+00:00
2026-06-12,r16,Mexico,48.56,2,60.5,57.722,2026-07-04T15:36:52.581419+00:00
2026-06-12,r16,Morocco,40.072,2,43.0,41.026,2026-07-04T15:36:52.581419+00:00
2026-06-12,r16,Netherlands,55.786,2,54.5,51.998,2026-07-04T15:36:52.581419+00:00
2026-06-12,r16,New Zealand,7.71,2,7.5,7.156,2026-07-04T15:36:52.581419+00:00
2026-06-12,r16,Norway,44.4,2,54.5,51.998,2026-07-04T15:36:52.581419+00:00
2026-06-12,r16,Panama,7.29,2,7.5,7.156,2026-07-04T15:36:52.581419+00:00
2026-06-12,r16,Paraguay,25.446,2,31.0,29.577,2026-07-04T15:36:52.581419+00:00
2026-06-12,r16,Portugal,67.53,2,75.5,72.033,2026-07-04T15:36:52.581419+00:00
2026-06-12,r16,Qatar,2.274,2,3.55,3.387,2026-07-04T15:36:52.581419+00:00
2026-06-12,r16,Saudi Arabia,3.73,2,8.5,8.11,2026-07-04T15:36:52.581419+00:00
2026-06-12,r16,Scotland,26.744,2,23.5,22.421,2026-07-04T15:36:52.581419+00:00
2026-06-12,r16,Senegal,41.726,2,30.5,29.1,2026-07-04T15:36:52.581419+00:00
2026-06-12,r16,South Africa,4.388,2,6.5,6.202,2026-07-04T15:36:52.581419+00:00
2026-06-12,r16,South Korea,43.016,2,43.0,41.026,2026-07-04T15:36:52.581419+00:00
2026-06-12,r16,Spain,76.222,2,80.5,76.804,2026-07-04T15:36:52.581419+00:00
2026-06-12,r16,Sweden,23.862,2,21.0,20.036,2026-07-04T15:36:52.581419+00:00
2026-06-12,r16,Switzerland,61.622,2,63.5,60.584,2026-07-04T15:36:52.581419+00:00
2026-06-12,r16,Tunisia,4.158,2,7.0,6.679,2026-07-04T15:36:52.581419+00:00
2026-06-12,r16,Turkey,56.268,2,46.5,44.365,2026-07-04T15:36:52.581419+00:00
2026-06-12,r16,United States,47.994,2,49.5,47.227,2026-07-04T15:36:52.581419+00:00
2026-06-12,r16,Uruguay,42.97,2,41.5,39.595,2026-07-04T15:36:52.581419+00:00
2026-06-12,r16,Uzbekistan,8.712,2,7.5,7.156,2026-07-04T15:36:52.581419+00:00
2026-06-12,sf,Algeria,2.47,2,1.65,1.412,2026-07-04T15:36:53.04997+00:00
2026-06-12,sf,Argentina,31.988,2,31.5,26.955,2026-07-04T15:36:52.581419+00:00
2026-06-12,sf,Australia,0.562,2,2.75,2.353,2026-07-04T15:36:53.04997+00:00
2026-06-12,sf,Austria,4.972,2,6.55,5.605,2026-07-04T15:36:53.04997+00:00
2026-06-12,sf,Belgium,12.936,2,14.5,12.408,2026-07-04T15:36:52.581419+00:00
2026-06-12,sf,Bosnia and Herzegovina,1.03,2,2.3,1.968,2026-07-04T15:36:53.04997+00:00
2026-06-12,sf,Brazil,23.09,2,31.5,26.955,2026-07-04T15:36:52.581419+00:00
2026-06-12,sf,Canada,5.424,2,3.8,3.252,2026-07-04T15:36:53.04997+00:00
2026-06-12,sf,Cape Verde,0.136,2,0.35,0.299,2026-07-04T15:36:53.04997+00:00
2026-06-12,sf,Colombia,9.198,2,16.5,14.119,2026-07-04T15:36:52.581419+00:00
2026-06-12,sf,Croatia,11.18,2,10.3,8.814,2026-07-04T15:36:52.581419+00:00
2026-06-12,sf,Curacao,0.012,2,1.3,1.112,2026-07-04T15:36:53.04997+00:00
2026-06-12,sf,Czechia,2.53,2,2.65,2.268,2026-07-04T15:36:53.04997+00:00
2026-06-12,sf,DR Congo,0.82,2,0.9,0.77,2026-07-04T15:36:53.04997+00:00
2026-06-12,sf,Ecuador,8.036,2,7.9,6.76,2026-07-04T15:36:52.581419+00:00
2026-06-12,sf,Egypt,2.056,2,1.95,1.669,2026-07-04T15:36:53.04997+00:00
2026-06-12,sf,England,34.47,2,35.5,30.378,2026-07-04T15:36:52.581419+00:00
2026-06-12,sf,France,39.668,2,42.5,36.368,2026-07-04T15:36:52.581419+00:00
2026-06-12,sf,Germany,19.24,2,22.0,18.826,2026-07-04T15:36:52.581419+00:00
2026-06-12,sf,Ghana,0.462,2,2.1,1.797,2026-07-04T15:36:53.04997+00:00
2026-06-12,sf,Haiti,0.102,2,0.4,0.342,2026-07-04T15:36:53.04997+00:00
2026-06-12,sf,Iran,0.938,2,1.35,1.155,2026-07-04T15:36:53.04997+00:00
2026-06-12,sf,Iraq,0.016,2,1.2,1.027,2026-07-04T15:36:53.04997+00:00
2026-06-12,sf,Ivory Coast,4.222,2,5.05,4.321,2026-07-04T15:36:53.04997+00:00
2026-06-12,sf,Japan,7.328,2,10.5,8.985,2026-07-04T15:36:52.581419+00:00
2026-06-12,sf,Jordan,0.07,2,1.25,1.07,2026-07-04T15:36:53.04997+00:00
2026-06-12,sf,Mexico,4.742,2,14.5,12.408,2026-07-04T15:36:53.04997+00:00
2026-06-12,sf,Morocco,7.884,2,12.0,10.268,2026-07-04T15:36:52.581419+00:00
2026-06-12,sf,Netherlands,19.836,2,22.5,19.253,2026-07-04T15:36:52.581419+00:00
2026-06-12,sf,New Zealand,0.132,2,1.65,1.412,2026-07-04T15:36:53.04997+00:00
2026-06-12,sf,Norway,10.114,2,16.5,14.119,2026-07-04T15:36:52.581419+00:00
2026-06-12,sf,Panama,0.362,2,0.85,0.727,2026-07-04T15:36:53.04997+00:00
2026-06-12,sf,Paraguay,2.222,2,3.7,3.166,2026-07-04T15:36:53.04997+00:00
2026-06-12,sf,Portugal,26.318,2,33.5,28.666,2026-07-04T15:36:52.581419+00:00
2026-06-12,sf,Qatar,0.014,2,0.3,0.257,2026-07-04T15:36:53.04997+00:00
2026-06-12,sf,Saudi Arabia,0.062,2,1.55,1.326,2026-07-04T15:36:53.04997+00:00
2026-06-12,sf,Scotland,3.048,2,3.0,2.567,2026-07-04T15:36:53.04997+00:00
2026-06-12,sf,Senegal,8.754,2,5.15,4.407,2026-07-04T15:36:52.581419+00:00
2026-06-12,sf,South Africa,0.082,2,1.25,1.07,2026-07-04T15:36:53.04997+00:00
2026-06-12,sf,South Korea,3.2,2,3.85,3.294,2026-07-04T15:36:53.04997+00:00
2026-06-12,sf,Spain,43.97,2,46.5,39.79,2026-07-04T15:36:52.581419+00:00
2026-06-12,sf,Sweden,3.65,2,2.45,2.096,2026-07-04T15:36:53.04997+00:00
2026-06-12,sf,Switzerland,11.006,2,10.0,8.557,2026-07-04T15:36:52.581419+00:00
2026-06-12,sf,Tunisia,0.198,2,1.5,1.284,2026-07-04T15:36:53.04997+00:00
2026-06-12,sf,Turkey,11.554,2,10.5,8.985,2026-07-04T15:36:52.581419+00:00
2026-06-12,sf,United States,6.43,2,8.0,6.846,2026-07-04T15:36:52.581419+00:00
2026-06-12,sf,Uruguay,12.842,2,9.0,7.701,2026-07-04T15:36:52.581419+00:00
2026-06-12,sf,Uzbekistan,0.624,2,0.95,0.813,2026-07-04T15:36:53.04997+00:00
2026-06-13,final,Algeria,0.668,3,1.65,1.243,2026-07-04T15:36:53.04997+00:00
2026-06-13,final,Argentina,18.73,3,22.5,16.956,2026-07-04T15:36:53.04997+00:00
2026-06-13,final,Australia,0.1,3,1.0,0.754,2026-07-04T15:36:53.04997+00:00
2026-06-13,final,Austria,1.716,3,2.25,1.696,2026-07-04T15:36:53.04997+00:00
2026-06-13,final,Belgium,5.322,3,7.0,5.275,2026-07-04T15:36:53.04997+00:00
2026-06-13,final,Bosnia and Herzegovina,0.178,3,1.9,1.432,2026-07-04T15:36:53.04997+00:00
2026-06-13,final,Brazil,12.54,3,18.0,13.564,2026-07-04T15:36:53.04997+00:00
2026-06-13,final,Canada,1.478,3,2.85,2.148,2026-07-04T15:36:53.04997+00:00
2026-06-13,final,Cape Verde,0.018,3,0.4,0.301,2026-07-04T15:36:53.04997+00:00
2026-06-13,final,Colombia,3.706,3,6.4,4.823,2026-07-04T15:36:53.04997+00:00
2026-06-13,final,Croatia,4.72,3,3.6,2.713,2026-07-04T15:36:53.04997+00:00
2026-06-13,final,Curacao,0.0,3,0.35,0.264,2026-07-04T15:36:53.04997+00:00
2026-06-13,final,Czechia,0.668,3,1.55,1.168,2026-07-04T15:36:53.04997+00:00
2026-06-13,final,DR Congo,0.158,3,0.8,0.603,2026-07-04T15:36:53.04997+00:00
2026-06-13,final,Ecuador,3.086,3,2.75,2.072,2026-07-04T15:36:53.04997+00:00
2026-06-13,final,Egypt,0.464,3,0.95,0.716,2026-07-04T15:36:53.04997+00:00
2026-06-13,final,England,20.894,3,23.5,17.709,2026-07-04T15:36:53.04997+00:00
2026-06-13,final,France,24.752,3,25.0,18.839,2026-07-04T15:36:53.04997+00:00
2026-06-13,final,Germany,9.88,3,11.5,8.666,2026-07-04T15:36:53.04997+00:00
2026-06-13,final,Ghana,0.09,3,1.65,1.243,2026-07-04T15:36:53.04997+00:00
2026-06-13,final,Haiti,0.016,3,0.35,0.264,2026-07-04T15:36:53.04997+00:00
2026-06-13,final,Iran,0.19,3,0.8,0.603,2026-07-04T15:36:53.04997+00:00
2026-06-13,final,Iraq,0.004,3,0.7,0.528,2026-07-04T15:36:53.04997+00:00
2026-06-13,final,Ivory Coast,1.41,3,2.15,1.62,2026-07-04T15:36:53.04997+00:00
2026-06-13,final,Japan,2.864,3,4.85,3.655,2026-07-04T15:36:53.04997+00:00
2026-06-13,final,Jordan,0.012,3,0.55,0.414,2026-07-04T15:36:53.04997+00:00
2026-06-13,final,Mexico,1.388,3,6.9,5.2,2026-07-04T15:36:53.04997+00:00
2026-06-13,final,Morocco,3.008,3,6.95,5.237,2026-07-04T15:36:53.04997+00:00
2026-06-13,final,Netherlands,10.036,3,12.5,9.42,2026-07-04T15:36:53.04997+00:00
2026-06-13,final,New Zealand,0.02,3,2.1,1.583,2026-07-04T15:36:53.04997+00:00
2026-06-13,final,Norway,4.044,3,5.5,4.145,2026-07-04T15:36:53.04997+00:00
2026-06-13,final,Panama,0.068,3,0.4,0.301,2026-07-04T15:36:53.04997+00:00
2026-06-13,final,Paraguay,0.386,3,1.7,1.281,2026-07-04T15:36:53.04997+00:00
2026-06-13,final,Portugal,14.488,3,20.0,15.072,2026-07-04T15:36:53.04997+00:00
2026-06-13,final,Qatar,0.002,3,1.55,1.168,2026-07-04T15:36:53.04997+00:00
2026-06-13,final,Saudi Arabia,0.004,3,0.85,0.641,2026-07-04T15:36:53.04997+00:00
2026-06-13,final,Scotland,0.924,3,2.3,1.733,2026-07-04T15:36:53.04997+00:00
2026-06-13,final,Senegal,3.506,3,2.35,1.771,2026-07-04T15:36:53.04997+00:00
2026-06-13,final,South Africa,0.008,3,2.0,1.507,2026-07-04T15:36:53.04997+00:00
2026-06-13,final,South Korea,0.914,3,1.85,1.394,2026-07-04T15:36:53.04997+00:00
2026-06-13,final,Spain,29.28,3,31.0,23.361,2026-07-04T15:36:53.04997+00:00
2026-06-13,final,Sweden,1.12,3,2.45,1.846,2026-07-04T15:36:53.04997+00:00
2026-06-13,final,Switzerland,4.238,3,3.85,2.901,2026-07-04T15:36:53.04997+00:00
2026-06-13,final,Tunisia,0.04,3,1.05,0.791,2026-07-04T15:36:53.04997+00:00
2026-06-13,final,Turkey,4.808,3,3.85,2.901,2026-07-04T15:36:53.04997+00:00
2026-06-13,final,United States,2.436,3,5.85,4.408,2026-07-04T15:36:53.04997+00:00
2026-06-13,final,Uruguay,5.506,3,4.85,3.655,2026-07-04T15:36:53.04997+00:00
2026-06-13,final,Uzbekistan,0.112,3,0.55,0.414,2026-07-04T15:36:53.04997+00:00
2026-06-13,qf,Algeria,8.04,3,10.5,9.358,2026-07-04T15:36:53.04997+00:00
2026-06-13,qf,Argentina,47.18,3,52.5,46.791,2026-07-04T15:36:53.04997+00:00
2026-06-13,qf,Australia,2.596,3,3.3,2.941,2026-07-04T15:36:53.04997+00:00
2026-06-13,qf,Austria,12.314,3,13.0,11.586,2026-07-04T15:36:53.04997+00:00
2026-06-13,qf,Belgium,33.26,3,37.0,32.977,2026-07-04T15:36:53.04997+00:00
2026-06-13,qf,Bosnia and Herzegovina,6.21,3,8.5,7.576,2026-07-04T15:36:53.04997+00:00
2026-06-13,qf,Brazil,40.31,3,51.5,45.9,2026-07-04T15:36:53.04997+00:00
2026-06-13,qf,Canada,18.188,3,11.5,10.25,2026-07-04T15:36:53.04997+00:00
2026-06-13,qf,Cape Verde,0.906,3,2.2,1.961,2026-07-04T15:36:53.04997+00:00
2026-06-13,qf,Colombia,20.116,3,30.0,26.738,2026-07-04T15:36:53.04997+00:00
2026-06-13,qf,Croatia,22.42,3,20.5,18.271,2026-07-04T15:36:53.04997+00:00
2026-06-13,qf,Curacao,0.168,3,1.5,1.337,2026-07-04T15:36:53.04997+00:00
2026-06-13,qf,Czechia,10.366,3,6.5,5.793,2026-07-04T15:36:53.04997+00:00
2026-06-13,qf,DR Congo,3.064,3,4.35,3.877,2026-07-04T15:36:53.04997+00:00
2026-06-13,qf,Ecuador,18.876,3,18.5,16.488,2026-07-04T15:36:53.04997+00:00
2026-06-13,qf,Egypt,8.306,3,7.0,6.239,2026-07-04T15:36:53.04997+00:00
2026-06-13,qf,England,53.376,3,55.0,49.02,2026-07-04T15:36:53.04997+00:00
2026-06-13,qf,France,56.018,3,58.5,52.139,2026-07-04T15:36:53.04997+00:00
2026-06-13,qf,Germany,33.042,3,40.0,35.651,2026-07-04T15:36:53.04997+00:00
2026-06-13,qf,Ghana,2.258,3,7.65,6.818,2026-07-04T15:36:53.04997+00:00
2026-06-13,qf,Haiti,0.608,3,2.25,2.005,2026-07-04T15:36:53.04997+00:00
2026-06-13,qf,Iran,4.702,3,4.25,3.788,2026-07-04T15:36:53.04997+00:00
2026-06-13,qf,Iraq,0.208,3,2.2,1.961,2026-07-04T15:36:53.04997+00:00
2026-06-13,qf,Ivory Coast,12.436,3,10.5,9.358,2026-07-04T15:36:53.04997+00:00
2026-06-13,qf,Japan,18.07,3,24.0,21.39,2026-07-04T15:36:53.04997+00:00
2026-06-13,qf,Jordan,0.532,3,2.35,2.094,2026-07-04T15:36:53.04997+00:00
2026-06-13,qf,Mexico,15.988,3,31.0,27.629,2026-07-04T15:36:53.04997+00:00
2026-06-13,qf,Morocco,19.784,3,30.0,26.738,2026-07-04T15:36:53.04997+00:00
2026-06-13,qf,Netherlands,37.608,3,36.0,32.086,2026-07-04T15:36:53.04997+00:00
2026-06-13,qf,New Zealand,1.12,3,2.3,2.05,2026-07-04T15:36:53.04997+00:00
2026-06-13,qf,Norway,22.544,3,29.0,25.847,2026-07-04T15:36:53.04997+00:00
2026-06-13,qf,Panama,1.724,3,2.35,2.094,2026-07-04T15:36:53.04997+00:00
2026-06-13,qf,Paraguay,4.33,3,4.5,4.011,2026-07-04T15:36:53.04997+00:00
2026-06-13,qf,Portugal,45.1,3,51.5,45.9,2026-07-04T15:36:53.04997+00:00
2026-06-13,qf,Qatar,0.296,3,2.3,2.05,2026-07-04T15:36:53.04997+00:00
2026-06-13,qf,Saudi Arabia,0.542,3,2.2,1.961,2026-07-04T15:36:53.04997+00:00
2026-06-13,qf,Scotland,9.828,3,11.0,9.804,2026-07-04T15:36:53.04997+00:00
2026-06-13,qf,Senegal,20.552,3,14.5,12.923,2026-07-04T15:36:53.04997+00:00
2026-06-13,qf,South Africa,0.836,3,2.75,2.451,2026-07-04T15:36:53.04997+00:00
2026-06-13,qf,South Korea,13.0,3,14.5,12.923,2026-07-04T15:36:53.04997+00:00
2026-06-13,qf,Spain,56.054,3,63.0,56.15,2026-07-04T15:36:53.04997+00:00
2026-06-13,qf,Sweden,10.088,3,7.5,6.684,2026-07-04T15:36:53.04997+00:00
2026-06-13,qf,Switzerland,28.21,3,25.0,22.282,2026-07-04T15:36:53.04997+00:00
2026-06-13,qf,Tunisia,0.998,3,2.1,1.872,2026-07-04T15:36:53.04997+00:00
2026-06-13,qf,Turkey,27.266,3,21.5,19.162,2026-07-04T15:36:53.04997+00:00
2026-06-13,qf,United States,23.662,3,35.5,31.64,2026-07-04T15:36:53.04997+00:00
2026-06-13,qf,Uruguay,24.598,3,22.0,19.608,2026-07-04T15:36:53.04997+00:00
2026-06-13,qf,Uzbekistan,2.302,3,2.05,1.827,2026-07-04T15:36:53.04997+00:00
2026-06-13,r16,Algeria,20.662,3,20.0,19.264,2026-07-04T15:36:53.04997+00:00
2026-06-13,r16,Argentina,62.836,3,66.5,64.054,2026-07-04T15:36:53.04997+00:00
2026-06-13,r16,Australia,12.006,3,13.5,13.003,2026-07-04T15:36:53.04997+00:00
2026-06-13,r16,Austria,27.198,3,28.0,26.97,2026-07-04T15:36:53.04997+00:00
2026-06-13,r16,Belgium,61.802,3,67.5,65.017,2026-07-04T15:36:53.04997+00:00
2026-06-13,r16,Bosnia and Herzegovina,22.624,3,26.0,25.044,2026-07-04T15:36:53.04997+00:00
2026-06-13,r16,Brazil,63.07,3,71.0,68.388,2026-07-04T15:36:53.04997+00:00
2026-06-13,r16,Canada,50.88,3,37.0,35.639,2026-07-04T15:36:53.04997+00:00
2026-06-13,r16,Cape Verde,5.744,3,7.45,7.176,2026-07-04T15:36:53.04997+00:00
2026-06-13,r16,Colombia,43.742,3,55.0,52.977,2026-07-04T15:36:53.04997+00:00
2026-06-13,r16,Croatia,49.04,3,39.5,38.047,2026-07-04T15:36:53.04997+00:00
2026-06-13,r16,Curacao,1.51,3,4.55,4.383,2026-07-04T15:36:53.04997+00:00
2026-06-13,r16,Czechia,27.55,3,19.0,18.301,2026-07-04T15:36:53.04997+00:00
2026-06-13,r16,DR Congo,10.87,3,11.5,11.077,2026-07-04T15:36:53.04997+00:00
2026-06-13,r16,Ecuador,45.978,3,43.0,41.418,2026-07-04T15:36:53.04997+00:00
2026-06-13,r16,Egypt,29.528,3,31.5,30.341,2026-07-04T15:36:53.04997+00:00
2026-06-13,r16,England,73.976,3,77.0,74.168,2026-07-04T15:36:53.04997+00:00
2026-06-13,r16,France,77.98,3,81.0,78.021,2026-07-04T15:36:53.04997+00:00
2026-06-13,r16,Germany,64.686,3,69.5,66.944,2026-07-04T15:36:53.04997+00:00
2026-06-13,r16,Ghana,8.726,3,13.5,13.003,2026-07-04T15:36:53.04997+00:00
2026-06-13,r16,Haiti,3.678,3,5.5,5.298,2026-07-04T15:36:53.04997+00:00
2026-06-13,r16,Iran,20.992,3,21.0,20.228,2026-07-04T15:36:53.04997+00:00
2026-06-13,r16,Iraq,1.154,3,3.85,3.708,2026-07-04T15:36:53.04997+00:00
2026-06-13,r16,Ivory Coast,35.48,3,36.0,34.676,2026-07-04T15:36:53.04997+00:00
2026-06-13,r16,Japan,35.302,3,39.0,37.565,2026-07-04T15:36:53.04997+00:00
2026-06-13,r16,Jordan,2.826,3,6.0,5.779,2026-07-04T15:36:53.04997+00:00
2026-06-13,r16,Mexico,48.55,3,64.5,62.128,2026-07-04T15:36:53.04997+00:00
2026-06-13,r16,Morocco,40.006,3,47.5,45.753,2026-07-04T15:36:53.04997+00:00
2026-06-13,r16,Netherlands,55.802,3,56.5,54.422,2026-07-04T15:36:53.04997+00:00
2026-06-13,r16,New Zealand,7.564,3,7.0,6.743,2026-07-04T15:36:53.04997+00:00
2026-06-13,r16,Norway,44.608,3,52.5,50.569,2026-07-04T15:36:53.04997+00:00
2026-06-13,r16,Panama,7.3,3,5.0,4.816,2026-07-04T15:36:53.04997+00:00
2026-06-13,r16,Paraguay,15.67,3,13.5,13.003,2026-07-04T15:36:53.04997+00:00
2026-06-13,r16,Portugal,67.598,3,74.5,71.76,2026-07-04T15:36:53.04997+00:00
2026-06-13,r16,Qatar,2.248,3,3.75,3.612,2026-07-04T15:36:53.04997+00:00
2026-06-13,r16,Saudi Arabia,3.728,3,7.0,6.743,2026-07-04T15:36:53.04997+00:00
2026-06-13,r16,Scotland,26.642,3,23.5,22.636,2026-07-04T15:36:53.04997+00:00
2026-06-13,r16,Senegal,41.968,3,30.5,29.378,2026-07-04T15:36:53.04997+00:00
2026-06-13,r16,South Africa,4.416,3,6.0,5.779,2026-07-04T15:36:53.04997+00:00
2026-06-13,r16,South Korea,42.996,3,45.0,43.345,2026-07-04T15:36:53.04997+00:00
2026-06-13,r16,Spain,76.212,3,79.0,76.094,2026-07-04T15:36:53.04997+00:00
2026-06-13,r16,Sweden,23.902,3,22.0,21.191,2026-07-04T15:36:53.04997+00:00
2026-06-13,r16,Switzerland,61.59,3,58.0,55.867,2026-07-04T15:36:53.04997+00:00
2026-06-13,r16,Tunisia,4.228,3,9.5,9.151,2026-07-04T15:36:53.04997+00:00
2026-06-13,r16,Turkey,56.94,3,48.5,46.716,2026-07-04T15:36:53.04997+00:00
2026-06-13,r16,United States,56.474,3,66.0,63.572,2026-07-04T15:36:53.04997+00:00
2026-06-13,r16,Uruguay,42.986,3,40.5,39.01,2026-07-04T15:36:53.04997+00:00
2026-06-13,r16,Uzbekistan,8.732,3,7.5,7.224,2026-07-04T15:36:53.04997+00:00
2026-06-13,sf,Algeria,2.484,3,3.1,2.715,2026-07-04T15:36:53.04997+00:00
2026-06-13,sf,Argentina,31.718,3,32.0,28.03,2026-07-04T15:36:53.04997+00:00
2026-06-13,sf,Australia,0.55,3,3.05,2.672,2026-07-04T15:36:53.04997+00:00
2026-06-13,sf,Austria,4.968,3,5.85,5.124,2026-07-04T15:36:53.04997+00:00
2026-06-13,sf,Belgium,12.856,3,14.5,12.701,2026-07-04T15:36:53.04997+00:00
2026-06-13,sf,Bosnia and Herzegovina,1.036,3,2.35,2.058,2026-07-04T15:36:53.04997+00:00
2026-06-13,sf,Brazil,23.05,3,29.5,25.84,2026-07-04T15:36:53.04997+00:00
2026-06-13,sf,Canada,5.41,3,1.65,1.445,2026-07-04T15:36:53.04997+00:00
2026-06-13,sf,Cape Verde,0.134,3,0.4,0.35,2026-07-04T15:36:53.04997+00:00
2026-06-13,sf,Colombia,9.234,3,14.5,12.701,2026-07-04T15:36:53.04997+00:00
2026-06-13,sf,Croatia,11.194,3,8.25,7.227,2026-07-04T15:36:53.04997+00:00
2026-06-13,sf,Curacao,0.014,3,1.3,1.139,2026-07-04T15:36:53.04997+00:00
2026-06-13,sf,Czechia,2.518,3,2.95,2.584,2026-07-04T15:36:53.04997+00:00
2026-06-13,sf,DR Congo,0.82,3,1.0,0.876,2026-07-04T15:36:53.04997+00:00
2026-06-13,sf,Ecuador,8.034,3,6.4,5.606,2026-07-04T15:36:53.04997+00:00
2026-06-13,sf,Egypt,2.036,3,2.2,1.927,2026-07-04T15:36:53.04997+00:00
2026-06-13,sf,England,34.492,3,36.5,31.972,2026-07-04T15:36:53.04997+00:00
2026-06-13,sf,France,39.72,3,37.5,32.848,2026-07-04T15:36:53.04997+00:00
2026-06-13,sf,Germany,19.36,3,22.0,19.271,2026-07-04T15:36:53.04997+00:00
2026-06-13,sf,Ghana,0.468,3,3.0,2.628,2026-07-04T15:36:53.04997+00:00
2026-06-13,sf,Haiti,0.106,3,0.4,0.35,2026-07-04T15:36:53.04997+00:00
2026-06-13,sf,Iran,0.938,3,1.1,0.964,2026-07-04T15:36:53.04997+00:00
2026-06-13,sf,Iraq,0.016,3,2.8,2.453,2026-07-04T15:36:53.04997+00:00
2026-06-13,sf,Ivory Coast,4.24,3,5.75,5.037,2026-07-04T15:36:53.04997+00:00
2026-06-13,sf,Japan,7.36,3,9.5,8.321,2026-07-04T15:36:53.04997+00:00
2026-06-13,sf,Jordan,0.07,3,1.05,0.92,2026-07-04T15:36:53.04997+00:00
2026-06-13,sf,Mexico,4.742,3,11.5,10.073,2026-07-04T15:36:53.04997+00:00
2026-06-13,sf,Morocco,7.88,3,18.0,15.767,2026-07-04T15:36:53.04997+00:00
2026-06-13,sf,Netherlands,19.8,3,22.5,19.709,2026-07-04T15:36:53.04997+00:00
2026-06-13,sf,New Zealand,0.128,3,1.15,1.007,2026-07-04T15:36:53.04997+00:00
2026-06-13,sf,Norway,10.126,3,15.0,13.139,2026-07-04T15:36:53.04997+00:00
2026-06-13,sf,Panama,0.35,3,0.85,0.745,2026-07-04T15:36:53.04997+00:00
2026-06-13,sf,Paraguay,1.392,3,2.5,2.19,2026-07-04T15:36:53.04997+00:00
2026-06-13,sf,Portugal,26.336,3,31.5,27.592,2026-07-04T15:36:53.04997+00:00
2026-06-13,sf,Qatar,0.014,3,0.15,0.131,2026-07-04T15:36:53.04997+00:00
2026-06-13,sf,Saudi Arabia,0.064,3,1.9,1.664,2026-07-04T15:36:53.04997+00:00
2026-06-13,sf,Scotland,3.072,3,1.4,1.226,2026-07-04T15:36:53.04997+00:00
2026-06-13,sf,Senegal,8.8,3,3.65,3.197,2026-07-04T15:36:53.04997+00:00
2026-06-13,sf,South Africa,0.082,3,1.0,0.876,2026-07-04T15:36:53.04997+00:00
2026-06-13,sf,South Korea,3.208,3,5.4,4.73,2026-07-04T15:36:53.04997+00:00
2026-06-13,sf,Spain,43.97,3,45.0,39.417,2026-07-04T15:36:53.04997+00:00
2026-06-13,sf,Sweden,3.652,3,4.95,4.336,2026-07-04T15:36:53.04997+00:00
2026-06-13,sf,Switzerland,10.95,3,8.5,7.446,2026-07-04T15:36:53.04997+00:00
2026-06-13,sf,Tunisia,0.2,3,1.75,1.533,2026-07-04T15:36:53.04997+00:00
2026-06-13,sf,Turkey,11.478,3,9.5,8.321,2026-07-04T15:36:53.04997+00:00
2026-06-13,sf,United States,7.554,3,14.0,12.263,2026-07-04T15:36:53.04997+00:00
2026-06-13,sf,Uruguay,12.756,3,7.0,6.132,2026-07-04T15:36:53.04997+00:00
2026-06-13,sf,Uzbekistan,0.62,3,0.85,0.745,2026-07-04T15:36:53.04997+00:00
2026-06-14,final,Algeria,0.708,6,1.6,1.214,2026-07-04T15:36:53.04997+00:00
2026-06-14,final,Argentina,19.532,6,21.5,16.316,2026-07-04T15:36:53.04997+00:00
2026-06-14,final,Australia,0.302,6,1.15,0.873,2026-07-04T15:36:53.04997+00:00
2026-06-14,final,Austria,1.724,6,2.25,1.707,2026-07-04T15:36:53.04997+00:00
2026-06-14,final,Belgium,5.664,6,7.0,5.312,2026-07-04T15:36:53.04997+00:00
2026-06-14,final,Bosnia and Herzegovina,0.18,6,1.9,1.442,2026-07-04T15:36:53.04997+00:00
2026-06-14,final,Brazil,12.434,6,17.5,13.28,2026-07-04T15:36:53.04997+00:00
2026-06-14,final,Canada,1.508,6,2.0,1.518,2026-07-04T15:36:53.04997+00:00
2026-06-14,final,Cape Verde,0.018,6,0.4,0.304,2026-07-04T15:36:53.04997+00:00
2026-06-14,final,Colombia,3.756,6,6.5,4.933,2026-07-04T15:36:53.04997+00:00
2026-06-14,final,Croatia,4.72,6,3.5,2.656,2026-07-04T15:36:53.04997+00:00
2026-06-14,final,Curacao,0.0,6,0.4,0.304,2026-07-04T15:36:53.04997+00:00
2026-06-14,final,Czechia,0.676,6,2.15,1.632,2026-07-04T15:36:53.04997+00:00
2026-06-14,final,DR Congo,0.156,6,0.85,0.645,2026-07-04T15:36:53.04997+00:00
2026-06-14,final,Ecuador,3.04,6,2.85,2.163,2026-07-04T15:36:53.04997+00:00
2026-06-14,final,Egypt,0.524,6,0.95,0.721,2026-07-04T15:36:53.04997+00:00
2026-06-14,final,England,20.928,6,24.5,18.592,2026-07-04T15:36:53.04997+00:00
2026-06-14,final,France,24.422,6,25.5,19.351,2026-07-04T15:36:53.04997+00:00
2026-06-14,final,Germany,9.656,6,13.5,10.245,2026-07-04T15:36:53.04997+00:00
2026-06-14,final,Ghana,0.086,6,1.5,1.138,2026-07-04T15:36:53.04997+00:00
2026-06-14,final,Haiti,0.004,6,0.3,0.228,2026-07-04T15:36:53.04997+00:00
2026-06-14,final,Iran,0.234,6,0.75,0.569,2026-07-04T15:36:53.04997+00:00
2026-06-14,final,Iraq,0.006,6,0.35,0.266,2026-07-04T15:36:53.04997+00:00
2026-06-14,final,Ivory Coast,1.416,6,2.15,1.632,2026-07-04T15:36:53.04997+00:00
2026-06-14,final,Japan,2.806,6,4.95,3.756,2026-07-04T15:36:53.04997+00:00
2026-06-14,final,Jordan,0.01,6,0.55,0.417,2026-07-04T15:36:53.04997+00:00
2026-06-14,final,Mexico,1.348,6,6.2,4.705,2026-07-04T15:36:53.04997+00:00
2026-06-14,final,Morocco,3.314,6,7.65,5.805,2026-07-04T15:36:53.04997+00:00
2026-06-14,final,Netherlands,9.888,6,12.5,9.486,2026-07-04T15:36:53.04997+00:00
2026-06-14,final,New Zealand,0.024,6,3.15,2.39,2026-07-04T15:36:53.04997+00:00
2026-06-14,final,Norway,4.042,6,5.5,4.174,2026-07-04T15:36:53.04997+00:00
2026-06-14,final,Panama,0.066,6,0.4,0.304,2026-07-04T15:36:53.04997+00:00
2026-06-14,final,Paraguay,0.41,6,1.65,1.252,2026-07-04T15:36:53.04997+00:00
2026-06-14,final,Portugal,14.48,6,22.5,17.075,2026-07-04T15:36:53.04997+00:00
2026-06-14,final,Qatar,0.002,6,1.45,1.1,2026-07-04T15:36:53.04997+00:00
2026-06-14,final,Saudi Arabia,0.0,6,1.25,0.949,2026-07-04T15:36:53.04997+00:00
2026-06-14,final,Scotland,1.172,6,1.75,1.328,2026-07-04T15:36:53.04997+00:00
2026-06-14,final,Senegal,3.526,6,2.1,1.594,2026-07-04T15:36:53.04997+00:00
2026-06-14,final,South Africa,0.006,6,2.1,1.594,2026-07-04T15:36:53.04997+00:00
2026-06-14,final,South Korea,0.896,6,1.85,1.404,2026-07-04T15:36:53.04997+00:00
2026-06-14,final,Spain,29.698,6,28.5,21.628,2026-07-04T15:36:53.04997+00:00
2026-06-14,final,Sweden,1.086,6,1.9,1.442,2026-07-04T15:36:53.04997+00:00
2026-06-14,final,Switzerland,4.316,6,3.5,2.656,2026-07-04T15:36:53.04997+00:00
2026-06-14,final,Tunisia,0.032,6,1.1,0.835,2026-07-04T15:36:53.04997+00:00
2026-06-14,final,Turkey,2.854,6,1.05,0.797,2026-07-04T15:36:53.04997+00:00
2026-06-14,final,United States,2.416,6,6.5,4.933,2026-07-04T15:36:53.04997+00:00
2026-06-14,final,Uruguay,5.802,6,3.75,2.846,2026-07-04T15:36:53.04997+00:00
2026-06-14,final,Uzbekistan,0.112,6,0.65,0.493,2026-07-04T15:36:53.04997+00:00
2026-06-14,qf,Algeria,8.182,6,6.5,5.89,2026-07-04T15:36:53.04997+00:00
2026-06-14,qf,Argentina,49.026,6,52.5,47.576,2026-07-04T15:36:53.04997+00:00
2026-06-14,qf,Australia,7.144,6,10.65,9.651,2026-07-04T15:36:53.04997+00:00
2026-06-14,qf,Austria,12.56,6,13.0,11.781,2026-07-04T15:36:53.04997+00:00
2026-06-14,qf,Belgium,35.09,6,36.0,32.623,2026-07-04T15:36:53.04997+00:00
2026-06-14,qf,Bosnia and Herzegovina,6.646,6,6.5,5.89,2026-07-04T15:36:53.04997+00:00
2026-06-14,qf,Brazil,39.958,6,48.0,43.498,2026-07-04T15:36:53.04997+00:00
2026-06-14,qf,Canada,18.288,6,10.0,9.062,2026-07-04T15:36:53.04997+00:00
2026-06-14,qf,Cape Verde,0.976,6,2.95,2.673,2026-07-04T15:36:53.04997+00:00
2026-06-14,qf,Colombia,19.97,6,28.5,25.827,2026-07-04T15:36:53.04997+00:00
2026-06-14,qf,Croatia,22.198,6,19.5,17.671,2026-07-04T15:36:53.04997+00:00
2026-06-14,qf,Curacao,0.16,6,0.4,0.362,2026-07-04T15:36:53.04997+00:00
2026-06-14,qf,Czechia,10.586,6,6.5,5.89,2026-07-04T15:36:53.04997+00:00
2026-06-14,qf,DR Congo,2.954,6,4.25,3.851,2026-07-04T15:36:53.04997+00:00
2026-06-14,qf,Ecuador,19.024,6,23.0,20.843,2026-07-04T15:36:53.04997+00:00
2026-06-14,qf,Egypt,9.022,6,6.5,5.89,2026-07-04T15:36:53.04997+00:00
2026-06-14,qf,England,52.992,6,56.0,50.748,2026-07-04T15:36:53.04997+00:00
2026-06-14,qf,France,55.508,6,59.5,53.919,2026-07-04T15:36:53.04997+00:00
2026-06-14,qf,Germany,32.534,6,41.0,37.155,2026-07-04T15:36:53.04997+00:00
2026-06-14,qf,Ghana,2.16,6,7.3,6.615,2026-07-04T15:36:53.04997+00:00
2026-06-14,qf,Haiti,0.176,6,1.25,1.133,2026-07-04T15:36:53.04997+00:00
2026-06-14,qf,Iran,5.238,6,5.2,4.712,2026-07-04T15:36:53.04997+00:00
2026-06-14,qf,Iraq,0.188,6,2.0,1.812,2026-07-04T15:36:53.04997+00:00
2026-06-14,qf,Ivory Coast,12.522,6,14.5,13.14,2026-07-04T15:36:53.04997+00:00
2026-06-14,qf,Japan,17.894,6,22.0,19.937,2026-07-04T15:36:53.04997+00:00
2026-06-14,qf,Jordan,0.524,6,1.85,1.676,2026-07-04T15:36:53.04997+00:00
2026-06-14,qf,Mexico,15.842,6,31.5,28.546,2026-07-04T15:36:53.04997+00:00
2026-06-14,qf,Morocco,20.878,6,29.0,26.28,2026-07-04T15:36:53.04997+00:00
2026-06-14,qf,Netherlands,36.962,6,37.0,33.53,2026-07-04T15:36:53.04997+00:00
2026-06-14,qf,New Zealand,1.264,6,1.6,1.45,2026-07-04T15:36:53.04997+00:00
2026-06-14,qf,Norway,22.444,6,30.5,27.639,2026-07-04T15:36:53.04997+00:00
2026-06-14,qf,Panama,1.628,6,2.5,2.266,2026-07-04T15:36:53.04997+00:00
2026-06-14,qf,Paraguay,4.232,6,4.5,4.078,2026-07-04T15:36:53.04997+00:00
2026-06-14,qf,Portugal,44.764,6,51.5,46.67,2026-07-04T15:36:53.04997+00:00
2026-06-14,qf,Qatar,0.312,6,2.55,2.311,2026-07-04T15:36:53.04997+00:00
2026-06-14,qf,Saudi Arabia,0.556,6,2.3,2.084,2026-07-04T15:36:53.04997+00:00
2026-06-14,qf,Scotland,12.546,6,9.0,8.156,2026-07-04T15:36:53.04997+00:00
2026-06-14,qf,Senegal,20.38,6,14.0,12.687,2026-07-04T15:36:53.04997+00:00
2026-06-14,qf,South Africa,0.866,6,1.5,1.359,2026-07-04T15:36:53.04997+00:00
2026-06-14,qf,South Korea,12.826,6,15.0,13.593,2026-07-04T15:36:53.04997+00:00
2026-06-14,qf,Spain,56.404,6,63.0,57.091,2026-07-04T15:36:53.04997+00:00
2026-06-14,qf,Sweden,10.018,6,8.5,7.703,2026-07-04T15:36:53.04997+00:00
2026-06-14,qf,Switzerland,28.498,6,19.0,17.218,2026-07-04T15:36:53.04997+00:00
2026-06-14,qf,Tunisia,0.986,6,2.1,1.903,2026-07-04T15:36:53.04997+00:00
2026-06-14,qf,Turkey,15.002,6,11.5,10.421,2026-07-04T15:36:53.04997+00:00
2026-06-14,qf,United States,24.05,6,35.5,32.17,2026-07-04T15:36:53.04997+00:00
2026-06-14,qf,Uruguay,25.776,6,22.0,19.937,2026-07-04T15:36:53.04997+00:00
2026-06-14,qf,Uzbekistan,2.246,6,3.4,3.081,2026-07-04T15:36:53.04997+00:00
2026-06-14,r16,Algeria,20.498,6,19.0,18.12,2026-07-04T15:36:53.04997+00:00
2026-06-14,r16,Argentina,62.85,6,71.5,68.189,2026-07-04T15:36:53.04997+00:00
2026-06-14,r16,Australia,31.634,6,34.0,32.425,2026-07-04T15:36:53.04997+00:00
2026-06-14,r16,Austria,27.094,6,26.5,25.273,2026-07-04T15:36:53.04997+00:00
2026-06-14,r16,Belgium,63.546,6,64.0,61.036,2026-07-04T15:36:53.04997+00:00
2026-06-14,r16,Bosnia and Herzegovina,23.834,6,22.5,21.458,2026-07-04T15:36:53.04997+00:00
2026-06-14,r16,Brazil,62.552,6,69.5,66.281,2026-07-04T15:36:53.04997+00:00
2026-06-14,r16,Canada,51.378,6,40.5,38.624,2026-07-04T15:36:53.04997+00:00
2026-06-14,r16,Cape Verde,5.562,6,5.65,5.388,2026-07-04T15:36:53.04997+00:00
2026-06-14,r16,Colombia,43.546,6,54.5,51.976,2026-07-04T15:36:53.04997+00:00
2026-06-14,r16,Croatia,48.87,6,44.5,42.439,2026-07-04T15:36:53.04997+00:00
2026-06-14,r16,Curacao,1.402,6,4.3,4.101,2026-07-04T15:36:53.04997+00:00
2026-06-14,r16,Czechia,27.162,6,16.5,15.736,2026-07-04T15:36:53.04997+00:00
2026-06-14,r16,DR Congo,10.7,6,12.0,11.444,2026-07-04T15:36:53.04997+00:00
2026-06-14,r16,Ecuador,45.128,6,47.0,44.823,2026-07-04T15:36:53.04997+00:00
2026-06-14,r16,Egypt,32.068,6,31.5,30.041,2026-07-04T15:36:53.04997+00:00
2026-06-14,r16,England,73.758,6,78.0,74.388,2026-07-04T15:36:53.04997+00:00
2026-06-14,r16,France,77.132,6,83.0,79.156,2026-07-04T15:36:53.04997+00:00
2026-06-14,r16,Germany,62.986,6,78.0,74.388,2026-07-04T15:36:53.04997+00:00
2026-06-14,r16,Ghana,8.452,6,13.5,12.875,2026-07-04T15:36:53.04997+00:00
2026-06-14,r16,Haiti,1.282,6,4.7,4.482,2026-07-04T15:36:53.04997+00:00
2026-06-14,r16,Iran,23.038,6,23.0,21.935,2026-07-04T15:36:53.04997+00:00
2026-06-14,r16,Iraq,1.05,6,5.55,5.293,2026-07-04T15:36:53.04997+00:00
2026-06-14,r16,Ivory Coast,34.822,6,36.5,34.81,2026-07-04T15:36:53.04997+00:00
2026-06-14,r16,Japan,35.152,6,43.0,41.009,2026-07-04T15:36:53.04997+00:00
2026-06-14,r16,Jordan,2.678,6,1.85,1.764,2026-07-04T15:36:53.04997+00:00
2026-06-14,r16,Mexico,47.82,6,61.5,58.652,2026-07-04T15:36:53.04997+00:00
2026-06-14,r16,Morocco,42.564,6,47.5,45.3,2026-07-04T15:36:53.04997+00:00
2026-06-14,r16,Netherlands,55.066,6,58.5,55.791,2026-07-04T15:36:53.04997+00:00
2026-06-14,r16,New Zealand,8.51,6,5.5,5.245,2026-07-04T15:36:53.04997+00:00
2026-06-14,r16,Norway,44.026,6,56.5,53.883,2026-07-04T15:36:53.04997+00:00
2026-06-14,r16,Panama,7.106,6,8.0,7.629,2026-07-04T15:36:53.04997+00:00
2026-06-14,r16,Paraguay,15.452,6,13.5,12.875,2026-07-04T15:36:53.04997+00:00
2026-06-14,r16,Portugal,67.23,6,75.5,72.003,2026-07-04T15:36:53.04997+00:00
2026-06-14,r16,Qatar,2.35,6,2.65,2.527,2026-07-04T15:36:53.04997+00:00
2026-06-14,r16,Saudi Arabia,3.538,6,8.5,8.106,2026-07-04T15:36:53.04997+00:00
2026-06-14,r16,Scotland,34.204,6,21.0,20.027,2026-07-04T15:36:53.04997+00:00
2026-06-14,r16,Senegal,41.368,6,28.5,27.18,2026-07-04T15:36:53.04997+00:00
2026-06-14,r16,South Africa,4.328,6,6.5,6.199,2026-07-04T15:36:53.04997+00:00
2026-06-14,r16,South Korea,42.648,6,46.5,44.346,2026-07-04T15:36:53.04997+00:00
2026-06-14,r16,Spain,76.226,6,81.0,77.249,2026-07-04T15:36:53.04997+00:00
2026-06-14,r16,Sweden,23.766,6,26.5,25.273,2026-07-04T15:36:53.04997+00:00
2026-06-14,r16,Switzerland,62.094,6,50.5,48.161,2026-07-04T15:36:53.04997+00:00
2026-06-14,r16,Tunisia,4.19,6,10.0,9.537,2026-07-04T15:36:53.04997+00:00
2026-06-14,r16,Turkey,32.692,6,25.0,23.842,2026-07-04T15:36:53.04997+00:00
2026-06-14,r16,United States,55.188,6,64.0,61.036,2026-07-04T15:36:53.04997+00:00
2026-06-14,r16,Uruguay,42.838,6,43.0,41.009,2026-07-04T15:36:53.04997+00:00
2026-06-14,r16,Uzbekistan,8.622,6,7.0,6.676,2026-07-04T15:36:53.04997+00:00
2026-06-14,sf,Algeria,2.57,6,2.7,2.304,2026-07-04T15:36:53.04997+00:00
2026-06-14,sf,Argentina,33.06,6,33.5,28.593,2026-07-04T15:36:53.04997+00:00
2026-06-14,sf,Australia,1.516,6,2.0,1.707,2026-07-04T15:36:53.04997+00:00
2026-06-14,sf,Austria,5.138,6,7.0,5.975,2026-07-04T15:36:53.04997+00:00
2026-06-14,sf,Belgium,13.568,6,13.0,11.096,2026-07-04T15:36:53.04997+00:00
2026-06-14,sf,Bosnia and Herzegovina,1.066,6,2.95,2.518,2026-07-04T15:36:53.04997+00:00
2026-06-14,sf,Brazil,22.982,6,27.5,23.472,2026-07-04T15:36:53.04997+00:00
2026-06-14,sf,Canada,5.488,6,1.85,1.579,2026-07-04T15:36:53.04997+00:00
2026-06-14,sf,Cape Verde,0.162,6,3.15,2.689,2026-07-04T15:36:53.04997+00:00
2026-06-14,sf,Colombia,9.324,6,14.5,12.376,2026-07-04T15:36:53.04997+00:00
2026-06-14,sf,Croatia,11.252,6,7.7,6.572,2026-07-04T15:36:53.04997+00:00
2026-06-14,sf,Curacao,0.006,6,1.5,1.28,2026-07-04T15:36:53.04997+00:00
2026-06-14,sf,Czechia,2.532,6,3.1,2.646,2026-07-04T15:36:53.04997+00:00
2026-06-14,sf,DR Congo,0.808,6,3.05,2.603,2026-07-04T15:36:53.04997+00:00
2026-06-14,sf,Ecuador,8.076,6,11.2,9.559,2026-07-04T15:36:53.04997+00:00
2026-06-14,sf,Egypt,2.224,6,2.5,2.134,2026-07-04T15:36:53.04997+00:00
2026-06-14,sf,England,34.524,6,35.5,30.3,2026-07-04T15:36:53.04997+00:00
2026-06-14,sf,France,39.272,6,40.0,34.141,2026-07-04T15:36:53.04997+00:00
2026-06-14,sf,Germany,18.894,6,26.0,22.191,2026-07-04T15:36:53.04997+00:00
2026-06-14,sf,Ghana,0.45,6,1.65,1.408,2026-07-04T15:36:53.04997+00:00
2026-06-14,sf,Haiti,0.028,6,0.3,0.256,2026-07-04T15:36:53.04997+00:00
2026-06-14,sf,Iran,1.04,6,2.1,1.792,2026-07-04T15:36:53.04997+00:00
2026-06-14,sf,Iraq,0.018,6,1.9,1.622,2026-07-04T15:36:53.04997+00:00
2026-06-14,sf,Ivory Coast,4.28,6,3.8,3.243,2026-07-04T15:36:53.04997+00:00
2026-06-14,sf,Japan,7.252,6,9.5,8.108,2026-07-04T15:36:53.04997+00:00
2026-06-14,sf,Jordan,0.066,6,1.7,1.451,2026-07-04T15:36:53.04997+00:00
2026-06-14,sf,Mexico,4.708,6,12.5,10.669,2026-07-04T15:36:53.04997+00:00
2026-06-14,sf,Morocco,8.426,6,14.5,12.376,2026-07-04T15:36:53.04997+00:00
2026-06-14,sf,Netherlands,19.412,6,20.5,17.497,2026-07-04T15:36:53.04997+00:00
2026-06-14,sf,New Zealand,0.146,6,1.65,1.408,2026-07-04T15:36:53.04997+00:00
2026-06-14,sf,Norway,10.126,6,14.0,11.949,2026-07-04T15:36:53.04997+00:00
2026-06-14,sf,Panama,0.342,6,0.6,0.512,2026-07-04T15:36:53.04997+00:00
2026-06-14,sf,Paraguay,1.374,6,1.95,1.664,2026-07-04T15:36:53.04997+00:00
2026-06-14,sf,Portugal,26.302,6,32.0,27.312,2026-07-04T15:36:53.04997+00:00
2026-06-14,sf,Qatar,0.014,6,1.05,0.896,2026-07-04T15:36:53.04997+00:00
2026-06-14,sf,Saudi Arabia,0.054,6,3.0,2.561,2026-07-04T15:36:53.04997+00:00
2026-06-14,sf,Scotland,3.958,6,3.05,2.603,2026-07-04T15:36:53.04997+00:00
2026-06-14,sf,Senegal,8.724,6,6.2,5.292,2026-07-04T15:36:53.04997+00:00
2026-06-14,sf,South Africa,0.082,6,1.15,0.982,2026-07-04T15:36:53.04997+00:00
2026-06-14,sf,South Korea,3.168,6,6.9,5.889,2026-07-04T15:36:53.04997+00:00
2026-06-14,sf,Spain,44.554,6,48.0,40.969,2026-07-04T15:36:53.04997+00:00
2026-06-14,sf,Sweden,3.544,6,3.95,3.371,2026-07-04T15:36:53.04997+00:00
2026-06-14,sf,Switzerland,11.068,6,7.0,5.975,2026-07-04T15:36:53.04997+00:00
2026-06-14,sf,Tunisia,0.206,6,1.85,1.579,2026-07-04T15:36:53.04997+00:00
2026-06-14,sf,Turkey,6.814,6,6.0,5.121,2026-07-04T15:36:53.04997+00:00
2026-06-14,sf,United States,7.33,6,14.5,12.376,2026-07-04T15:36:53.04997+00:00
2026-06-14,sf,Uruguay,13.44,6,7.0,5.975,2026-07-04T15:36:53.04997+00:00
2026-06-14,sf,Uzbekistan,0.612,6,1.65,1.408,2026-07-04T15:36:53.04997+00:00
2026-06-15,final,Algeria,0.698,10,1.5,1.217,2026-07-04T15:36:53.62265+00:00
2026-06-15,final,Argentina,19.492,10,20.0,16.227,2026-07-04T15:36:53.62265+00:00
2026-06-15,final,Australia,0.326,10,1.2,0.974,2026-07-04T15:36:53.62265+00:00
2026-06-15,final,Austria,1.708,10,1.7,1.379,2026-07-04T15:36:53.62265+00:00
2026-06-15,final,Belgium,5.706,10,6.0,4.868,2026-07-04T15:36:53.62265+00:00
2026-06-15,final,Bosnia and Herzegovina,0.18,10,1.4,1.136,2026-07-04T15:36:53.62265+00:00
2026-06-15,final,Brazil,12.474,10,14.5,11.765,2026-07-04T15:36:53.62265+00:00
2026-06-15,final,Canada,1.532,10,1.35,1.095,2026-07-04T15:36:53.62265+00:00
2026-06-15,final,Cape Verde,0.016,10,0.6,0.487,2026-07-04T15:36:53.62265+00:00
2026-06-15,final,Colombia,3.732,10,5.85,4.746,2026-07-04T15:36:53.62265+00:00
2026-06-15,final,Croatia,4.678,10,3.6,2.921,2026-07-04T15:36:53.62265+00:00
2026-06-15,final,Curacao,0.0,10,0.4,0.325,2026-07-04T15:36:53.62265+00:00
2026-06-15,final,Czechia,0.648,10,1.4,1.136,2026-07-04T15:36:53.62265+00:00
2026-06-15,final,DR Congo,0.156,10,0.8,0.649,2026-07-04T15:36:53.62265+00:00
2026-06-15,final,Ecuador,2.848,10,2.35,1.907,2026-07-04T15:36:53.62265+00:00
2026-06-15,final,Egypt,0.498,10,0.9,0.73,2026-07-04T15:36:53.62265+00:00
2026-06-15,final,England,20.746,10,21.5,17.444,2026-07-04T15:36:53.62265+00:00
2026-06-15,final,France,24.218,10,28.0,22.718,2026-07-04T15:36:53.62265+00:00
2026-06-15,final,Germany,9.908,10,13.5,10.953,2026-07-04T15:36:53.62265+00:00
2026-06-15,final,Ghana,0.088,10,1.45,1.176,2026-07-04T15:36:53.62265+00:00
2026-06-15,final,Haiti,0.004,10,0.3,0.243,2026-07-04T15:36:53.62265+00:00
2026-06-15,final,Iran,0.216,10,0.65,0.527,2026-07-04T15:36:53.62265+00:00
2026-06-15,final,Iraq,0.002,10,0.9,0.73,2026-07-04T15:36:53.62265+00:00
2026-06-15,final,Ivory Coast,1.63,10,1.9,1.542,2026-07-04T15:36:53.62265+00:00
2026-06-15,final,Japan,2.952,10,4.7,3.813,2026-07-04T15:36:53.62265+00:00
2026-06-15,final,Jordan,0.01,10,0.45,0.365,2026-07-04T15:36:53.62265+00:00
2026-06-15,final,Mexico,1.35,10,5.8,4.706,2026-07-04T15:36:53.62265+00:00
2026-06-15,final,Morocco,3.344,10,6.65,5.396,2026-07-04T15:36:53.62265+00:00
2026-06-15,final,Netherlands,9.772,10,11.0,8.925,2026-07-04T15:36:53.62265+00:00
2026-06-15,final,New Zealand,0.018,10,1.55,1.258,2026-07-04T15:36:53.62265+00:00
2026-06-15,final,Norway,4.02,10,6.5,5.274,2026-07-04T15:36:53.62265+00:00
2026-06-15,final,Panama,0.064,10,0.25,0.203,2026-07-04T15:36:53.62265+00:00
2026-06-15,final,Paraguay,0.404,10,1.35,1.095,2026-07-04T15:36:53.62265+00:00
2026-06-15,final,Portugal,14.318,10,20.5,16.633,2026-07-04T15:36:53.62265+00:00
2026-06-15,final,Qatar,0.002,10,1.0,0.811,2026-07-04T15:36:53.62265+00:00
2026-06-15,final,Saudi Arabia,0.0,10,1.35,1.095,2026-07-04T15:36:53.62265+00:00
2026-06-15,final,Scotland,1.138,10,1.55,1.258,2026-07-04T15:36:53.62265+00:00
2026-06-15,final,Senegal,3.55,10,1.9,1.542,2026-07-04T15:36:53.62265+00:00
2026-06-15,final,South Africa,0.006,10,1.65,1.339,2026-07-04T15:36:53.62265+00:00
2026-06-15,final,South Korea,0.89,10,1.85,1.501,2026-07-04T15:36:53.62265+00:00
2026-06-15,final,Spain,29.7,10,27.5,22.312,2026-07-04T15:36:53.62265+00:00
2026-06-15,final,Sweden,1.554,10,2.85,2.312,2026-07-04T15:36:53.62265+00:00
2026-06-15,final,Switzerland,4.328,10,2.9,2.353,2026-07-04T15:36:53.62265+00:00
2026-06-15,final,Tunisia,0.008,10,0.9,0.73,2026-07-04T15:36:53.62265+00:00
2026-06-15,final,Turkey,2.8,10,1.05,0.852,2026-07-04T15:36:53.62265+00:00
2026-06-15,final,United States,2.398,10,6.9,5.598,2026-07-04T15:36:53.62265+00:00
2026-06-15,final,Uruguay,5.76,10,3.95,3.205,2026-07-04T15:36:53.62265+00:00
2026-06-15,final,Uzbekistan,0.11,10,0.65,0.527,2026-07-04T15:36:53.62265+00:00
2026-06-15,qf,Algeria,8.036,10,9.0,8.157,2026-07-04T15:36:53.62265+00:00
2026-06-15,qf,Argentina,48.962,10,52.5,47.581,2026-07-04T15:36:53.62265+00:00
2026-06-15,qf,Australia,7.066,10,9.95,9.018,2026-07-04T15:36:53.62265+00:00
2026-06-15,qf,Austria,12.402,10,13.0,11.782,2026-07-04T15:36:53.62265+00:00
2026-06-15,qf,Belgium,34.89,10,34.0,30.815,2026-07-04T15:36:53.62265+00:00
2026-06-15,qf,Bosnia and Herzegovina,6.604,10,5.5,4.985,2026-07-04T15:36:53.62265+00:00
2026-06-15,qf,Brazil,39.908,10,47.0,42.597,2026-07-04T15:36:53.62265+00:00
2026-06-15,qf,Canada,18.526,10,12.0,10.876,2026-07-04T15:36:53.62265+00:00
2026-06-15,qf,Cape Verde,0.938,10,5.1,4.622,2026-07-04T15:36:53.62265+00:00
2026-06-15,qf,Colombia,19.684,10,28.5,25.83,2026-07-04T15:36:53.62265+00:00
2026-06-15,qf,Croatia,22.032,10,19.5,17.673,2026-07-04T15:36:53.62265+00:00
2026-06-15,qf,Curacao,0.072,10,0.35,0.317,2026-07-04T15:36:53.62265+00:00
2026-06-15,qf,Czechia,10.354,10,5.0,4.532,2026-07-04T15:36:53.62265+00:00
2026-06-15,qf,DR Congo,2.872,10,4.45,4.033,2026-07-04T15:36:53.62265+00:00
2026-06-15,qf,Ecuador,18.388,10,12.5,11.329,2026-07-04T15:36:53.62265+00:00
2026-06-15,qf,Egypt,8.996,10,12.5,11.329,2026-07-04T15:36:53.62265+00:00
2026-06-15,qf,England,52.408,10,54.5,49.394,2026-07-04T15:36:53.62265+00:00
2026-06-15,qf,France,54.64,10,58.5,53.019,2026-07-04T15:36:53.62265+00:00
2026-06-15,qf,Germany,33.494,10,46.0,41.69,2026-07-04T15:36:53.62265+00:00
2026-06-15,qf,Ghana,2.1,10,5.1,4.622,2026-07-04T15:36:53.62265+00:00
2026-06-15,qf,Haiti,0.16,10,1.3,1.178,2026-07-04T15:36:53.62265+00:00
2026-06-15,qf,Iran,5.166,10,4.9,4.441,2026-07-04T15:36:53.62265+00:00
2026-06-15,qf,Iraq,0.172,10,2.0,1.813,2026-07-04T15:36:53.62265+00:00
2026-06-15,qf,Ivory Coast,13.62,10,13.0,11.782,2026-07-04T15:36:53.62265+00:00
2026-06-15,qf,Japan,18.308,10,25.5,23.111,2026-07-04T15:36:53.62265+00:00
2026-06-15,qf,Jordan,0.52,10,1.75,1.586,2026-07-04T15:36:53.62265+00:00
2026-06-15,qf,Mexico,15.616,10,29.5,26.736,2026-07-04T15:36:53.62265+00:00
2026-06-15,qf,Morocco,21.17,10,29.5,26.736,2026-07-04T15:36:53.62265+00:00
2026-06-15,qf,Netherlands,35.918,10,35.0,31.721,2026-07-04T15:36:53.62265+00:00
2026-06-15,qf,New Zealand,1.242,10,1.55,1.405,2026-07-04T15:36:53.62265+00:00
2026-06-15,qf,Norway,22.2,10,30.5,27.642,2026-07-04T15:36:53.62265+00:00
2026-06-15,qf,Panama,1.602,10,2.35,2.13,2026-07-04T15:36:53.62265+00:00
2026-06-15,qf,Paraguay,4.152,10,3.25,2.946,2026-07-04T15:36:53.62265+00:00
2026-06-15,qf,Portugal,44.268,10,51.5,46.675,2026-07-04T15:36:53.62265+00:00
2026-06-15,qf,Qatar,0.296,10,2.55,2.311,2026-07-04T15:36:53.62265+00:00
2026-06-15,qf,Saudi Arabia,0.528,10,2.25,2.039,2026-07-04T15:36:53.62265+00:00
2026-06-15,qf,Scotland,12.764,10,8.5,7.704,2026-07-04T15:36:53.62265+00:00
2026-06-15,qf,Senegal,20.168,10,15.5,14.048,2026-07-04T15:36:53.62265+00:00
2026-06-15,qf,South Africa,0.854,10,2.45,2.22,2026-07-04T15:36:53.62265+00:00
2026-06-15,qf,South Korea,12.724,10,16.5,14.954,2026-07-04T15:36:53.62265+00:00
2026-06-15,qf,Spain,56.408,10,57.0,51.66,2026-07-04T15:36:53.62265+00:00
2026-06-15,qf,Sweden,14.55,10,16.5,14.954,2026-07-04T15:36:53.62265+00:00
2026-06-15,qf,Switzerland,28.486,10,19.5,17.673,2026-07-04T15:36:53.62265+00:00
2026-06-15,qf,Tunisia,0.28,10,2.35,2.13,2026-07-04T15:36:53.62265+00:00
2026-06-15,qf,Turkey,14.846,10,12.0,10.876,2026-07-04T15:36:53.62265+00:00
2026-06-15,qf,United States,23.778,10,35.5,32.174,2026-07-04T15:36:53.62265+00:00
2026-06-15,qf,Uruguay,25.702,10,22.0,19.939,2026-07-04T15:36:53.62265+00:00
2026-06-15,qf,Uzbekistan,2.13,10,3.55,3.217,2026-07-04T15:36:53.62265+00:00
2026-06-15,r16,Algeria,20.104,10,23.0,22.389,2026-07-04T15:36:53.04997+00:00
2026-06-15,r16,Argentina,62.804,10,68.5,66.679,2026-07-04T15:36:53.04997+00:00
2026-06-15,r16,Australia,31.452,10,32.0,31.149,2026-07-04T15:36:53.04997+00:00
2026-06-15,r16,Austria,26.842,10,28.0,27.256,2026-07-04T15:36:53.04997+00:00
2026-06-15,r16,Belgium,63.374,10,57.5,55.971,2026-07-04T15:36:53.04997+00:00
2026-06-15,r16,Bosnia and Herzegovina,23.434,10,21.0,20.442,2026-07-04T15:36:53.04997+00:00
2026-06-15,r16,Brazil,61.828,10,65.0,63.272,2026-07-04T15:36:53.04997+00:00
2026-06-15,r16,Canada,51.218,10,40.0,38.937,2026-07-04T15:36:53.04997+00:00
2026-06-15,r16,Cape Verde,5.384,10,10.05,9.783,2026-07-04T15:36:53.04997+00:00
2026-06-15,r16,Colombia,43.204,10,53.5,52.078,2026-07-04T15:36:53.04997+00:00
2026-06-15,r16,Croatia,48.682,10,39.0,37.963,2026-07-04T15:36:53.04997+00:00
2026-06-15,r16,Curacao,0.596,10,1.5,1.46,2026-07-04T15:36:53.62265+00:00
2026-06-15,r16,Czechia,26.704,10,19.0,18.495,2026-07-04T15:36:53.04997+00:00
2026-06-15,r16,DR Congo,10.476,10,9.0,8.761,2026-07-04T15:36:53.04997+00:00
2026-06-15,r16,Ecuador,40.848,10,33.5,32.609,2026-07-04T15:36:53.04997+00:00
2026-06-15,r16,Egypt,32.004,10,31.5,30.663,2026-07-04T15:36:53.04997+00:00
2026-06-15,r16,England,73.422,10,76.5,74.466,2026-07-04T15:36:53.04997+00:00
2026-06-15,r16,France,76.248,10,82.5,80.307,2026-07-04T15:36:53.04997+00:00
2026-06-15,r16,Germany,65.216,10,74.0,72.033,2026-07-04T15:36:53.04997+00:00
2026-06-15,r16,Ghana,8.288,10,14.5,14.114,2026-07-04T15:36:53.04997+00:00
2026-06-15,r16,Haiti,1.234,10,4.45,4.332,2026-07-04T15:36:53.62265+00:00
2026-06-15,r16,Iran,22.95,10,19.5,18.982,2026-07-04T15:36:53.04997+00:00
2026-06-15,r16,Iraq,0.988,10,6.75,6.571,2026-07-04T15:36:53.62265+00:00
2026-06-15,r16,Ivory Coast,39.766,10,38.5,37.476,2026-07-04T15:36:53.04997+00:00
2026-06-15,r16,Japan,36.496,10,39.5,38.45,2026-07-04T15:36:53.04997+00:00
2026-06-15,r16,Jordan,2.558,10,5.3,5.159,2026-07-04T15:36:53.62265+00:00
2026-06-15,r16,Mexico,46.932,10,59.0,57.431,2026-07-04T15:36:53.04997+00:00
2026-06-15,r16,Morocco,42.598,10,50.5,49.157,2026-07-04T15:36:53.04997+00:00
2026-06-15,r16,Netherlands,54.22,10,51.5,50.131,2026-07-04T15:36:53.04997+00:00
2026-06-15,r16,New Zealand,8.422,10,6.0,5.84,2026-07-04T15:36:53.04997+00:00
2026-06-15,r16,Norway,44.048,10,57.5,55.971,2026-07-04T15:36:53.04997+00:00
2026-06-15,r16,Panama,6.968,10,10.0,9.734,2026-07-04T15:36:53.04997+00:00
2026-06-15,r16,Paraguay,15.404,10,9.5,9.247,2026-07-04T15:36:53.04997+00:00
2026-06-15,r16,Portugal,66.642,10,76.0,73.979,2026-07-04T15:36:53.04997+00:00
2026-06-15,r16,Qatar,2.302,10,5.3,5.159,2026-07-04T15:36:53.62265+00:00
2026-06-15,r16,Saudi Arabia,3.42,10,9.0,8.761,2026-07-04T15:36:53.62265+00:00
2026-06-15,r16,Scotland,34.256,10,24.5,23.849,2026-07-04T15:36:53.04997+00:00
2026-06-15,r16,Senegal,41.374,10,31.0,30.176,2026-07-04T15:36:53.04997+00:00
2026-06-15,r16,South Africa,4.212,10,5.0,4.867,2026-07-04T15:36:53.62265+00:00
2026-06-15,r16,South Korea,41.946,10,48.0,46.724,2026-07-04T15:36:53.04997+00:00
2026-06-15,r16,Spain,76.236,10,72.5,70.572,2026-07-04T15:36:53.04997+00:00
2026-06-15,r16,Sweden,33.282,10,40.0,38.937,2026-07-04T15:36:53.04997+00:00
2026-06-15,r16,Switzerland,61.862,10,51.5,50.131,2026-07-04T15:36:53.04997+00:00
2026-06-15,r16,Tunisia,1.196,10,5.85,5.694,2026-07-04T15:36:53.62265+00:00
2026-06-15,r16,Turkey,32.49,10,23.5,22.875,2026-07-04T15:36:53.04997+00:00
2026-06-15,r16,United States,54.824,10,64.5,62.785,2026-07-04T15:36:53.04997+00:00
2026-06-15,r16,Uruguay,42.786,10,42.5,41.37,2026-07-04T15:36:53.04997+00:00
2026-06-15,r16,Uzbekistan,8.46,10,7.0,6.814,2026-07-04T15:36:53.04997+00:00
2026-06-15,sf,Algeria,2.554,10,2.8,2.421,2026-07-04T15:36:53.62265+00:00
2026-06-15,sf,Argentina,32.928,10,33.5,28.97,2026-07-04T15:36:53.62265+00:00
2026-06-15,sf,Australia,1.534,10,3.65,3.156,2026-07-04T15:36:53.62265+00:00
2026-06-15,sf,Austria,5.108,10,5.95,5.145,2026-07-04T15:36:53.62265+00:00
2026-06-15,sf,Belgium,13.534,10,12.0,10.377,2026-07-04T15:36:53.62265+00:00
2026-06-15,sf,Bosnia and Herzegovina,1.074,10,2.9,2.508,2026-07-04T15:36:53.62265+00:00
2026-06-15,sf,Brazil,22.896,10,22.5,19.457,2026-07-04T15:36:53.62265+00:00
2026-06-15,sf,Canada,5.548,10,2.15,1.859,2026-07-04T15:36:53.62265+00:00
2026-06-15,sf,Cape Verde,0.148,10,3.35,2.897,2026-07-04T15:36:53.62265+00:00
2026-06-15,sf,Colombia,9.138,10,14.5,12.539,2026-07-04T15:36:53.62265+00:00
2026-06-15,sf,Croatia,11.13,10,8.65,7.48,2026-07-04T15:36:53.62265+00:00
2026-06-15,sf,Curacao,0.006,10,1.25,1.081,2026-07-04T15:36:53.62265+00:00
2026-06-15,sf,Czechia,2.492,10,2.2,1.902,2026-07-04T15:36:53.62265+00:00
2026-06-15,sf,DR Congo,0.784,10,3.2,2.767,2026-07-04T15:36:53.62265+00:00
2026-06-15,sf,Ecuador,7.372,10,6.4,5.535,2026-07-04T15:36:53.62265+00:00
2026-06-15,sf,Egypt,2.224,10,2.65,2.292,2026-07-04T15:36:53.62265+00:00
2026-06-15,sf,England,34.182,10,36.0,31.132,2026-07-04T15:36:53.62265+00:00
2026-06-15,sf,France,38.958,10,41.0,35.456,2026-07-04T15:36:53.62265+00:00
2026-06-15,sf,Germany,19.58,10,27.5,23.781,2026-07-04T15:36:53.62265+00:00
2026-06-15,sf,Ghana,0.448,10,1.95,1.686,2026-07-04T15:36:53.62265+00:00
2026-06-15,sf,Haiti,0.032,10,0.3,0.259,2026-07-04T15:36:53.62265+00:00
2026-06-15,sf,Iran,1.02,10,2.05,1.773,2026-07-04T15:36:53.62265+00:00
2026-06-15,sf,Iraq,0.018,10,1.95,1.686,2026-07-04T15:36:53.62265+00:00
2026-06-15,sf,Ivory Coast,4.994,10,5.0,4.324,2026-07-04T15:36:53.62265+00:00
2026-06-15,sf,Japan,7.658,10,11.0,9.512,2026-07-04T15:36:53.62265+00:00
2026-06-15,sf,Jordan,0.074,10,1.8,1.557,2026-07-04T15:36:53.62265+00:00
2026-06-15,sf,Mexico,4.614,10,12.5,10.81,2026-07-04T15:36:53.62265+00:00
2026-06-15,sf,Morocco,8.544,10,14.5,12.539,2026-07-04T15:36:53.62265+00:00
2026-06-15,sf,Netherlands,19.018,10,21.5,18.593,2026-07-04T15:36:53.62265+00:00
2026-06-15,sf,New Zealand,0.138,10,1.65,1.427,2026-07-04T15:36:53.62265+00:00
2026-06-15,sf,Norway,10.01,10,16.0,13.836,2026-07-04T15:36:53.62265+00:00
2026-06-15,sf,Panama,0.344,10,0.6,0.519,2026-07-04T15:36:53.62265+00:00
2026-06-15,sf,Paraguay,1.336,10,2.0,1.73,2026-07-04T15:36:53.62265+00:00
2026-06-15,sf,Portugal,25.986,10,32.0,27.673,2026-07-04T15:36:53.62265+00:00
2026-06-15,sf,Qatar,0.012,10,1.65,1.427,2026-07-04T15:36:53.62265+00:00
2026-06-15,sf,Saudi Arabia,0.064,10,1.25,1.081,2026-07-04T15:36:53.62265+00:00
2026-06-15,sf,Scotland,3.92,10,3.4,2.94,2026-07-04T15:36:53.62265+00:00
2026-06-15,sf,Senegal,8.678,10,5.9,5.102,2026-07-04T15:36:53.62265+00:00
2026-06-15,sf,South Africa,0.084,10,1.95,1.686,2026-07-04T15:36:53.62265+00:00
2026-06-15,sf,South Korea,3.152,10,4.95,4.281,2026-07-04T15:36:53.62265+00:00
2026-06-15,sf,Spain,44.548,10,41.5,35.888,2026-07-04T15:36:53.62265+00:00
2026-06-15,sf,Sweden,5.062,10,5.35,4.627,2026-07-04T15:36:53.62265+00:00
2026-06-15,sf,Switzerland,11.094,10,8.0,6.918,2026-07-04T15:36:53.62265+00:00
2026-06-15,sf,Tunisia,0.05,10,1.25,1.081,2026-07-04T15:36:53.62265+00:00
2026-06-15,sf,Turkey,6.77,10,6.0,5.189,2026-07-04T15:36:53.62265+00:00
2026-06-15,sf,United States,7.212,10,15.0,12.972,2026-07-04T15:36:53.62265+00:00
2026-06-15,sf,Uruguay,13.358,10,8.0,6.918,2026-07-04T15:36:53.62265+00:00
2026-06-15,sf,Uzbekistan,0.572,10,1.4,1.211,2026-07-04T15:36:53.62265+00:00
2026-06-16,final,Algeria,0.75,14,1.7,1.362,2026-07-04T15:36:53.62265+00:00
2026-06-16,final,Argentina,20.152,14,19.0,15.221,2026-07-04T15:36:53.62265+00:00
2026-06-16,final,Australia,0.328,14,1.05,0.841,2026-07-04T15:36:53.62265+00:00
2026-06-16,final,Austria,1.812,14,1.8,1.442,2026-07-04T15:36:53.62265+00:00
2026-06-16,final,Belgium,5.78,14,5.5,4.406,2026-07-04T15:36:53.62265+00:00
2026-06-16,final,Bosnia and Herzegovina,0.194,14,1.6,1.282,2026-07-04T15:36:53.62265+00:00
2026-06-16,final,Brazil,12.376,14,14.5,11.616,2026-07-04T15:36:53.62265+00:00
2026-06-16,final,Canada,1.532,14,1.55,1.242,2026-07-04T15:36:53.62265+00:00
2026-06-16,final,Cape Verde,0.046,14,0.6,0.481,2026-07-04T15:36:53.62265+00:00
2026-06-16,final,Colombia,3.76,14,5.0,4.006,2026-07-04T15:36:53.62265+00:00
2026-06-16,final,Croatia,4.746,14,3.45,2.764,2026-07-04T15:36:53.62265+00:00
2026-06-16,final,Curacao,0.0,14,0.15,0.12,2026-07-04T15:36:53.62265+00:00
2026-06-16,final,Czechia,0.67,14,1.3,1.041,2026-07-04T15:36:53.62265+00:00
2026-06-16,final,DR Congo,0.186,14,0.7,0.561,2026-07-04T15:36:53.62265+00:00
2026-06-16,final,Ecuador,2.78,14,2.15,1.722,2026-07-04T15:36:53.62265+00:00
2026-06-16,final,Egypt,0.582,14,0.9,0.721,2026-07-04T15:36:53.62265+00:00
2026-06-16,final,England,20.996,14,24.0,19.227,2026-07-04T15:36:53.62265+00:00
2026-06-16,final,France,24.242,14,28.0,22.431,2026-07-04T15:36:53.62265+00:00
2026-06-16,final,Germany,9.886,14,14.0,11.216,2026-07-04T15:36:53.62265+00:00
2026-06-16,final,Ghana,0.096,14,1.6,1.282,2026-07-04T15:36:53.62265+00:00
2026-06-16,final,Haiti,0.004,14,0.15,0.12,2026-07-04T15:36:53.62265+00:00
2026-06-16,final,Iran,0.18,14,0.8,0.641,2026-07-04T15:36:53.62265+00:00
2026-06-16,final,Iraq,0.002,14,0.85,0.681,2026-07-04T15:36:53.62265+00:00
2026-06-16,final,Ivory Coast,1.622,14,1.9,1.522,2026-07-04T15:36:53.62265+00:00
2026-06-16,final,Japan,3.01,14,3.65,2.924,2026-07-04T15:36:53.62265+00:00
2026-06-16,final,Jordan,0.018,14,0.25,0.2,2026-07-04T15:36:53.62265+00:00
2026-06-16,final,Mexico,1.446,14,5.4,4.326,2026-07-04T15:36:53.62265+00:00
2026-06-16,final,Morocco,3.302,14,7.75,6.209,2026-07-04T15:36:53.62265+00:00
2026-06-16,final,Netherlands,9.854,14,11.0,8.812,2026-07-04T15:36:53.62265+00:00
2026-06-16,final,New Zealand,0.012,14,1.75,1.402,2026-07-04T15:36:53.62265+00:00
2026-06-16,final,Norway,4.028,14,9.5,7.611,2026-07-04T15:36:53.62265+00:00
2026-06-16,final,Panama,0.062,14,0.25,0.2,2026-07-04T15:36:53.62265+00:00
2026-06-16,final,Paraguay,0.38,14,1.65,1.322,2026-07-04T15:36:53.62265+00:00
2026-06-16,final,Portugal,14.168,14,20.0,16.022,2026-07-04T15:36:53.62265+00:00
2026-06-16,final,Qatar,0.002,14,1.15,0.921,2026-07-04T15:36:53.62265+00:00
2026-06-16,final,Saudi Arabia,0.01,14,1.2,0.961,2026-07-04T15:36:53.62265+00:00
2026-06-16,final,Scotland,1.108,14,1.65,1.322,2026-07-04T15:36:53.62265+00:00
2026-06-16,final,Senegal,3.492,14,2.55,2.043,2026-07-04T15:36:53.62265+00:00
2026-06-16,final,South Africa,0.01,14,2.0,1.602,2026-07-04T15:36:53.62265+00:00
2026-06-16,final,South Korea,0.958,14,1.7,1.362,2026-07-04T15:36:53.62265+00:00
2026-06-16,final,Spain,29.178,14,27.0,21.63,2026-07-04T15:36:53.62265+00:00
2026-06-16,final,Sweden,1.564,14,3.4,2.724,2026-07-04T15:36:53.62265+00:00
2026-06-16,final,Switzerland,4.218,14,2.75,2.203,2026-07-04T15:36:53.62265+00:00
2026-06-16,final,Tunisia,0.006,14,0.95,0.761,2026-07-04T15:36:53.62265+00:00
2026-06-16,final,Turkey,2.708,14,1.05,0.841,2026-07-04T15:36:53.62265+00:00
2026-06-16,final,United States,2.462,14,6.35,5.087,2026-07-04T15:36:53.62265+00:00
2026-06-16,final,Uruguay,5.154,14,3.8,3.044,2026-07-04T15:36:53.62265+00:00
2026-06-16,final,Uzbekistan,0.128,14,0.65,0.521,2026-07-04T15:36:53.62265+00:00
2026-06-16,qf,Algeria,8.302,14,8.5,7.546,2026-07-04T15:36:53.62265+00:00
2026-06-16,qf,Argentina,50.716,14,54.0,47.941,2026-07-04T15:36:53.62265+00:00
2026-06-16,qf,Australia,7.202,14,9.45,8.39,2026-07-04T15:36:53.62265+00:00
2026-06-16,qf,Austria,12.924,14,13.5,11.985,2026-07-04T15:36:53.62265+00:00
2026-06-16,qf,Belgium,34.848,14,36.0,31.961,2026-07-04T15:36:53.62265+00:00
2026-06-16,qf,Bosnia and Herzegovina,6.524,14,4.0,3.551,2026-07-04T15:36:53.62265+00:00
2026-06-16,qf,Brazil,39.774,14,48.5,43.058,2026-07-04T15:36:53.62265+00:00
2026-06-16,qf,Canada,18.046,14,12.5,11.098,2026-07-04T15:36:53.62265+00:00
2026-06-16,qf,Cape Verde,1.968,14,6.5,5.771,2026-07-04T15:36:53.62265+00:00
2026-06-16,qf,Colombia,19.794,14,27.5,24.415,2026-07-04T15:36:53.62265+00:00
2026-06-16,qf,Croatia,22.392,14,19.0,16.868,2026-07-04T15:36:53.62265+00:00
2026-06-16,qf,Curacao,0.082,14,0.25,0.222,2026-07-04T15:36:53.62265+00:00
2026-06-16,qf,Czechia,10.364,14,5.5,4.883,2026-07-04T15:36:53.62265+00:00
2026-06-16,qf,DR Congo,2.928,14,4.7,4.173,2026-07-04T15:36:53.62265+00:00
2026-06-16,qf,Ecuador,17.878,14,15.5,13.761,2026-07-04T15:36:53.62265+00:00
2026-06-16,qf,Egypt,10.21,14,12.5,11.098,2026-07-04T15:36:53.62265+00:00
2026-06-16,qf,England,53.072,14,54.0,47.941,2026-07-04T15:36:53.62265+00:00
2026-06-16,qf,France,54.564,14,60.5,53.712,2026-07-04T15:36:53.62265+00:00
2026-06-16,qf,Germany,33.328,14,41.0,36.4,2026-07-04T15:36:53.62265+00:00
2026-06-16,qf,Ghana,2.092,14,4.95,4.395,2026-07-04T15:36:53.62265+00:00
2026-06-16,qf,Haiti,0.16,14,0.55,0.488,2026-07-04T15:36:53.62265+00:00
2026-06-16,qf,Iran,3.928,14,5.1,4.528,2026-07-04T15:36:53.62265+00:00
2026-06-16,qf,Iraq,0.154,14,1.2,1.065,2026-07-04T15:36:53.62265+00:00
2026-06-16,qf,Ivory Coast,13.578,14,13.5,11.985,2026-07-04T15:36:53.62265+00:00
2026-06-16,qf,Japan,18.426,14,26.0,23.083,2026-07-04T15:36:53.62265+00:00
2026-06-16,qf,Jordan,0.54,14,1.6,1.42,2026-07-04T15:36:53.62265+00:00
2026-06-16,qf,Mexico,16.422,14,30.5,27.078,2026-07-04T15:36:53.62265+00:00
2026-06-16,qf,Morocco,20.928,14,30.0,26.634,2026-07-04T15:36:53.62265+00:00
2026-06-16,qf,Netherlands,35.996,14,38.0,33.737,2026-07-04T15:36:53.62265+00:00
2026-06-16,qf,New Zealand,1.106,14,1.65,1.465,2026-07-04T15:36:53.62265+00:00
2026-06-16,qf,Norway,22.132,14,29.0,25.746,2026-07-04T15:36:53.62265+00:00
2026-06-16,qf,Panama,1.572,14,1.9,1.687,2026-07-04T15:36:53.62265+00:00
2026-06-16,qf,Paraguay,4.14,14,4.5,3.995,2026-07-04T15:36:53.62265+00:00
2026-06-16,qf,Portugal,43.912,14,52.5,46.61,2026-07-04T15:36:53.62265+00:00
2026-06-16,qf,Qatar,0.322,14,3.0,2.663,2026-07-04T15:36:53.62265+00:00
2026-06-16,qf,Saudi Arabia,0.956,14,11.15,9.899,2026-07-04T15:36:53.62265+00:00
2026-06-16,qf,Scotland,12.398,14,8.5,7.546,2026-07-04T15:36:53.62265+00:00
2026-06-16,qf,Senegal,20.084,14,17.5,15.537,2026-07-04T15:36:53.62265+00:00
2026-06-16,qf,South Africa,0.904,14,1.75,1.554,2026-07-04T15:36:53.62265+00:00
2026-06-16,qf,South Korea,13.264,14,15.5,13.761,2026-07-04T15:36:53.62265+00:00
2026-06-16,qf,Spain,55.722,14,55.5,49.273,2026-07-04T15:36:53.62265+00:00
2026-06-16,qf,Sweden,14.622,14,14.5,12.873,2026-07-04T15:36:53.62265+00:00
2026-06-16,qf,Switzerland,27.702,14,24.5,21.751,2026-07-04T15:36:53.62265+00:00
2026-06-16,qf,Tunisia,0.298,14,1.85,1.642,2026-07-04T15:36:53.62265+00:00
2026-06-16,qf,Turkey,14.836,14,12.5,11.098,2026-07-04T15:36:53.62265+00:00
2026-06-16,qf,United States,24.022,14,37.0,32.849,2026-07-04T15:36:53.62265+00:00
2026-06-16,qf,Uruguay,22.684,14,21.5,19.088,2026-07-04T15:36:53.62265+00:00
2026-06-16,qf,Uzbekistan,2.184,14,2.0,1.776,2026-07-04T15:36:53.62265+00:00
2026-06-16,r16,Algeria,21.032,14,23.0,20.951,2026-07-04T15:36:53.62265+00:00
2026-06-16,r16,Argentina,64.922,14,71.5,65.131,2026-07-04T15:36:53.62265+00:00
2026-06-16,r16,Australia,31.336,14,38.5,35.071,2026-07-04T15:36:53.62265+00:00
2026-06-16,r16,Austria,28.122,14,29.0,26.417,2026-07-04T15:36:53.62265+00:00
2026-06-16,r16,Belgium,63.696,14,61.0,55.567,2026-07-04T15:36:53.62265+00:00
2026-06-16,r16,Bosnia and Herzegovina,22.962,14,23.0,20.951,2026-07-04T15:36:53.62265+00:00
2026-06-16,r16,Brazil,61.574,14,68.0,61.943,2026-07-04T15:36:53.62265+00:00
2026-06-16,r16,Canada,49.552,14,45.5,41.447,2026-07-04T15:36:53.62265+00:00
2026-06-16,r16,Cape Verde,10.902,14,9.8,8.927,2026-07-04T15:36:53.62265+00:00
2026-06-16,r16,Colombia,43.108,14,52.5,47.824,2026-07-04T15:36:53.62265+00:00
2026-06-16,r16,Croatia,48.532,14,42.5,38.714,2026-07-04T15:36:53.62265+00:00
2026-06-16,r16,Curacao,0.624,14,2.75,2.505,2026-07-04T15:36:53.62265+00:00
2026-06-16,r16,Czechia,27.0,14,21.5,19.585,2026-07-04T15:36:53.62265+00:00
2026-06-16,r16,DR Congo,10.388,14,11.0,10.02,2026-07-04T15:36:53.62265+00:00
2026-06-16,r16,Ecuador,39.47,14,35.5,32.338,2026-07-04T15:36:53.62265+00:00
2026-06-16,r16,Egypt,35.146,14,35.5,32.338,2026-07-04T15:36:53.62265+00:00
2026-06-16,r16,England,73.152,14,76.5,69.686,2026-07-04T15:36:53.62265+00:00
2026-06-16,r16,France,76.212,14,82.5,75.152,2026-07-04T15:36:53.62265+00:00
2026-06-16,r16,Germany,64.7,14,72.5,66.042,2026-07-04T15:36:53.62265+00:00
2026-06-16,r16,Ghana,8.208,14,13.5,12.298,2026-07-04T15:36:53.62265+00:00
2026-06-16,r16,Haiti,1.152,14,2.2,2.004,2026-07-04T15:36:53.62265+00:00
2026-06-16,r16,Iran,17.838,14,33.0,30.061,2026-07-04T15:36:53.62265+00:00
2026-06-16,r16,Iraq,0.976,14,25.85,23.547,2026-07-04T15:36:53.62265+00:00
2026-06-16,r16,Ivory Coast,39.432,14,41.5,37.804,2026-07-04T15:36:53.62265+00:00
2026-06-16,r16,Japan,36.758,14,43.0,39.17,2026-07-04T15:36:53.62265+00:00
2026-06-16,r16,Jordan,2.744,14,8.35,7.606,2026-07-04T15:36:53.62265+00:00
2026-06-16,r16,Mexico,49.594,14,63.0,57.388,2026-07-04T15:36:53.62265+00:00
2026-06-16,r16,Morocco,42.058,14,50.5,46.002,2026-07-04T15:36:53.62265+00:00
2026-06-16,r16,Netherlands,54.316,14,55.0,50.101,2026-07-04T15:36:53.62265+00:00
2026-06-16,r16,New Zealand,7.926,14,9.0,8.198,2026-07-04T15:36:53.62265+00:00
2026-06-16,r16,Norway,43.628,14,57.0,51.923,2026-07-04T15:36:53.62265+00:00
2026-06-16,r16,Panama,6.936,14,8.5,7.743,2026-07-04T15:36:53.62265+00:00
2026-06-16,r16,Paraguay,15.172,14,15.5,14.119,2026-07-04T15:36:53.62265+00:00
2026-06-16,r16,Portugal,66.554,14,76.0,69.231,2026-07-04T15:36:53.62265+00:00
2026-06-16,r16,Qatar,2.292,14,5.45,4.965,2026-07-04T15:36:53.62265+00:00
2026-06-16,r16,Saudi Arabia,6.372,14,11.5,10.476,2026-07-04T15:36:53.62265+00:00
2026-06-16,r16,Scotland,33.242,14,27.5,25.051,2026-07-04T15:36:53.62265+00:00
2026-06-16,r16,Senegal,41.14,14,32.5,29.605,2026-07-04T15:36:53.62265+00:00
2026-06-16,r16,South Africa,4.208,14,4.3,3.917,2026-07-04T15:36:53.62265+00:00
2026-06-16,r16,South Korea,43.704,14,50.0,45.546,2026-07-04T15:36:53.62265+00:00
2026-06-16,r16,Spain,75.206,14,77.5,70.597,2026-07-04T15:36:53.62265+00:00
2026-06-16,r16,Sweden,33.474,14,46.5,42.358,2026-07-04T15:36:53.62265+00:00
2026-06-16,r16,Switzerland,59.994,14,51.5,46.913,2026-07-04T15:36:53.62265+00:00
2026-06-16,r16,Tunisia,1.26,14,9.25,8.426,2026-07-04T15:36:53.62265+00:00
2026-06-16,r16,Turkey,32.024,14,23.5,21.407,2026-07-04T15:36:53.62265+00:00
2026-06-16,r16,United States,54.736,14,66.0,60.121,2026-07-04T15:36:53.62265+00:00
2026-06-16,r16,Uruguay,38.26,14,38.0,34.615,2026-07-04T15:36:53.62265+00:00
2026-06-16,r16,Uzbekistan,8.366,14,9.0,8.198,2026-07-04T15:36:53.62265+00:00
2026-06-16,sf,Algeria,2.702,14,3.0,2.552,2026-07-04T15:36:53.62265+00:00
2026-06-16,sf,Argentina,34.098,14,33.5,28.502,2026-07-04T15:36:53.62265+00:00
2026-06-16,sf,Australia,1.56,14,3.45,2.935,2026-07-04T15:36:53.62265+00:00
2026-06-16,sf,Austria,5.28,14,6.9,5.87,2026-07-04T15:36:53.62265+00:00
2026-06-16,sf,Belgium,13.626,14,14.0,11.911,2026-07-04T15:36:53.62265+00:00
2026-06-16,sf,Bosnia and Herzegovina,1.1,14,3.0,2.552,2026-07-04T15:36:53.62265+00:00
2026-06-16,sf,Brazil,22.79,14,25.0,21.27,2026-07-04T15:36:53.62265+00:00
2026-06-16,sf,Canada,5.434,14,2.0,1.702,2026-07-04T15:36:53.62265+00:00
2026-06-16,sf,Cape Verde,0.304,14,2.8,2.382,2026-07-04T15:36:53.62265+00:00
2026-06-16,sf,Colombia,9.26,14,14.5,12.336,2026-07-04T15:36:53.62265+00:00
2026-06-16,sf,Croatia,11.33,14,7.85,6.679,2026-07-04T15:36:53.62265+00:00
2026-06-16,sf,Curacao,0.01,14,1.5,1.276,2026-07-04T15:36:53.62265+00:00
2026-06-16,sf,Czechia,2.534,14,2.0,1.702,2026-07-04T15:36:53.62265+00:00
2026-06-16,sf,DR Congo,0.84,14,3.25,2.765,2026-07-04T15:36:53.62265+00:00
2026-06-16,sf,Ecuador,7.104,14,5.15,4.382,2026-07-04T15:36:53.62265+00:00
2026-06-16,sf,Egypt,2.47,14,3.05,2.595,2026-07-04T15:36:53.62265+00:00
2026-06-16,sf,England,34.656,14,35.0,29.778,2026-07-04T15:36:53.62265+00:00
2026-06-16,sf,France,38.848,14,42.5,36.159,2026-07-04T15:36:53.62265+00:00
2026-06-16,sf,Germany,19.438,14,26.5,22.546,2026-07-04T15:36:53.62265+00:00
2026-06-16,sf,Ghana,0.462,14,3.15,2.68,2026-07-04T15:36:53.62265+00:00
2026-06-16,sf,Haiti,0.032,14,0.3,0.255,2026-07-04T15:36:53.62265+00:00
2026-06-16,sf,Iran,0.79,14,2.4,2.042,2026-07-04T15:36:53.62265+00:00
2026-06-16,sf,Iraq,0.022,14,0.2,0.17,2026-07-04T15:36:53.62265+00:00
2026-06-16,sf,Ivory Coast,4.964,14,5.8,4.935,2026-07-04T15:36:53.62265+00:00
2026-06-16,sf,Japan,7.714,14,12.0,10.21,2026-07-04T15:36:53.62265+00:00
2026-06-16,sf,Jordan,0.092,14,1.8,1.531,2026-07-04T15:36:53.62265+00:00
2026-06-16,sf,Mexico,4.892,14,11.5,9.784,2026-07-04T15:36:53.62265+00:00
2026-06-16,sf,Morocco,8.5,14,14.0,11.911,2026-07-04T15:36:53.62265+00:00
2026-06-16,sf,Netherlands,19.032,14,22.5,19.143,2026-07-04T15:36:53.62265+00:00
2026-06-16,sf,New Zealand,0.106,14,1.75,1.489,2026-07-04T15:36:53.62265+00:00
2026-06-16,sf,Norway,9.976,14,15.0,12.762,2026-07-04T15:36:53.62265+00:00
2026-06-16,sf,Panama,0.354,14,0.6,0.51,2026-07-04T15:36:53.62265+00:00
2026-06-16,sf,Paraguay,1.33,14,2.3,1.957,2026-07-04T15:36:53.62265+00:00
2026-06-16,sf,Portugal,25.824,14,33.5,28.502,2026-07-04T15:36:53.62265+00:00
2026-06-16,sf,Qatar,0.014,14,1.35,1.149,2026-07-04T15:36:53.62265+00:00
2026-06-16,sf,Saudi Arabia,0.128,14,1.3,1.106,2026-07-04T15:36:53.62265+00:00
2026-06-16,sf,Scotland,3.846,14,2.95,2.51,2026-07-04T15:36:53.62265+00:00
2026-06-16,sf,Senegal,8.652,14,5.95,5.062,2026-07-04T15:36:53.62265+00:00
2026-06-16,sf,South Africa,0.096,14,2.15,1.829,2026-07-04T15:36:53.62265+00:00
2026-06-16,sf,South Korea,3.358,14,5.55,4.722,2026-07-04T15:36:53.62265+00:00
2026-06-16,sf,Spain,43.928,14,40.5,34.457,2026-07-04T15:36:53.62265+00:00
2026-06-16,sf,Sweden,5.038,14,6.0,5.105,2026-07-04T15:36:53.62265+00:00
2026-06-16,sf,Switzerland,10.8,14,9.5,8.083,2026-07-04T15:36:53.62265+00:00
2026-06-16,sf,Tunisia,0.044,14,1.2,1.021,2026-07-04T15:36:53.62265+00:00
2026-06-16,sf,Turkey,6.72,14,7.5,6.381,2026-07-04T15:36:53.62265+00:00
2026-06-16,sf,United States,7.436,14,17.5,14.889,2026-07-04T15:36:53.62265+00:00
2026-06-16,sf,Uruguay,11.876,14,5.5,4.679,2026-07-04T15:36:53.62265+00:00
2026-06-16,sf,Uzbekistan,0.59,14,1.45,1.234,2026-07-04T15:36:53.62265+00:00
2026-06-17,final,Algeria,0.562,20,1.3,1.091,2026-07-04T15:36:54.152401+00:00
2026-06-17,final,Argentina,20.976,20,19.5,16.359,2026-07-04T15:36:53.62265+00:00
2026-06-17,final,Australia,0.326,20,1.1,0.923,2026-07-04T15:36:54.152401+00:00
2026-06-17,final,Austria,1.996,20,1.75,1.468,2026-07-04T15:36:54.152401+00:00
2026-06-17,final,Belgium,5.794,20,5.5,4.614,2026-07-04T15:36:53.62265+00:00
2026-06-17,final,Bosnia and Herzegovina,0.242,20,1.45,1.216,2026-07-04T15:36:54.152401+00:00
2026-06-17,final,Brazil,12.342,20,15.5,13.003,2026-07-04T15:36:53.62265+00:00
2026-06-17,final,Canada,1.464,20,1.65,1.384,2026-07-04T15:36:54.152401+00:00
2026-06-17,final,Cape Verde,0.042,20,0.6,0.503,2026-07-04T15:36:54.152401+00:00
2026-06-17,final,Colombia,3.724,20,5.65,4.74,2026-07-04T15:36:54.152401+00:00
2026-06-17,final,Croatia,4.784,20,2.7,2.265,2026-07-04T15:36:53.62265+00:00
2026-06-17,final,Curacao,0.0,20,0.25,0.21,2026-07-04T15:36:54.152401+00:00
2026-06-17,final,Czechia,0.636,20,1.15,0.965,2026-07-04T15:36:54.152401+00:00
2026-06-17,final,DR Congo,0.176,20,0.55,0.461,2026-07-04T15:36:54.152401+00:00
2026-06-17,final,Ecuador,2.722,20,1.8,1.51,2026-07-04T15:36:54.152401+00:00
2026-06-17,final,Egypt,0.582,20,0.85,0.713,2026-07-04T15:36:54.152401+00:00
2026-06-17,final,England,21.126,20,23.5,19.715,2026-07-04T15:36:53.62265+00:00
2026-06-17,final,France,25.134,20,29.5,24.748,2026-07-04T15:36:53.62265+00:00
2026-06-17,final,Germany,9.602,20,13.5,11.326,2026-07-04T15:36:53.62265+00:00
2026-06-17,final,Ghana,0.09,20,1.55,1.3,2026-07-04T15:36:54.152401+00:00
2026-06-17,final,Haiti,0.006,20,0.3,0.252,2026-07-04T15:36:54.152401+00:00
2026-06-17,final,Iran,0.16,20,0.9,0.755,2026-07-04T15:36:54.152401+00:00
2026-06-17,final,Iraq,0.004,20,0.8,0.671,2026-07-04T15:36:54.152401+00:00
2026-06-17,final,Ivory Coast,1.608,20,1.6,1.342,2026-07-04T15:36:54.152401+00:00
2026-06-17,final,Japan,2.974,20,5.2,4.362,2026-07-04T15:36:54.152401+00:00
2026-06-17,final,Jordan,0.002,20,0.45,0.378,2026-07-04T15:36:54.152401+00:00
2026-06-17,final,Mexico,1.48,20,6.0,5.034,2026-07-04T15:36:54.152401+00:00
2026-06-17,final,Morocco,3.25,20,6.9,5.789,2026-07-04T15:36:54.152401+00:00
2026-06-17,final,Netherlands,9.62,20,10.5,8.809,2026-07-04T15:36:53.62265+00:00
2026-06-17,final,New Zealand,0.016,20,1.7,1.426,2026-07-04T15:36:54.152401+00:00
2026-06-17,final,Norway,4.682,20,6.5,5.453,2026-07-04T15:36:53.62265+00:00
2026-06-17,final,Panama,0.056,20,0.25,0.21,2026-07-04T15:36:54.152401+00:00
2026-06-17,final,Paraguay,0.376,20,1.25,1.049,2026-07-04T15:36:54.152401+00:00
2026-06-17,final,Portugal,14.32,20,19.0,15.94,2026-07-04T15:36:53.62265+00:00
2026-06-17,final,Qatar,0.0,20,1.0,0.839,2026-07-04T15:36:54.152401+00:00
2026-06-17,final,Saudi Arabia,0.012,20,1.2,1.007,2026-07-04T15:36:54.152401+00:00
2026-06-17,final,Scotland,1.09,20,1.3,1.091,2026-07-04T15:36:54.152401+00:00
2026-06-17,final,Senegal,3.066,20,1.8,1.51,2026-07-04T15:36:54.152401+00:00
2026-06-17,final,South Africa,0.01,20,0.75,0.629,2026-07-04T15:36:54.152401+00:00
2026-06-17,final,South Korea,0.928,20,1.8,1.51,2026-07-04T15:36:54.152401+00:00
2026-06-17,final,Spain,28.666,20,23.5,19.715,2026-07-04T15:36:53.62265+00:00
2026-06-17,final,Sweden,1.472,20,2.8,2.349,2026-07-04T15:36:54.152401+00:00
2026-06-17,final,Switzerland,3.744,20,2.65,2.223,2026-07-04T15:36:54.152401+00:00
2026-06-17,final,Tunisia,0.012,20,0.85,0.713,2026-07-04T15:36:54.152401+00:00
2026-06-17,final,Turkey,2.62,20,1.05,0.881,2026-07-04T15:36:54.152401+00:00
2026-06-17,final,United States,2.458,20,5.65,4.74,2026-07-04T15:36:54.152401+00:00
2026-06-17,final,Uruguay,4.92,20,2.9,2.433,2026-07-04T15:36:53.62265+00:00
2026-06-17,final,Uzbekistan,0.128,20,0.45,0.378,2026-07-04T15:36:54.152401+00:00
2026-06-17,qf,Algeria,6.964,20,6.0,5.333,2026-07-04T15:36:53.62265+00:00
2026-06-17,qf,Argentina,52.174,20,59.5,52.886,2026-07-04T15:36:53.62265+00:00
2026-06-17,qf,Australia,6.922,20,9.45,8.4,2026-07-04T15:36:53.62265+00:00
2026-06-17,qf,Austria,14.35,20,15.0,13.333,2026-07-04T15:36:53.62265+00:00
2026-06-17,qf,Belgium,35.026,20,35.0,31.109,2026-07-04T15:36:53.62265+00:00
2026-06-17,qf,Bosnia and Herzegovina,7.484,20,6.0,5.333,2026-07-04T15:36:53.62265+00:00
2026-06-17,qf,Brazil,40.016,20,47.0,41.775,2026-07-04T15:36:53.62265+00:00
2026-06-17,qf,Canada,17.916,20,13.0,11.555,2026-07-04T15:36:53.62265+00:00
2026-06-17,qf,Cape Verde,1.908,20,5.15,4.578,2026-07-04T15:36:53.62265+00:00
2026-06-17,qf,Colombia,20.116,20,28.0,24.888,2026-07-04T15:36:53.62265+00:00
2026-06-17,qf,Croatia,22.61,20,17.5,15.555,2026-07-04T15:36:53.62265+00:00
2026-06-17,qf,Curacao,0.072,20,2.25,2.0,2026-07-04T15:36:53.62265+00:00
2026-06-17,qf,Czechia,10.506,20,5.5,4.889,2026-07-04T15:36:53.62265+00:00
2026-06-17,qf,DR Congo,2.972,20,6.15,5.466,2026-07-04T15:36:53.62265+00:00
2026-06-17,qf,Ecuador,17.832,20,13.5,11.999,2026-07-04T15:36:53.62265+00:00
2026-06-17,qf,Egypt,10.182,20,12.5,11.11,2026-07-04T15:36:53.62265+00:00
2026-06-17,qf,England,53.346,20,60.5,53.775,2026-07-04T15:36:53.62265+00:00
2026-06-17,qf,France,55.622,20,62.5,55.552,2026-07-04T15:36:53.62265+00:00
2026-06-17,qf,Germany,32.166,20,39.5,35.109,2026-07-04T15:36:53.62265+00:00
2026-06-17,qf,Ghana,2.122,20,4.9,4.355,2026-07-04T15:36:53.62265+00:00
2026-06-17,qf,Haiti,0.154,20,0.55,0.489,2026-07-04T15:36:53.62265+00:00
2026-06-17,qf,Iran,3.836,20,4.55,4.044,2026-07-04T15:36:53.62265+00:00
2026-06-17,qf,Iraq,0.064,20,1.1,0.978,2026-07-04T15:36:53.62265+00:00
2026-06-17,qf,Ivory Coast,13.438,20,13.5,11.999,2026-07-04T15:36:53.62265+00:00
2026-06-17,qf,Japan,18.404,20,25.5,22.665,2026-07-04T15:36:53.62265+00:00
2026-06-17,qf,Jordan,0.318,20,1.1,0.978,2026-07-04T15:36:53.62265+00:00
2026-06-17,qf,Mexico,16.696,20,30.0,26.665,2026-07-04T15:36:53.62265+00:00
2026-06-17,qf,Morocco,20.846,20,30.0,26.665,2026-07-04T15:36:53.62265+00:00
2026-06-17,qf,Netherlands,35.892,20,39.0,34.665,2026-07-04T15:36:53.62265+00:00
2026-06-17,qf,New Zealand,1.07,20,1.75,1.555,2026-07-04T15:36:53.62265+00:00
2026-06-17,qf,Norway,25.31,20,31.0,27.554,2026-07-04T15:36:53.62265+00:00
2026-06-17,qf,Panama,1.616,20,1.95,1.733,2026-07-04T15:36:53.62265+00:00
2026-06-17,qf,Paraguay,3.854,20,4.45,3.955,2026-07-04T15:36:53.62265+00:00
2026-06-17,qf,Portugal,44.814,20,47.5,42.22,2026-07-04T15:36:53.62265+00:00
2026-06-17,qf,Qatar,0.474,20,2.9,2.578,2026-07-04T15:36:53.62265+00:00
2026-06-17,qf,Saudi Arabia,0.916,20,6.4,5.689,2026-07-04T15:36:53.62265+00:00
2026-06-17,qf,Scotland,12.314,20,8.5,7.555,2026-07-04T15:36:53.62265+00:00
2026-06-17,qf,Senegal,18.584,20,15.0,13.333,2026-07-04T15:36:53.62265+00:00
2026-06-17,qf,South Africa,0.938,20,2.2,1.955,2026-07-04T15:36:53.62265+00:00
2026-06-17,qf,South Korea,13.528,20,16.5,14.666,2026-07-04T15:36:53.62265+00:00
2026-06-17,qf,Spain,55.372,20,57.5,51.108,2026-07-04T15:36:53.62265+00:00
2026-06-17,qf,Sweden,14.1,20,16.5,14.666,2026-07-04T15:36:53.62265+00:00
2026-06-17,qf,Switzerland,24.388,20,20.5,18.221,2026-07-04T15:36:53.62265+00:00
2026-06-17,qf,Tunisia,0.298,20,1.85,1.644,2026-07-04T15:36:53.62265+00:00
2026-06-17,qf,Turkey,14.412,20,12.5,11.11,2026-07-04T15:36:53.62265+00:00
2026-06-17,qf,United States,24.524,20,35.5,31.554,2026-07-04T15:36:53.62265+00:00
2026-06-17,qf,Uruguay,21.33,20,21.5,19.11,2026-07-04T15:36:53.62265+00:00
2026-06-17,qf,Uzbekistan,2.204,20,1.85,1.644,2026-07-04T15:36:53.62265+00:00
2026-06-17,r16,Algeria,18.608,20,19.5,18.725,2026-07-04T15:36:53.62265+00:00
2026-06-17,r16,Argentina,66.164,20,73.5,70.58,2026-07-04T15:36:53.62265+00:00
2026-06-17,r16,Australia,31.622,20,38.5,36.97,2026-07-04T15:36:53.62265+00:00
2026-06-17,r16,Austria,31.39,20,30.5,29.288,2026-07-04T15:36:53.62265+00:00
2026-06-17,r16,Belgium,63.886,20,62.0,59.537,2026-07-04T15:36:53.62265+00:00
2026-06-17,r16,Bosnia and Herzegovina,26.666,20,22.5,21.606,2026-07-04T15:36:53.62265+00:00
2026-06-17,r16,Brazil,61.532,20,68.0,65.298,2026-07-04T15:36:53.62265+00:00
2026-06-17,r16,Canada,48.138,20,41.5,39.851,2026-07-04T15:36:53.62265+00:00
2026-06-17,r16,Cape Verde,10.424,20,9.4,9.027,2026-07-04T15:36:53.62265+00:00
2026-06-17,r16,Colombia,43.18,20,51.0,48.974,2026-07-04T15:36:53.62265+00:00
2026-06-17,r16,Croatia,48.53,20,38.0,36.49,2026-07-04T15:36:53.62265+00:00
2026-06-17,r16,Curacao,0.66,20,2.5,2.401,2026-07-04T15:36:53.62265+00:00
2026-06-17,r16,Czechia,27.17,20,21.5,20.646,2026-07-04T15:36:53.62265+00:00
2026-06-17,r16,DR Congo,10.334,20,17.5,16.805,2026-07-04T15:36:53.62265+00:00
2026-06-17,r16,Ecuador,39.794,20,37.5,36.01,2026-07-04T15:36:53.62265+00:00
2026-06-17,r16,Egypt,35.578,20,34.0,32.649,2026-07-04T15:36:53.62265+00:00
2026-06-17,r16,England,73.358,20,77.5,74.421,2026-07-04T15:36:53.62265+00:00
2026-06-17,r16,France,77.896,20,84.5,81.143,2026-07-04T15:36:53.62265+00:00
2026-06-17,r16,Germany,64.842,20,73.5,70.58,2026-07-04T15:36:53.62265+00:00
2026-06-17,r16,Ghana,8.15,20,17.0,16.325,2026-07-04T15:36:53.62265+00:00
2026-06-17,r16,Haiti,1.118,20,2.05,1.969,2026-07-04T15:36:53.62265+00:00
2026-06-17,r16,Iran,17.968,20,13.5,12.964,2026-07-04T15:36:53.62265+00:00
2026-06-17,r16,Iraq,0.332,20,6.05,5.81,2026-07-04T15:36:53.62265+00:00
2026-06-17,r16,Ivory Coast,39.618,20,36.0,34.57,2026-07-04T15:36:53.62265+00:00
2026-06-17,r16,Japan,36.036,20,39.5,37.931,2026-07-04T15:36:53.62265+00:00
2026-06-17,r16,Jordan,1.704,20,3.5,3.361,2026-07-04T15:36:53.62265+00:00
2026-06-17,r16,Mexico,49.894,20,58.5,56.176,2026-07-04T15:36:53.62265+00:00
2026-06-17,r16,Morocco,42.002,20,50.5,48.494,2026-07-04T15:36:53.62265+00:00
2026-06-17,r16,Netherlands,53.906,20,52.5,50.414,2026-07-04T15:36:53.62265+00:00
2026-06-17,r16,New Zealand,8.048,20,9.0,8.642,2026-07-04T15:36:53.62265+00:00
2026-06-17,r16,Norway,50.626,20,59.0,56.656,2026-07-04T15:36:53.62265+00:00
2026-06-17,r16,Panama,6.872,20,6.5,6.242,2026-07-04T15:36:53.62265+00:00
2026-06-17,r16,Paraguay,15.028,20,14.0,13.444,2026-07-04T15:36:53.62265+00:00
2026-06-17,r16,Portugal,66.78,20,73.5,70.58,2026-07-04T15:36:53.62265+00:00
2026-06-17,r16,Qatar,3.906,20,4.65,4.465,2026-07-04T15:36:53.62265+00:00
2026-06-17,r16,Saudi Arabia,6.048,20,11.5,11.043,2026-07-04T15:36:53.62265+00:00
2026-06-17,r16,Scotland,33.13,20,25.5,24.487,2026-07-04T15:36:53.62265+00:00
2026-06-17,r16,Senegal,36.376,20,30.5,29.288,2026-07-04T15:36:53.62265+00:00
2026-06-17,r16,South Africa,4.266,20,5.15,4.945,2026-07-04T15:36:53.62265+00:00
2026-06-17,r16,South Korea,44.318,20,45.5,43.692,2026-07-04T15:36:53.62265+00:00
2026-06-17,r16,Spain,74.654,20,75.5,72.5,2026-07-04T15:36:53.62265+00:00
2026-06-17,r16,Sweden,32.186,20,36.5,35.05,2026-07-04T15:36:53.62265+00:00
2026-06-17,r16,Switzerland,53.038,20,50.0,48.013,2026-07-04T15:36:53.62265+00:00
2026-06-17,r16,Tunisia,1.16,20,5.9,5.666,2026-07-04T15:36:53.62265+00:00
2026-06-17,r16,Turkey,32.062,20,21.0,20.166,2026-07-04T15:36:53.62265+00:00
2026-06-17,r16,United States,56.49,20,65.5,62.898,2026-07-04T15:36:53.62265+00:00
2026-06-17,r16,Uruguay,36.186,20,35.5,34.09,2026-07-04T15:36:53.62265+00:00
2026-06-17,r16,Uzbekistan,8.326,20,9.5,9.123,2026-07-04T15:36:53.62265+00:00
2026-06-17,sf,Algeria,2.196,20,3.2,2.644,2026-07-04T15:36:53.62265+00:00
2026-06-17,sf,Argentina,35.21,20,36.5,30.159,2026-07-04T15:36:53.62265+00:00
2026-06-17,sf,Australia,1.524,20,4.45,3.677,2026-07-04T15:36:53.62265+00:00
2026-06-17,sf,Austria,6.058,20,8.3,6.858,2026-07-04T15:36:53.62265+00:00
2026-06-17,sf,Belgium,13.812,20,13.5,11.155,2026-07-04T15:36:53.62265+00:00
2026-06-17,sf,Bosnia and Herzegovina,1.33,20,2.85,2.355,2026-07-04T15:36:53.62265+00:00
2026-06-17,sf,Brazil,22.746,20,25.0,20.657,2026-07-04T15:36:53.62265+00:00
2026-06-17,sf,Canada,5.138,20,2.35,1.942,2026-07-04T15:36:53.62265+00:00
2026-06-17,sf,Cape Verde,0.282,20,2.1,1.735,2026-07-04T15:36:53.62265+00:00
2026-06-17,sf,Colombia,9.384,20,14.5,11.981,2026-07-04T15:36:53.62265+00:00
2026-06-17,sf,Croatia,11.438,20,9.2,7.602,2026-07-04T15:36:53.62265+00:00
2026-06-17,sf,Curacao,0.012,20,1.6,1.322,2026-07-04T15:36:53.62265+00:00
2026-06-17,sf,Czechia,2.558,20,2.9,2.396,2026-07-04T15:36:53.62265+00:00
2026-06-17,sf,DR Congo,0.838,20,4.15,3.429,2026-07-04T15:36:53.62265+00:00
2026-06-17,sf,Ecuador,7.086,20,5.05,4.173,2026-07-04T15:36:53.62265+00:00
2026-06-17,sf,Egypt,2.45,20,3.0,2.479,2026-07-04T15:36:53.62265+00:00
2026-06-17,sf,England,35.194,20,40.5,33.464,2026-07-04T15:36:53.62265+00:00
2026-06-17,sf,France,40.238,20,46.5,38.422,2026-07-04T15:36:53.62265+00:00
2026-06-17,sf,Germany,18.744,20,26.0,21.483,2026-07-04T15:36:53.62265+00:00
2026-06-17,sf,Ghana,0.458,20,3.05,2.52,2026-07-04T15:36:53.62265+00:00
2026-06-17,sf,Haiti,0.038,20,0.4,0.331,2026-07-04T15:36:53.62265+00:00
2026-06-17,sf,Iran,0.786,20,2.35,1.942,2026-07-04T15:36:53.62265+00:00
2026-06-17,sf,Iraq,0.014,20,0.15,0.124,2026-07-04T15:36:53.62265+00:00
2026-06-17,sf,Ivory Coast,4.938,20,6.15,5.082,2026-07-04T15:36:53.62265+00:00
2026-06-17,sf,Japan,7.568,20,12.0,9.915,2026-07-04T15:36:53.62265+00:00
2026-06-17,sf,Jordan,0.04,20,1.65,1.363,2026-07-04T15:36:53.62265+00:00
2026-06-17,sf,Mexico,4.924,20,11.5,9.502,2026-07-04T15:36:53.62265+00:00
2026-06-17,sf,Morocco,8.248,20,14.5,11.981,2026-07-04T15:36:53.62265+00:00
2026-06-17,sf,Netherlands,18.602,20,20.0,16.526,2026-07-04T15:36:53.62265+00:00
2026-06-17,sf,New Zealand,0.118,20,1.65,1.363,2026-07-04T15:36:53.62265+00:00
2026-06-17,sf,Norway,11.464,20,18.0,14.873,2026-07-04T15:36:53.62265+00:00
2026-06-17,sf,Panama,0.342,20,0.75,0.62,2026-07-04T15:36:53.62265+00:00
2026-06-17,sf,Paraguay,1.262,20,1.85,1.529,2026-07-04T15:36:53.62265+00:00
2026-06-17,sf,Portugal,25.958,20,29.0,23.962,2026-07-04T15:36:53.62265+00:00
2026-06-17,sf,Qatar,0.022,20,1.4,1.157,2026-07-04T15:36:53.62265+00:00
2026-06-17,sf,Saudi Arabia,0.134,20,3.15,2.603,2026-07-04T15:36:53.62265+00:00
2026-06-17,sf,Scotland,3.73,20,3.7,3.057,2026-07-04T15:36:53.62265+00:00
2026-06-17,sf,Senegal,7.756,20,4.3,3.553,2026-07-04T15:36:53.62265+00:00
2026-06-17,sf,South Africa,0.09,20,2.2,1.818,2026-07-04T15:36:53.62265+00:00
2026-06-17,sf,South Korea,3.326,20,5.95,4.916,2026-07-04T15:36:53.62265+00:00
2026-06-17,sf,Spain,43.908,20,41.5,34.29,2026-07-04T15:36:53.62265+00:00
2026-06-17,sf,Sweden,4.69,20,5.55,4.586,2026-07-04T15:36:53.62265+00:00
2026-06-17,sf,Switzerland,9.292,20,8.5,7.023,2026-07-04T15:36:53.62265+00:00
2026-06-17,sf,Tunisia,0.062,20,1.2,0.992,2026-07-04T15:36:53.62265+00:00
2026-06-17,sf,Turkey,6.41,20,7.0,5.784,2026-07-04T15:36:53.62265+00:00
2026-06-17,sf,United States,7.606,20,18.5,15.286,2026-07-04T15:36:53.62265+00:00
2026-06-17,sf,Uruguay,11.378,20,5.0,4.131,2026-07-04T15:36:53.62265+00:00
2026-06-17,sf,Uzbekistan,0.598,20,1.5,1.239,2026-07-04T15:36:53.62265+00:00
2026-06-18,final,Algeria,0.57,24,1.5,1.276,2026-07-04T15:36:54.152401+00:00
2026-06-18,final,Argentina,21.012,24,20.5,17.439,2026-07-04T15:36:54.152401+00:00
2026-06-18,final,Australia,0.322,24,1.2,1.021,2026-07-04T15:36:54.152401+00:00
2026-06-18,final,Austria,2.024,24,1.75,1.489,2026-07-04T15:36:54.152401+00:00
2026-06-18,final,Belgium,5.774,24,5.5,4.679,2026-07-04T15:36:54.152401+00:00
2026-06-18,final,Bosnia and Herzegovina,0.232,24,1.45,1.234,2026-07-04T15:36:54.152401+00:00
2026-06-18,final,Brazil,12.012,24,15.0,12.761,2026-07-04T15:36:54.152401+00:00
2026-06-18,final,Canada,1.518,24,1.85,1.574,2026-07-04T15:36:54.152401+00:00
2026-06-18,final,Cape Verde,0.038,24,0.6,0.51,2026-07-04T15:36:54.152401+00:00
2026-06-18,final,Colombia,4.628,24,6.0,5.104,2026-07-04T15:36:54.152401+00:00
2026-06-18,final,Croatia,3.908,24,2.4,2.042,2026-07-04T15:36:54.152401+00:00
2026-06-18,final,Curacao,0.0,24,0.15,0.128,2026-07-04T15:36:54.152401+00:00
2026-06-18,final,Czechia,0.63,24,1.1,0.936,2026-07-04T15:36:54.152401+00:00
2026-06-18,final,DR Congo,0.206,24,0.75,0.638,2026-07-04T15:36:54.152401+00:00
2026-06-18,final,Ecuador,2.52,24,1.9,1.616,2026-07-04T15:36:54.152401+00:00
2026-06-18,final,Egypt,0.612,24,0.85,0.723,2026-07-04T15:36:54.152401+00:00
2026-06-18,final,England,22.472,24,24.5,20.842,2026-07-04T15:36:54.152401+00:00
2026-06-18,final,France,25.18,24,27.5,23.394,2026-07-04T15:36:54.152401+00:00
2026-06-18,final,Germany,9.592,24,12.5,10.634,2026-07-04T15:36:54.152401+00:00
2026-06-18,final,Ghana,0.15,24,1.5,1.276,2026-07-04T15:36:54.152401+00:00
2026-06-18,final,Haiti,0.004,24,0.2,0.17,2026-07-04T15:36:54.152401+00:00
2026-06-18,final,Iran,0.174,24,0.8,0.681,2026-07-04T15:36:54.152401+00:00
2026-06-18,final,Iraq,0.002,24,0.65,0.553,2026-07-04T15:36:54.152401+00:00
2026-06-18,final,Ivory Coast,1.504,24,1.6,1.361,2026-07-04T15:36:54.152401+00:00
2026-06-18,final,Japan,2.89,24,5.1,4.339,2026-07-04T15:36:54.152401+00:00
2026-06-18,final,Jordan,0.004,24,0.5,0.425,2026-07-04T15:36:54.152401+00:00
2026-06-18,final,Mexico,1.38,24,6.15,5.232,2026-07-04T15:36:54.152401+00:00
2026-06-18,final,Morocco,3.218,24,6.35,5.402,2026-07-04T15:36:54.152401+00:00
2026-06-18,final,Netherlands,9.588,24,9.0,7.656,2026-07-04T15:36:54.152401+00:00
2026-06-18,final,New Zealand,0.014,24,1.85,1.574,2026-07-04T15:36:54.152401+00:00
2026-06-18,final,Norway,4.598,24,6.5,5.53,2026-07-04T15:36:54.152401+00:00
2026-06-18,final,Panama,0.022,24,0.25,0.213,2026-07-04T15:36:54.152401+00:00
2026-06-18,final,Paraguay,0.376,24,1.35,1.148,2026-07-04T15:36:54.152401+00:00
2026-06-18,final,Portugal,13.164,24,15.5,13.186,2026-07-04T15:36:54.152401+00:00
2026-06-18,final,Qatar,0.0,24,0.85,0.723,2026-07-04T15:36:54.152401+00:00
2026-06-18,final,Saudi Arabia,0.016,24,1.15,0.978,2026-07-04T15:36:54.152401+00:00
2026-06-18,final,Scotland,1.124,24,1.45,1.234,2026-07-04T15:36:54.152401+00:00
2026-06-18,final,Senegal,3.126,24,1.8,1.531,2026-07-04T15:36:54.152401+00:00
2026-06-18,final,South Africa,0.014,24,0.6,0.51,2026-07-04T15:36:54.152401+00:00
2026-06-18,final,South Korea,0.92,24,1.8,1.531,2026-07-04T15:36:54.152401+00:00
2026-06-18,final,Spain,29.028,24,24.5,20.842,2026-07-04T15:36:54.152401+00:00
2026-06-18,final,Sweden,1.494,24,2.9,2.467,2026-07-04T15:36:54.152401+00:00
2026-06-18,final,Switzerland,3.774,24,2.55,2.169,2026-07-04T15:36:54.152401+00:00
2026-06-18,final,Tunisia,0.012,24,0.75,0.638,2026-07-04T15:36:54.152401+00:00
2026-06-18,final,Turkey,2.66,24,0.55,0.468,2026-07-04T15:36:54.152401+00:00
2026-06-18,final,United States,2.452,24,7.2,6.125,2026-07-04T15:36:54.152401+00:00
2026-06-18,final,Uruguay,4.972,24,2.75,2.339,2026-07-04T15:36:54.152401+00:00
2026-06-18,final,Uzbekistan,0.07,24,1.95,1.659,2026-07-04T15:36:54.152401+00:00
2026-06-18,qf,Algeria,7.1,24,7.5,6.814,2026-07-04T15:36:54.152401+00:00
2026-06-18,qf,Argentina,52.272,24,59.0,53.6,2026-07-04T15:36:54.152401+00:00
2026-06-18,qf,Australia,6.878,24,8.85,8.04,2026-07-04T15:36:54.152401+00:00
2026-06-18,qf,Austria,14.498,24,13.0,11.81,2026-07-04T15:36:54.152401+00:00
2026-06-18,qf,Belgium,34.962,24,33.5,30.434,2026-07-04T15:36:54.152401+00:00
2026-06-18,qf,Bosnia and Herzegovina,7.538,24,5.5,4.997,2026-07-04T15:36:54.152401+00:00
2026-06-18,qf,Brazil,39.836,24,46.0,41.79,2026-07-04T15:36:54.152401+00:00
2026-06-18,qf,Canada,18.352,24,16.0,14.536,2026-07-04T15:36:54.152401+00:00
2026-06-18,qf,Cape Verde,1.762,24,4.6,4.179,2026-07-04T15:36:54.152401+00:00
2026-06-18,qf,Colombia,26.418,24,30.0,27.254,2026-07-04T15:36:54.152401+00:00
2026-06-18,qf,Croatia,17.724,24,18.0,16.352,2026-07-04T15:36:54.152401+00:00
2026-06-18,qf,Curacao,0.07,24,0.4,0.363,2026-07-04T15:36:54.152401+00:00
2026-06-18,qf,Czechia,10.284,24,3.5,3.18,2026-07-04T15:36:54.152401+00:00
2026-06-18,qf,DR Congo,3.746,24,6.05,5.496,2026-07-04T15:36:54.152401+00:00
2026-06-18,qf,Ecuador,17.342,24,13.5,12.264,2026-07-04T15:36:54.152401+00:00
2026-06-18,qf,Egypt,10.29,24,12.0,10.902,2026-07-04T15:36:54.152401+00:00
2026-06-18,qf,England,57.768,24,60.0,54.508,2026-07-04T15:36:54.152401+00:00
2026-06-18,qf,France,55.624,24,60.5,54.963,2026-07-04T15:36:54.152401+00:00
2026-06-18,qf,Germany,32.14,24,37.5,34.068,2026-07-04T15:36:54.152401+00:00
2026-06-18,qf,Ghana,3.908,24,4.3,3.906,2026-07-04T15:36:54.152401+00:00
2026-06-18,qf,Haiti,0.154,24,2.95,2.68,2026-07-04T15:36:54.152401+00:00
2026-06-18,qf,Iran,3.862,24,4.1,3.725,2026-07-04T15:36:54.152401+00:00
2026-06-18,qf,Iraq,0.066,24,1.45,1.317,2026-07-04T15:36:54.152401+00:00
2026-06-18,qf,Ivory Coast,13.326,24,13.5,12.264,2026-07-04T15:36:54.152401+00:00
2026-06-18,qf,Japan,18.36,24,23.5,21.349,2026-07-04T15:36:54.152401+00:00
2026-06-18,qf,Jordan,0.306,24,1.05,0.954,2026-07-04T15:36:54.152401+00:00
2026-06-18,qf,Mexico,15.624,24,32.5,29.525,2026-07-04T15:36:54.152401+00:00
2026-06-18,qf,Morocco,20.642,24,30.0,27.254,2026-07-04T15:36:54.152401+00:00
2026-06-18,qf,Netherlands,35.85,24,36.5,33.159,2026-07-04T15:36:54.152401+00:00
2026-06-18,qf,New Zealand,1.078,24,3.05,2.771,2026-07-04T15:36:54.152401+00:00
2026-06-18,qf,Norway,25.274,24,31.0,28.163,2026-07-04T15:36:54.152401+00:00
2026-06-18,qf,Panama,0.42,24,1.95,1.772,2026-07-04T15:36:54.152401+00:00
2026-06-18,qf,Paraguay,3.85,24,5.95,5.405,2026-07-04T15:36:54.152401+00:00
2026-06-18,qf,Portugal,40.378,24,42.5,38.61,2026-07-04T15:36:54.152401+00:00
2026-06-18,qf,Qatar,0.48,24,2.2,1.999,2026-07-04T15:36:54.152401+00:00
2026-06-18,qf,Saudi Arabia,0.868,24,3.85,3.498,2026-07-04T15:36:54.152401+00:00
2026-06-18,qf,Scotland,11.952,24,7.5,6.814,2026-07-04T15:36:54.152401+00:00
2026-06-18,qf,Senegal,18.596,24,13.5,12.264,2026-07-04T15:36:54.152401+00:00
2026-06-18,qf,South Africa,0.896,24,2.45,2.226,2026-07-04T15:36:54.152401+00:00
2026-06-18,qf,South Korea,12.934,24,16.5,14.99,2026-07-04T15:36:54.152401+00:00
2026-06-18,qf,Spain,55.956,24,55.5,50.42,2026-07-04T15:36:54.152401+00:00
2026-06-18,qf,Sweden,14.188,24,13.0,11.81,2026-07-04T15:36:54.152401+00:00
2026-06-18,qf,Switzerland,24.86,24,26.5,24.074,2026-07-04T15:36:54.152401+00:00
2026-06-18,qf,Tunisia,0.284,24,1.05,0.954,2026-07-04T15:36:54.152401+00:00
2026-06-18,qf,Turkey,14.318,24,10.5,9.539,2026-07-04T15:36:54.152401+00:00
2026-06-18,qf,United States,24.464,24,36.0,32.705,2026-07-04T15:36:54.152401+00:00
2026-06-18,qf,Uruguay,21.336,24,20.5,18.624,2026-07-04T15:36:54.152401+00:00
2026-06-18,qf,Uzbekistan,1.166,24,1.85,1.681,2026-07-04T15:36:54.152401+00:00
2026-06-18,r16,Algeria,18.328,24,17.0,16.286,2026-07-04T15:36:54.152401+00:00
2026-06-18,r16,Argentina,66.166,24,76.0,72.81,2026-07-04T15:36:54.152401+00:00
2026-06-18,r16,Australia,31.552,24,37.0,35.447,2026-07-04T15:36:54.152401+00:00
2026-06-18,r16,Austria,31.286,24,29.5,28.262,2026-07-04T15:36:54.152401+00:00
2026-06-18,r16,Belgium,63.65,24,60.0,57.482,2026-07-04T15:36:54.152401+00:00
2026-06-18,r16,Bosnia and Herzegovina,26.542,24,17.5,16.765,2026-07-04T15:36:54.152401+00:00
2026-06-18,r16,Brazil,61.51,24,73.5,70.415,2026-07-04T15:36:54.152401+00:00
2026-06-18,r16,Canada,47.964,24,52.0,49.817,2026-07-04T15:36:54.152401+00:00
2026-06-18,r16,Cape Verde,10.228,24,8.25,7.904,2026-07-04T15:36:54.152401+00:00
2026-06-18,r16,Colombia,52.25,24,55.0,52.691,2026-07-04T15:36:54.152401+00:00
2026-06-18,r16,Croatia,43.25,24,41.0,39.279,2026-07-04T15:36:54.152401+00:00
2026-06-18,r16,Curacao,0.64,24,4.45,4.263,2026-07-04T15:36:54.152401+00:00
2026-06-18,r16,Czechia,26.94,24,9.0,8.622,2026-07-04T15:36:54.152401+00:00
2026-06-18,r16,DR Congo,13.718,24,16.0,15.328,2026-07-04T15:36:54.152401+00:00
2026-06-18,r16,Ecuador,39.794,24,36.0,34.489,2026-07-04T15:36:54.152401+00:00
2026-06-18,r16,Egypt,35.436,24,37.0,35.447,2026-07-04T15:36:54.152401+00:00
2026-06-18,r16,England,75.52,24,80.5,77.121,2026-07-04T15:36:54.152401+00:00
2026-06-18,r16,France,77.906,24,85.5,81.911,2026-07-04T15:36:54.152401+00:00
2026-06-18,r16,Germany,64.98,24,74.5,71.373,2026-07-04T15:36:54.152401+00:00
2026-06-18,r16,Ghana,14.718,24,21.0,20.119,2026-07-04T15:36:54.152401+00:00
2026-06-18,r16,Haiti,1.116,24,2.3,2.203,2026-07-04T15:36:54.152401+00:00
2026-06-18,r16,Iran,17.864,24,13.0,12.454,2026-07-04T15:36:54.152401+00:00
2026-06-18,r16,Iraq,0.29,24,14.2,13.604,2026-07-04T15:36:54.152401+00:00
2026-06-18,r16,Ivory Coast,39.574,24,36.0,34.489,2026-07-04T15:36:54.152401+00:00
2026-06-18,r16,Japan,36.0,24,43.5,41.674,2026-07-04T15:36:54.152401+00:00
2026-06-18,r16,Jordan,1.652,24,4.5,4.311,2026-07-04T15:36:54.152401+00:00
2026-06-18,r16,Mexico,49.556,24,59.0,56.524,2026-07-04T15:36:54.152401+00:00
2026-06-18,r16,Morocco,41.846,24,52.0,49.817,2026-07-04T15:36:54.152401+00:00
2026-06-18,r16,Netherlands,53.858,24,51.5,49.338,2026-07-04T15:36:54.152401+00:00
2026-06-18,r16,New Zealand,7.982,24,7.5,7.185,2026-07-04T15:36:54.152401+00:00
2026-06-18,r16,Norway,50.626,24,58.0,55.566,2026-07-04T15:36:54.152401+00:00
2026-06-18,r16,Panama,1.768,24,3.9,3.736,2026-07-04T15:36:54.152401+00:00
2026-06-18,r16,Paraguay,14.896,24,11.5,11.017,2026-07-04T15:36:54.152401+00:00
2026-06-18,r16,Portugal,63.812,24,70.0,67.062,2026-07-04T15:36:54.152401+00:00
2026-06-18,r16,Qatar,3.872,24,2.75,2.635,2026-07-04T15:36:54.152401+00:00
2026-06-18,r16,Saudi Arabia,5.928,24,10.0,9.58,2026-07-04T15:36:54.152401+00:00
2026-06-18,r16,Scotland,32.898,24,25.0,23.951,2026-07-04T15:36:54.152401+00:00
2026-06-18,r16,Senegal,36.374,24,28.0,26.825,2026-07-04T15:36:54.152401+00:00
2026-06-18,r16,South Africa,4.19,24,5.25,5.03,2026-07-04T15:36:54.152401+00:00
2026-06-18,r16,South Korea,44.118,24,54.0,51.733,2026-07-04T15:36:54.152401+00:00
2026-06-18,r16,Spain,74.66,24,72.0,68.978,2026-07-04T15:36:54.152401+00:00
2026-06-18,r16,Sweden,32.122,24,34.0,32.573,2026-07-04T15:36:54.152401+00:00
2026-06-18,r16,Switzerland,52.844,24,54.0,51.733,2026-07-04T15:36:54.152401+00:00
2026-06-18,r16,Tunisia,1.128,24,3.95,3.784,2026-07-04T15:36:54.152401+00:00
2026-06-18,r16,Turkey,32.01,24,21.5,20.598,2026-07-04T15:36:54.152401+00:00
2026-06-18,r16,United States,56.378,24,65.0,62.272,2026-07-04T15:36:54.152401+00:00
2026-06-18,r16,Uruguay,36.064,24,30.5,29.22,2026-07-04T15:36:54.152401+00:00
2026-06-18,r16,Uzbekistan,4.196,24,6.55,6.275,2026-07-04T15:36:54.152401+00:00
2026-06-18,sf,Algeria,2.288,24,2.1,1.836,2026-07-04T15:36:54.152401+00:00
2026-06-18,sf,Argentina,36.106,24,37.5,32.78,2026-07-04T15:36:54.152401+00:00
2026-06-18,sf,Australia,1.586,24,4.05,3.54,2026-07-04T15:36:54.152401+00:00
2026-06-18,sf,Austria,6.242,24,3.7,3.234,2026-07-04T15:36:54.152401+00:00
2026-06-18,sf,Belgium,14.014,24,13.5,11.801,2026-07-04T15:36:54.152401+00:00
2026-06-18,sf,Bosnia and Herzegovina,1.358,24,1.7,1.486,2026-07-04T15:36:54.152401+00:00
2026-06-18,sf,Brazil,22.032,24,24.0,20.979,2026-07-04T15:36:54.152401+00:00
2026-06-18,sf,Canada,5.304,24,2.95,2.579,2026-07-04T15:36:54.152401+00:00
2026-06-18,sf,Cape Verde,0.248,24,2.2,1.923,2026-07-04T15:36:54.152401+00:00
2026-06-18,sf,Colombia,11.704,24,15.0,13.112,2026-07-04T15:36:54.152401+00:00
2026-06-18,sf,Croatia,9.646,24,7.3,6.381,2026-07-04T15:36:54.152401+00:00
2026-06-18,sf,Curacao,0.01,24,0.3,0.262,2026-07-04T15:36:54.152401+00:00
2026-06-18,sf,Czechia,2.552,24,2.8,2.448,2026-07-04T15:36:54.152401+00:00
2026-06-18,sf,DR Congo,1.048,24,2.05,1.792,2026-07-04T15:36:54.152401+00:00
2026-06-18,sf,Ecuador,6.83,24,5.9,5.157,2026-07-04T15:36:54.152401+00:00
2026-06-18,sf,Egypt,2.574,24,2.85,2.491,2026-07-04T15:36:54.152401+00:00
2026-06-18,sf,England,36.856,24,39.5,34.528,2026-07-04T15:36:54.152401+00:00
2026-06-18,sf,France,39.988,24,45.0,39.336,2026-07-04T15:36:54.152401+00:00
2026-06-18,sf,Germany,18.488,24,26.5,23.164,2026-07-04T15:36:54.152401+00:00
2026-06-18,sf,Ghana,0.856,24,3.05,2.666,2026-07-04T15:36:54.152401+00:00
2026-06-18,sf,Haiti,0.028,24,0.4,0.35,2026-07-04T15:36:54.152401+00:00
2026-06-18,sf,Iran,0.8,24,2.25,1.967,2026-07-04T15:36:54.152401+00:00
2026-06-18,sf,Iraq,0.014,24,0.15,0.131,2026-07-04T15:36:54.152401+00:00
2026-06-18,sf,Ivory Coast,4.648,24,5.2,4.545,2026-07-04T15:36:54.152401+00:00
2026-06-18,sf,Japan,7.258,24,9.0,7.867,2026-07-04T15:36:54.152401+00:00
2026-06-18,sf,Jordan,0.034,24,1.4,1.224,2026-07-04T15:36:54.152401+00:00
2026-06-18,sf,Mexico,4.598,24,12.0,10.49,2026-07-04T15:36:54.152401+00:00
2026-06-18,sf,Morocco,8.022,24,14.0,12.238,2026-07-04T15:36:54.152401+00:00
2026-06-18,sf,Netherlands,18.276,24,20.0,17.483,2026-07-04T15:36:54.152401+00:00
2026-06-18,sf,New Zealand,0.128,24,1.35,1.18,2026-07-04T15:36:54.152401+00:00
2026-06-18,sf,Norway,11.056,24,18.0,15.734,2026-07-04T15:36:54.152401+00:00
2026-06-18,sf,Panama,0.096,24,0.6,0.524,2026-07-04T15:36:54.152401+00:00
2026-06-18,sf,Paraguay,1.342,24,1.95,1.705,2026-07-04T15:36:54.152401+00:00
2026-06-18,sf,Portugal,24.406,24,26.5,23.164,2026-07-04T15:36:54.152401+00:00
2026-06-18,sf,Qatar,0.024,24,1.1,0.962,2026-07-04T15:36:54.152401+00:00
2026-06-18,sf,Saudi Arabia,0.128,24,2.0,1.748,2026-07-04T15:36:54.152401+00:00
2026-06-18,sf,Scotland,3.596,24,2.05,1.792,2026-07-04T15:36:54.152401+00:00
2026-06-18,sf,Senegal,7.584,24,4.45,3.89,2026-07-04T15:36:54.152401+00:00
2026-06-18,sf,South Africa,0.084,24,1.85,1.617,2026-07-04T15:36:54.152401+00:00
2026-06-18,sf,South Korea,3.198,24,5.2,4.545,2026-07-04T15:36:54.152401+00:00
2026-06-18,sf,Spain,44.604,24,43.0,37.587,2026-07-04T15:36:54.152401+00:00
2026-06-18,sf,Sweden,4.632,24,4.55,3.977,2026-07-04T15:36:54.152401+00:00
2026-06-18,sf,Switzerland,9.522,24,6.95,6.075,2026-07-04T15:36:54.152401+00:00
2026-06-18,sf,Tunisia,0.054,24,0.95,0.83,2026-07-04T15:36:54.152401+00:00
2026-06-18,sf,Turkey,6.494,24,5.35,4.677,2026-07-04T15:36:54.152401+00:00
2026-06-18,sf,United States,7.694,24,16.5,14.423,2026-07-04T15:36:54.152401+00:00
2026-06-18,sf,Uruguay,11.642,24,7.0,6.119,2026-07-04T15:36:54.152401+00:00
2026-06-18,sf,Uzbekistan,0.308,24,1.9,1.661,2026-07-04T15:36:54.152401+00:00
2026-06-19,final,Algeria,0.61,28,1.65,1.346,2026-07-04T15:36:54.152401+00:00
2026-06-19,final,Argentina,21.122,28,20.5,16.728,2026-07-04T15:36:54.152401+00:00
2026-06-19,final,Australia,0.326,28,1.3,1.061,2026-07-04T15:36:54.152401+00:00
2026-06-19,final,Austria,2.06,28,1.75,1.428,2026-07-04T15:36:54.152401+00:00
2026-06-19,final,Belgium,5.864,28,5.0,4.08,2026-07-04T15:36:54.152401+00:00
2026-06-19,final,Bosnia and Herzegovina,0.234,28,1.4,1.142,2026-07-04T15:36:54.152401+00:00
2026-06-19,final,Brazil,11.862,28,14.5,11.832,2026-07-04T15:36:54.152401+00:00
2026-06-19,final,Canada,1.608,28,2.45,1.999,2026-07-04T15:36:54.152401+00:00
2026-06-19,final,Cape Verde,0.04,28,0.65,0.53,2026-07-04T15:36:54.152401+00:00
2026-06-19,final,Colombia,4.686,28,6.45,5.263,2026-07-04T15:36:54.152401+00:00
2026-06-19,final,Croatia,3.874,28,2.4,1.958,2026-07-04T15:36:54.152401+00:00
2026-06-19,final,Curacao,0.0,28,0.55,0.449,2026-07-04T15:36:54.152401+00:00
2026-06-19,final,Czechia,0.266,28,0.95,0.775,2026-07-04T15:36:54.152401+00:00
2026-06-19,final,DR Congo,0.206,28,0.65,0.53,2026-07-04T15:36:54.152401+00:00
2026-06-19,final,Ecuador,2.58,28,1.8,1.469,2026-07-04T15:36:54.152401+00:00
2026-06-19,final,Egypt,0.602,28,1.2,0.979,2026-07-04T15:36:54.152401+00:00
2026-06-19,final,England,22.18,28,24.5,19.992,2026-07-04T15:36:54.152401+00:00
2026-06-19,final,France,24.878,28,31.5,25.704,2026-07-04T15:36:54.152401+00:00
2026-06-19,final,Germany,9.56,28,13.0,10.608,2026-07-04T15:36:54.152401+00:00
2026-06-19,final,Ghana,0.164,28,1.95,1.591,2026-07-04T15:36:54.152401+00:00
2026-06-19,final,Haiti,0.004,28,0.4,0.326,2026-07-04T15:36:54.152401+00:00
2026-06-19,final,Iran,0.166,28,0.7,0.571,2026-07-04T15:36:54.152401+00:00
2026-06-19,final,Iraq,0.002,28,0.7,0.571,2026-07-04T15:36:54.152401+00:00
2026-06-19,final,Ivory Coast,1.508,28,1.6,1.306,2026-07-04T15:36:54.152401+00:00
2026-06-19,final,Japan,2.788,28,5.3,4.325,2026-07-04T15:36:54.152401+00:00
2026-06-19,final,Jordan,0.004,28,0.5,0.408,2026-07-04T15:36:54.152401+00:00
2026-06-19,final,Mexico,1.34,28,6.1,4.978,2026-07-04T15:36:54.152401+00:00
2026-06-19,final,Morocco,3.154,28,6.05,4.937,2026-07-04T15:36:54.152401+00:00
2026-06-19,final,Netherlands,9.362,28,12.5,10.2,2026-07-04T15:36:54.152401+00:00
2026-06-19,final,New Zealand,0.014,28,1.85,1.51,2026-07-04T15:36:54.152401+00:00
2026-06-19,final,Norway,4.626,28,7.5,6.12,2026-07-04T15:36:54.152401+00:00
2026-06-19,final,Panama,0.022,28,0.25,0.204,2026-07-04T15:36:54.152401+00:00
2026-06-19,final,Paraguay,0.4,28,1.6,1.306,2026-07-04T15:36:54.152401+00:00
2026-06-19,final,Portugal,13.212,28,15.5,12.648,2026-07-04T15:36:54.152401+00:00
2026-06-19,final,Qatar,0.0,28,0.85,0.694,2026-07-04T15:36:54.152401+00:00
2026-06-19,final,Saudi Arabia,0.01,28,1.15,0.938,2026-07-04T15:36:54.152401+00:00
2026-06-19,final,Scotland,1.102,28,1.85,1.51,2026-07-04T15:36:54.152401+00:00
2026-06-19,final,Senegal,3.12,28,1.85,1.51,2026-07-04T15:36:54.152401+00:00
2026-06-19,final,South Africa,0.01,28,0.55,0.449,2026-07-04T15:36:54.152401+00:00
2026-06-19,final,South Korea,0.772,28,1.4,1.142,2026-07-04T15:36:54.152401+00:00
2026-06-19,final,Spain,29.156,28,23.5,19.176,2026-07-04T15:36:54.152401+00:00
2026-06-19,final,Sweden,1.452,28,3.05,2.489,2026-07-04T15:36:54.152401+00:00
2026-06-19,final,Switzerland,4.552,28,2.8,2.285,2026-07-04T15:36:54.152401+00:00
2026-06-19,final,Tunisia,0.014,28,0.85,0.694,2026-07-04T15:36:54.152401+00:00
2026-06-19,final,Turkey,2.856,28,0.6,0.49,2026-07-04T15:36:54.152401+00:00
2026-06-19,final,United States,2.606,28,7.95,6.487,2026-07-04T15:36:54.152401+00:00
2026-06-19,final,Uruguay,4.962,28,2.75,2.244,2026-07-04T15:36:54.152401+00:00
2026-06-19,final,Uzbekistan,0.064,28,1.25,1.02,2026-07-04T15:36:54.152401+00:00
2026-06-19,qf,Algeria,7.476,28,8.5,7.694,2026-07-04T15:36:54.152401+00:00
2026-06-19,qf,Argentina,52.272,28,58.5,52.95,2026-07-04T15:36:54.152401+00:00
2026-06-19,qf,Australia,7.272,28,8.4,7.603,2026-07-04T15:36:54.152401+00:00
2026-06-19,qf,Austria,14.736,28,12.5,11.314,2026-07-04T15:36:54.152401+00:00
2026-06-19,qf,Belgium,35.542,28,36.5,33.037,2026-07-04T15:36:54.152401+00:00
2026-06-19,qf,Bosnia and Herzegovina,7.144,28,4.5,4.073,2026-07-04T15:36:54.152401+00:00
2026-06-19,qf,Brazil,39.406,28,45.5,41.183,2026-07-04T15:36:54.152401+00:00
2026-06-19,qf,Canada,19.638,28,18.0,16.292,2026-07-04T15:36:54.152401+00:00
2026-06-19,qf,Cape Verde,2.168,28,4.9,4.435,2026-07-04T15:36:54.152401+00:00
2026-06-19,qf,Colombia,26.508,28,32.0,28.964,2026-07-04T15:36:54.152401+00:00
2026-06-19,qf,Croatia,17.8,28,16.0,14.482,2026-07-04T15:36:54.152401+00:00
2026-06-19,qf,Curacao,0.074,28,0.4,0.362,2026-07-04T15:36:54.152401+00:00
2026-06-19,qf,Czechia,4.946,28,3.55,3.213,2026-07-04T15:36:54.152401+00:00
2026-06-19,qf,DR Congo,3.748,28,3.25,2.942,2026-07-04T15:36:54.152401+00:00
2026-06-19,qf,Ecuador,17.288,28,14.0,12.672,2026-07-04T15:36:54.152401+00:00
2026-06-19,qf,Egypt,10.4,28,11.0,9.956,2026-07-04T15:36:54.152401+00:00
2026-06-19,qf,England,57.124,28,61.5,55.666,2026-07-04T15:36:54.152401+00:00
2026-06-19,qf,France,55.382,28,60.5,54.76,2026-07-04T15:36:54.152401+00:00
2026-06-19,qf,Germany,32.106,28,40.5,36.658,2026-07-04T15:36:54.152401+00:00
2026-06-19,qf,Ghana,4.166,28,6.4,5.793,2026-07-04T15:36:54.152401+00:00
2026-06-19,qf,Haiti,0.17,28,1.95,1.765,2026-07-04T15:36:54.152401+00:00
2026-06-19,qf,Iran,3.962,28,3.45,3.123,2026-07-04T15:36:54.152401+00:00
2026-06-19,qf,Iraq,0.084,28,1.1,0.996,2026-07-04T15:36:54.152401+00:00
2026-06-19,qf,Ivory Coast,13.386,28,13.5,12.219,2026-07-04T15:36:54.152401+00:00
2026-06-19,qf,Japan,17.84,28,21.0,19.008,2026-07-04T15:36:54.152401+00:00
2026-06-19,qf,Jordan,0.362,28,1.15,1.041,2026-07-04T15:36:54.152401+00:00
2026-06-19,qf,Mexico,13.088,28,25.0,22.628,2026-07-04T15:36:54.152401+00:00
2026-06-19,qf,Morocco,20.25,28,34.0,30.774,2026-07-04T15:36:54.152401+00:00
2026-06-19,qf,Netherlands,35.056,28,36.5,33.037,2026-07-04T15:36:54.152401+00:00
2026-06-19,qf,New Zealand,1.11,28,2.45,2.218,2026-07-04T15:36:54.152401+00:00
2026-06-19,qf,Norway,25.534,28,34.5,31.227,2026-07-04T15:36:54.152401+00:00
2026-06-19,qf,Panama,0.476,28,1.7,1.539,2026-07-04T15:36:54.152401+00:00
2026-06-19,qf,Paraguay,3.998,28,5.05,4.571,2026-07-04T15:36:54.152401+00:00
2026-06-19,qf,Portugal,40.492,28,47.5,42.994,2026-07-04T15:36:54.152401+00:00
2026-06-19,qf,Qatar,0.434,28,1.35,1.222,2026-07-04T15:36:54.152401+00:00
2026-06-19,qf,Saudi Arabia,1.048,28,3.1,2.806,2026-07-04T15:36:54.152401+00:00
2026-06-19,qf,Scotland,11.926,28,7.0,6.336,2026-07-04T15:36:54.152401+00:00
2026-06-19,qf,Senegal,19.156,28,14.0,12.672,2026-07-04T15:36:54.152401+00:00
2026-06-19,qf,South Africa,0.622,28,2.2,1.991,2026-07-04T15:36:54.152401+00:00
2026-06-19,qf,South Korea,11.688,28,15.5,14.03,2026-07-04T15:36:54.152401+00:00
2026-06-19,qf,Spain,56.118,28,56.5,51.14,2026-07-04T15:36:54.152401+00:00
2026-06-19,qf,Sweden,13.598,28,16.0,14.482,2026-07-04T15:36:54.152401+00:00
2026-06-19,qf,Switzerland,30.386,28,26.0,23.533,2026-07-04T15:36:54.152401+00:00
2026-06-19,qf,Tunisia,0.276,28,1.9,1.72,2026-07-04T15:36:54.152401+00:00
2026-06-19,qf,Turkey,14.902,28,7.0,6.336,2026-07-04T15:36:54.152401+00:00
2026-06-19,qf,United States,26.064,28,40.5,36.658,2026-07-04T15:36:54.152401+00:00
2026-06-19,qf,Uruguay,21.588,28,16.5,14.935,2026-07-04T15:36:54.152401+00:00
2026-06-19,qf,Uzbekistan,1.19,28,1.05,0.95,2026-07-04T15:36:54.152401+00:00
2026-06-19,r16,Algeria,19.006,28,20.5,20.096,2026-07-04T15:36:54.152401+00:00
2026-06-19,r16,Argentina,66.166,28,73.5,72.05,2026-07-04T15:36:54.152401+00:00
2026-06-19,r16,Australia,32.87,28,35.5,34.8,2026-07-04T15:36:54.152401+00:00
2026-06-19,r16,Austria,31.604,28,29.0,28.428,2026-07-04T15:36:54.152401+00:00
2026-06-19,r16,Belgium,63.234,28,60.5,59.306,2026-07-04T15:36:54.152401+00:00
2026-06-19,r16,Bosnia and Herzegovina,20.87,28,16.5,16.174,2026-07-04T15:36:54.152401+00:00
2026-06-19,r16,Brazil,61.756,28,67.5,66.168,2026-07-04T15:36:54.152401+00:00
2026-06-19,r16,Canada,54.198,28,52.5,51.464,2026-07-04T15:36:54.152401+00:00
2026-06-19,r16,Cape Verde,10.0,28,6.15,6.029,2026-07-04T15:36:54.152401+00:00
2026-06-19,r16,Colombia,52.764,28,55.5,54.405,2026-07-04T15:36:54.152401+00:00
2026-06-19,r16,Croatia,43.486,28,36.5,35.78,2026-07-04T15:36:54.152401+00:00
2026-06-19,r16,Curacao,0.732,28,1.45,1.421,2026-07-04T15:36:54.152401+00:00
2026-06-19,r16,Czechia,11.03,28,10.5,10.293,2026-07-04T15:36:54.152401+00:00
2026-06-19,r16,DR Congo,13.876,28,19.5,19.115,2026-07-04T15:36:54.152401+00:00
2026-06-19,r16,Ecuador,40.132,28,35.0,34.31,2026-07-04T15:36:54.152401+00:00
2026-06-19,r16,Egypt,35.004,28,32.5,31.859,2026-07-04T15:36:54.152401+00:00
2026-06-19,r16,England,75.786,28,84.5,82.833,2026-07-04T15:36:54.152401+00:00
2026-06-19,r16,France,77.572,28,83.5,81.853,2026-07-04T15:36:54.152401+00:00
2026-06-19,r16,Germany,65.146,28,72.5,71.07,2026-07-04T15:36:54.152401+00:00
2026-06-19,r16,Ghana,15.554,28,25.0,24.507,2026-07-04T15:36:54.152401+00:00
2026-06-19,r16,Haiti,1.252,28,0.65,0.637,2026-07-04T15:36:54.152401+00:00
2026-06-19,r16,Iran,17.944,28,13.0,12.744,2026-07-04T15:36:54.152401+00:00
2026-06-19,r16,Iraq,0.37,28,2.8,2.745,2026-07-04T15:36:54.152401+00:00
2026-06-19,r16,Ivory Coast,39.78,28,38.0,37.25,2026-07-04T15:36:54.152401+00:00
2026-06-19,r16,Japan,35.802,28,42.0,41.171,2026-07-04T15:36:54.152401+00:00
2026-06-19,r16,Jordan,1.784,28,1.8,1.764,2026-07-04T15:36:54.152401+00:00
2026-06-19,r16,Mexico,48.678,28,61.5,60.287,2026-07-04T15:36:54.152401+00:00
2026-06-19,r16,Morocco,42.4,28,54.5,53.425,2026-07-04T15:36:54.152401+00:00
2026-06-19,r16,Netherlands,53.784,28,51.5,50.484,2026-07-04T15:36:54.152401+00:00
2026-06-19,r16,New Zealand,7.96,28,7.5,7.352,2026-07-04T15:36:54.152401+00:00
2026-06-19,r16,Norway,50.968,28,60.5,59.306,2026-07-04T15:36:54.152401+00:00
2026-06-19,r16,Panama,1.926,28,4.35,4.264,2026-07-04T15:36:54.152401+00:00
2026-06-19,r16,Paraguay,15.624,28,10.5,10.293,2026-07-04T15:36:54.152401+00:00
2026-06-19,r16,Portugal,64.272,28,69.0,67.639,2026-07-04T15:36:54.152401+00:00
2026-06-19,r16,Qatar,2.606,28,1.2,1.176,2026-07-04T15:36:54.152401+00:00
2026-06-19,r16,Saudi Arabia,5.814,28,9.0,8.822,2026-07-04T15:36:54.152401+00:00
2026-06-19,r16,Scotland,34.276,28,20.0,19.605,2026-07-04T15:36:54.152401+00:00
2026-06-19,r16,Senegal,37.236,28,29.0,28.428,2026-07-04T15:36:54.152401+00:00
2026-06-19,r16,South Africa,3.476,28,5.1,4.999,2026-07-04T15:36:54.152401+00:00
2026-06-19,r16,South Korea,35.826,28,40.0,39.211,2026-07-04T15:36:54.152401+00:00
2026-06-19,r16,Spain,74.666,28,71.5,70.089,2026-07-04T15:36:54.152401+00:00
2026-06-19,r16,Sweden,31.672,28,34.0,33.329,2026-07-04T15:36:54.152401+00:00
2026-06-19,r16,Switzerland,65.952,28,58.5,57.346,2026-07-04T15:36:54.152401+00:00
2026-06-19,r16,Tunisia,1.182,28,2.55,2.5,2026-07-04T15:36:54.152401+00:00
2026-06-19,r16,Turkey,33.41,28,22.5,22.056,2026-07-04T15:36:54.152401+00:00
2026-06-19,r16,United States,60.078,28,66.0,64.698,2026-07-04T15:36:54.152401+00:00
2026-06-19,r16,Uruguay,36.078,28,30.5,29.898,2026-07-04T15:36:54.152401+00:00
2026-06-19,r16,Uzbekistan,4.398,28,6.65,6.519,2026-07-04T15:36:54.152401+00:00
2026-06-19,sf,Algeria,2.374,28,2.3,1.88,2026-07-04T15:36:54.152401+00:00
2026-06-19,sf,Argentina,36.154,28,39.5,32.294,2026-07-04T15:36:54.152401+00:00
2026-06-19,sf,Australia,1.65,28,1.3,1.063,2026-07-04T15:36:54.152401+00:00
2026-06-19,sf,Austria,6.324,28,5.95,4.865,2026-07-04T15:36:54.152401+00:00
2026-06-19,sf,Belgium,14.268,28,14.0,11.446,2026-07-04T15:36:54.152401+00:00
2026-06-19,sf,Bosnia and Herzegovina,1.254,28,1.9,1.553,2026-07-04T15:36:54.152401+00:00
2026-06-19,sf,Brazil,21.748,28,24.0,19.622,2026-07-04T15:36:54.152401+00:00
2026-06-19,sf,Canada,5.66,28,3.5,2.862,2026-07-04T15:36:54.152401+00:00
2026-06-19,sf,Cape Verde,0.286,28,2.15,1.758,2026-07-04T15:36:54.152401+00:00
2026-06-19,sf,Colombia,11.734,28,16.0,13.081,2026-07-04T15:36:54.152401+00:00
2026-06-19,sf,Croatia,9.644,28,7.55,6.173,2026-07-04T15:36:54.152401+00:00
2026-06-19,sf,Curacao,0.006,28,0.3,0.245,2026-07-04T15:36:54.152401+00:00
2026-06-19,sf,Czechia,1.166,28,2.85,2.33,2026-07-04T15:36:54.152401+00:00
2026-06-19,sf,DR Congo,1.056,28,2.5,2.044,2026-07-04T15:36:54.152401+00:00
2026-06-19,sf,Ecuador,6.846,28,5.9,4.824,2026-07-04T15:36:54.152401+00:00
2026-06-19,sf,Egypt,2.624,28,2.7,2.207,2026-07-04T15:36:54.152401+00:00
2026-06-19,sf,England,36.438,28,40.0,32.703,2026-07-04T15:36:54.152401+00:00
2026-06-19,sf,France,39.592,28,46.0,37.609,2026-07-04T15:36:54.152401+00:00
2026-06-19,sf,Germany,18.382,28,27.0,22.075,2026-07-04T15:36:54.152401+00:00
2026-06-19,sf,Ghana,0.932,28,3.05,2.494,2026-07-04T15:36:54.152401+00:00
2026-06-19,sf,Haiti,0.022,28,0.4,0.327,2026-07-04T15:36:54.152401+00:00
2026-06-19,sf,Iran,0.814,28,2.15,1.758,2026-07-04T15:36:54.152401+00:00
2026-06-19,sf,Iraq,0.014,28,0.15,0.123,2026-07-04T15:36:54.152401+00:00
2026-06-19,sf,Ivory Coast,4.658,28,4.55,3.72,2026-07-04T15:36:54.152401+00:00
2026-06-19,sf,Japan,7.036,28,7.0,5.723,2026-07-04T15:36:54.152401+00:00
2026-06-19,sf,Jordan,0.05,28,1.8,1.472,2026-07-04T15:36:54.152401+00:00
2026-06-19,sf,Mexico,4.292,28,12.5,10.22,2026-07-04T15:36:54.152401+00:00
2026-06-19,sf,Morocco,7.932,28,17.5,14.308,2026-07-04T15:36:54.152401+00:00
2026-06-19,sf,Netherlands,17.932,28,20.0,16.352,2026-07-04T15:36:54.152401+00:00
2026-06-19,sf,New Zealand,0.126,28,1.4,1.145,2026-07-04T15:36:54.152401+00:00
2026-06-19,sf,Norway,11.08,28,19.5,15.943,2026-07-04T15:36:54.152401+00:00
2026-06-19,sf,Panama,0.092,28,0.6,0.491,2026-07-04T15:36:54.152401+00:00
2026-06-19,sf,Paraguay,1.382,28,2.05,1.676,2026-07-04T15:36:54.152401+00:00
2026-06-19,sf,Portugal,24.464,28,30.5,24.936,2026-07-04T15:36:54.152401+00:00
2026-06-19,sf,Qatar,0.022,28,0.6,0.491,2026-07-04T15:36:54.152401+00:00
2026-06-19,sf,Saudi Arabia,0.142,28,2.3,1.88,2026-07-04T15:36:54.152401+00:00
2026-06-19,sf,Scotland,3.546,28,15.2,12.427,2026-07-04T15:36:54.152401+00:00
2026-06-19,sf,Senegal,7.726,28,6.0,4.905,2026-07-04T15:36:54.152401+00:00
2026-06-19,sf,South Africa,0.084,28,2.15,1.758,2026-07-04T15:36:54.152401+00:00
2026-06-19,sf,South Korea,2.75,28,4.55,3.72,2026-07-04T15:36:54.152401+00:00
2026-06-19,sf,Spain,44.694,28,39.5,32.294,2026-07-04T15:36:54.152401+00:00
2026-06-19,sf,Sweden,4.478,28,4.9,4.006,2026-07-04T15:36:54.152401+00:00
2026-06-19,sf,Switzerland,11.544,28,8.5,6.949,2026-07-04T15:36:54.152401+00:00
2026-06-19,sf,Tunisia,0.056,28,1.1,0.899,2026-07-04T15:36:54.152401+00:00
2026-06-19,sf,Turkey,6.786,28,4.2,3.434,2026-07-04T15:36:54.152401+00:00
2026-06-19,sf,United States,8.17,28,22.5,18.396,2026-07-04T15:36:54.152401+00:00
2026-06-19,sf,Uruguay,11.67,28,7.5,6.132,2026-07-04T15:36:54.152401+00:00
2026-06-19,sf,Uzbekistan,0.3,28,1.7,1.39,2026-07-04T15:36:54.152401+00:00
2026-06-20,final,Algeria,0.618,32,1.35,1.125,2026-07-04T15:36:54.60098+00:00
2026-06-20,final,Argentina,21.676,32,22.5,18.758,2026-07-04T15:36:54.60098+00:00
2026-06-20,final,Australia,0.246,32,1.3,1.084,2026-07-04T15:36:54.60098+00:00
2026-06-20,final,Austria,2.096,32,1.45,1.209,2026-07-04T15:36:54.60098+00:00
2026-06-20,final,Belgium,5.864,32,5.5,4.585,2026-07-04T15:36:54.60098+00:00
2026-06-20,final,Bosnia and Herzegovina,0.232,32,1.0,0.834,2026-07-04T15:36:54.60098+00:00
2026-06-20,final,Brazil,12.282,32,13.5,11.255,2026-07-04T15:36:54.60098+00:00
2026-06-20,final,Canada,1.606,32,1.65,1.376,2026-07-04T15:36:54.60098+00:00
2026-06-20,final,Cape Verde,0.04,32,0.65,0.542,2026-07-04T15:36:54.60098+00:00
2026-06-20,final,Colombia,4.654,32,6.15,5.127,2026-07-04T15:36:54.60098+00:00
2026-06-20,final,Croatia,3.9,32,2.05,1.709,2026-07-04T15:36:54.60098+00:00
2026-06-20,final,Curacao,0.0,32,1.0,0.834,2026-07-04T15:36:54.60098+00:00
2026-06-20,final,Czechia,0.262,32,0.95,0.792,2026-07-04T15:36:54.60098+00:00
2026-06-20,final,DR Congo,0.206,32,0.5,0.417,2026-07-04T15:36:54.60098+00:00
2026-06-20,final,Ecuador,2.7,32,1.7,1.417,2026-07-04T15:36:54.60098+00:00
2026-06-20,final,Egypt,0.62,32,1.05,0.875,2026-07-04T15:36:54.60098+00:00
2026-06-20,final,England,22.026,32,25.5,21.259,2026-07-04T15:36:54.60098+00:00
2026-06-20,final,France,25.498,32,30.5,25.427,2026-07-04T15:36:54.60098+00:00
2026-06-20,final,Germany,9.916,32,12.5,10.421,2026-07-04T15:36:54.60098+00:00
2026-06-20,final,Ghana,0.162,32,1.55,1.292,2026-07-04T15:36:54.60098+00:00
2026-06-20,final,Haiti,0.0,32,,,2026-07-04T15:36:54.60098+00:00
2026-06-20,final,Iran,0.16,32,0.7,0.584,2026-07-04T15:36:54.60098+00:00
2026-06-20,final,Iraq,0.002,32,0.55,0.459,2026-07-04T15:36:54.60098+00:00
2026-06-20,final,Ivory Coast,1.548,32,2.8,2.334,2026-07-04T15:36:54.60098+00:00
2026-06-20,final,Japan,2.702,32,5.45,4.544,2026-07-04T15:36:54.60098+00:00
2026-06-20,final,Jordan,0.002,32,0.2,0.167,2026-07-04T15:36:54.60098+00:00
2026-06-20,final,Mexico,1.314,32,5.9,4.919,2026-07-04T15:36:54.60098+00:00
2026-06-20,final,Morocco,3.588,32,6.9,5.752,2026-07-04T15:36:54.60098+00:00
2026-06-20,final,Netherlands,9.15,32,12.5,10.421,2026-07-04T15:36:54.60098+00:00
2026-06-20,final,New Zealand,0.016,32,1.7,1.417,2026-07-04T15:36:54.60098+00:00
2026-06-20,final,Norway,4.598,32,7.5,6.253,2026-07-04T15:36:54.60098+00:00
2026-06-20,final,Panama,0.024,32,0.25,0.208,2026-07-04T15:36:54.60098+00:00
2026-06-20,final,Paraguay,0.826,32,1.3,1.084,2026-07-04T15:36:54.60098+00:00
2026-06-20,final,Portugal,13.248,32,14.5,12.088,2026-07-04T15:36:54.60098+00:00
2026-06-20,final,Qatar,0.0,32,0.85,0.709,2026-07-04T15:36:54.60098+00:00
2026-06-20,final,Saudi Arabia,0.01,32,1.1,0.917,2026-07-04T15:36:54.60098+00:00
2026-06-20,final,Scotland,0.928,32,1.35,1.125,2026-07-04T15:36:54.60098+00:00
2026-06-20,final,Senegal,3.102,32,1.85,1.542,2026-07-04T15:36:54.60098+00:00
2026-06-20,final,South Africa,0.008,32,0.6,0.5,2026-07-04T15:36:54.60098+00:00
2026-06-20,final,South Korea,0.78,32,1.35,1.125,2026-07-04T15:36:54.60098+00:00
2026-06-20,final,Spain,29.344,32,23.5,19.591,2026-07-04T15:36:54.60098+00:00
2026-06-20,final,Sweden,1.442,32,2.6,2.168,2026-07-04T15:36:54.60098+00:00
2026-06-20,final,Switzerland,4.524,32,2.2,1.834,2026-07-04T15:36:54.60098+00:00
2026-06-20,final,Tunisia,0.014,32,0.85,0.709,2026-07-04T15:36:54.60098+00:00
2026-06-20,final,Turkey,0.0,32,,,2026-07-04T15:36:54.60098+00:00
2026-06-20,final,United States,2.974,32,8.35,6.961,2026-07-04T15:36:54.60098+00:00
2026-06-20,final,Uruguay,5.03,32,2.15,1.792,2026-07-04T15:36:54.60098+00:00
2026-06-20,final,Uzbekistan,0.062,32,0.55,0.459,2026-07-04T15:36:54.60098+00:00
2026-06-20,qf,Algeria,7.548,32,7.0,6.428,2026-07-04T15:36:54.152401+00:00
2026-06-20,qf,Argentina,53.952,32,59.5,54.634,2026-07-04T15:36:54.152401+00:00
2026-06-20,qf,Australia,5.124,32,9.5,8.723,2026-07-04T15:36:54.152401+00:00
2026-06-20,qf,Austria,15.114,32,13.0,11.937,2026-07-04T15:36:54.152401+00:00
2026-06-20,qf,Belgium,35.65,32,33.5,30.76,2026-07-04T15:36:54.152401+00:00
2026-06-20,qf,Bosnia and Herzegovina,6.718,32,4.5,4.132,2026-07-04T15:36:54.152401+00:00
2026-06-20,qf,Brazil,40.484,32,42.0,38.565,2026-07-04T15:36:54.152401+00:00
2026-06-20,qf,Canada,19.598,32,18.5,16.987,2026-07-04T15:36:54.152401+00:00
2026-06-20,qf,Cape Verde,2.15,32,5.1,4.683,2026-07-04T15:36:54.60098+00:00
2026-06-20,qf,Colombia,26.56,32,32.0,29.383,2026-07-04T15:36:54.152401+00:00
2026-06-20,qf,Croatia,17.898,32,13.0,11.937,2026-07-04T15:36:54.152401+00:00
2026-06-20,qf,Curacao,0.082,32,0.35,0.321,2026-07-04T15:36:54.60098+00:00
2026-06-20,qf,Czechia,4.696,32,3.45,3.168,2026-07-04T15:36:54.152401+00:00
2026-06-20,qf,DR Congo,3.788,32,2.9,2.663,2026-07-04T15:36:54.60098+00:00
2026-06-20,qf,Ecuador,17.668,32,15.0,13.773,2026-07-04T15:36:54.152401+00:00
2026-06-20,qf,Egypt,10.642,32,11.0,10.1,2026-07-04T15:36:54.152401+00:00
2026-06-20,qf,England,57.408,32,61.0,56.011,2026-07-04T15:36:54.152401+00:00
2026-06-20,qf,France,56.44,32,61.5,56.471,2026-07-04T15:36:54.152401+00:00
2026-06-20,qf,Germany,33.198,32,40.5,37.188,2026-07-04T15:36:54.152401+00:00
2026-06-20,qf,Ghana,4.074,32,6.4,5.877,2026-07-04T15:36:54.60098+00:00
2026-06-20,qf,Haiti,0.0,32,,,2026-07-04T15:36:54.60098+00:00
2026-06-20,qf,Iran,4.114,32,3.5,3.214,2026-07-04T15:36:54.60098+00:00
2026-06-20,qf,Iraq,0.076,32,1.1,1.01,2026-07-04T15:36:54.60098+00:00
2026-06-20,qf,Ivory Coast,13.42,32,19.5,17.905,2026-07-04T15:36:54.152401+00:00
2026-06-20,qf,Japan,17.32,32,21.5,19.742,2026-07-04T15:36:54.152401+00:00
2026-06-20,qf,Jordan,0.354,32,1.15,1.056,2026-07-04T15:36:54.60098+00:00
2026-06-20,qf,Mexico,13.046,32,27.5,25.251,2026-07-04T15:36:54.152401+00:00
2026-06-20,qf,Morocco,24.638,32,29.5,27.088,2026-07-04T15:36:54.152401+00:00
2026-06-20,qf,Netherlands,34.356,32,42.0,38.565,2026-07-04T15:36:54.152401+00:00
2026-06-20,qf,New Zealand,1.156,32,2.45,2.25,2026-07-04T15:36:54.60098+00:00
2026-06-20,qf,Norway,25.536,32,34.0,31.22,2026-07-04T15:36:54.152401+00:00
2026-06-20,qf,Panama,0.5,32,1.55,1.423,2026-07-04T15:36:54.60098+00:00
2026-06-20,qf,Paraguay,8.34,32,8.7,7.989,2026-07-04T15:36:54.152401+00:00
2026-06-20,qf,Portugal,40.482,32,40.5,37.188,2026-07-04T15:36:54.152401+00:00
2026-06-20,qf,Qatar,0.392,32,1.35,1.24,2026-07-04T15:36:54.60098+00:00
2026-06-20,qf,Saudi Arabia,1.002,32,2.85,2.617,2026-07-04T15:36:54.60098+00:00
2026-06-20,qf,Scotland,9.11,32,7.0,6.428,2026-07-04T15:36:54.152401+00:00
2026-06-20,qf,Senegal,19.142,32,14.5,13.314,2026-07-04T15:36:54.152401+00:00
2026-06-20,qf,South Africa,0.614,32,2.35,2.158,2026-07-04T15:36:54.60098+00:00
2026-06-20,qf,South Korea,11.76,32,13.0,11.937,2026-07-04T15:36:54.152401+00:00
2026-06-20,qf,Spain,56.408,32,55.5,50.961,2026-07-04T15:36:54.152401+00:00
2026-06-20,qf,Sweden,13.226,32,12.5,11.478,2026-07-04T15:36:54.152401+00:00
2026-06-20,qf,Switzerland,30.266,32,25.5,23.415,2026-07-04T15:36:54.152401+00:00
2026-06-20,qf,Tunisia,0.256,32,2.0,1.836,2026-07-04T15:36:54.60098+00:00
2026-06-20,qf,Turkey,0.0,32,,,2026-07-04T15:36:54.60098+00:00
2026-06-20,qf,United States,32.248,32,43.5,39.943,2026-07-04T15:36:54.152401+00:00
2026-06-20,qf,Uruguay,22.242,32,17.5,16.069,2026-07-04T15:36:54.152401+00:00
2026-06-20,qf,Uzbekistan,1.204,32,1.05,0.964,2026-07-04T15:36:54.60098+00:00
2026-06-20,r16,Algeria,19.134,32,22.5,21.601,2026-07-04T15:36:54.152401+00:00
2026-06-20,r16,Argentina,66.184,32,75.5,72.483,2026-07-04T15:36:54.152401+00:00
2026-06-20,r16,Australia,31.104,32,36.5,35.041,2026-07-04T15:36:54.152401+00:00
2026-06-20,r16,Austria,31.878,32,32.5,31.201,2026-07-04T15:36:54.152401+00:00
2026-06-20,r16,Belgium,64.192,32,61.5,59.042,2026-07-04T15:36:54.152401+00:00
2026-06-20,r16,Bosnia and Herzegovina,19.694,32,20.5,19.681,2026-07-04T15:36:54.152401+00:00
2026-06-20,r16,Brazil,63.818,32,66.5,63.843,2026-07-04T15:36:54.152401+00:00
2026-06-20,r16,Canada,54.09,32,51.0,48.962,2026-07-04T15:36:54.152401+00:00
2026-06-20,r16,Cape Verde,9.878,32,7.75,7.44,2026-07-04T15:36:54.152401+00:00
2026-06-20,r16,Colombia,52.872,32,57.0,54.722,2026-07-04T15:36:54.152401+00:00
2026-06-20,r16,Croatia,43.646,32,36.0,34.561,2026-07-04T15:36:54.152401+00:00
2026-06-20,r16,Curacao,0.694,32,4.3,4.128,2026-07-04T15:36:54.152401+00:00
2026-06-20,r16,Czechia,10.814,32,10.0,9.6,2026-07-04T15:36:54.152401+00:00
2026-06-20,r16,DR Congo,13.922,32,16.0,15.361,2026-07-04T15:36:54.152401+00:00
2026-06-20,r16,Ecuador,41.38,32,35.5,34.081,2026-07-04T15:36:54.152401+00:00
2026-06-20,r16,Egypt,36.898,32,36.0,34.561,2026-07-04T15:36:54.152401+00:00
2026-06-20,r16,England,75.81,32,85.0,81.603,2026-07-04T15:36:54.152401+00:00
2026-06-20,r16,France,78.516,32,88.5,84.963,2026-07-04T15:36:54.152401+00:00
2026-06-20,r16,Germany,68.328,32,82.5,79.203,2026-07-04T15:36:54.152401+00:00
2026-06-20,r16,Ghana,15.366,32,23.5,22.561,2026-07-04T15:36:54.152401+00:00
2026-06-20,r16,Haiti,0.0,32,,,2026-07-04T15:36:54.152401+00:00
2026-06-20,r16,Iran,19.308,32,14.0,13.441,2026-07-04T15:36:54.152401+00:00
2026-06-20,r16,Iraq,0.332,32,2.45,2.352,2026-07-04T15:36:54.152401+00:00
2026-06-20,r16,Ivory Coast,41.238,32,37.0,35.521,2026-07-04T15:36:54.152401+00:00
2026-06-20,r16,Japan,34.676,32,38.5,36.961,2026-07-04T15:36:54.152401+00:00
2026-06-20,r16,Jordan,1.786,32,1.7,1.632,2026-07-04T15:36:54.152401+00:00
2026-06-20,r16,Mexico,48.824,32,66.5,63.843,2026-07-04T15:36:54.152401+00:00
2026-06-20,r16,Morocco,46.192,32,50.0,48.002,2026-07-04T15:36:54.152401+00:00
2026-06-20,r16,Netherlands,52.562,32,63.0,60.482,2026-07-04T15:36:54.152401+00:00
2026-06-20,r16,New Zealand,8.76,32,6.5,6.24,2026-07-04T15:36:54.152401+00:00
2026-06-20,r16,Norway,51.396,32,60.5,58.082,2026-07-04T15:36:54.152401+00:00
2026-06-20,r16,Panama,1.964,32,2.9,2.784,2026-07-04T15:36:54.152401+00:00
2026-06-20,r16,Paraguay,35.746,32,32.0,30.721,2026-07-04T15:36:54.152401+00:00
2026-06-20,r16,Portugal,64.284,32,66.5,63.843,2026-07-04T15:36:54.152401+00:00
2026-06-20,r16,Qatar,2.384,32,0.95,0.912,2026-07-04T15:36:54.152401+00:00
2026-06-20,r16,Saudi Arabia,5.672,32,8.5,8.16,2026-07-04T15:36:54.152401+00:00
2026-06-20,r16,Scotland,31.83,32,16.0,15.361,2026-07-04T15:36:54.152401+00:00
2026-06-20,r16,Senegal,37.56,32,29.0,27.841,2026-07-04T15:36:54.152401+00:00
2026-06-20,r16,South Africa,3.456,32,3.4,3.264,2026-07-04T15:36:54.152401+00:00
2026-06-20,r16,South Korea,36.112,32,40.0,38.402,2026-07-04T15:36:54.152401+00:00
2026-06-20,r16,Spain,74.678,32,77.0,73.923,2026-07-04T15:36:54.152401+00:00
2026-06-20,r16,Sweden,30.698,32,28.0,26.881,2026-07-04T15:36:54.152401+00:00
2026-06-20,r16,Switzerland,65.894,32,59.5,57.122,2026-07-04T15:36:54.152401+00:00
2026-06-20,r16,Tunisia,1.06,32,1.6,1.536,2026-07-04T15:36:54.152401+00:00
2026-06-20,r16,Turkey,0.0,32,,,2026-07-04T15:36:54.152401+00:00
2026-06-20,r16,United States,64.888,32,76.0,72.963,2026-07-04T15:36:54.152401+00:00
2026-06-20,r16,Uruguay,36.052,32,31.5,30.241,2026-07-04T15:36:54.152401+00:00
2026-06-20,r16,Uzbekistan,4.43,32,5.05,4.848,2026-07-04T15:36:54.152401+00:00
2026-06-20,sf,Algeria,2.4,32,2.1,1.841,2026-07-04T15:36:54.60098+00:00
2026-06-20,sf,Argentina,37.28,32,40.0,35.072,2026-07-04T15:36:54.60098+00:00
2026-06-20,sf,Australia,1.352,32,2.05,1.797,2026-07-04T15:36:54.60098+00:00
2026-06-20,sf,Austria,6.424,32,5.95,5.217,2026-07-04T15:36:54.60098+00:00
2026-06-20,sf,Belgium,14.376,32,13.5,11.837,2026-07-04T15:36:54.60098+00:00
2026-06-20,sf,Bosnia and Herzegovina,1.184,32,1.4,1.228,2026-07-04T15:36:54.60098+00:00
2026-06-20,sf,Brazil,22.354,32,22.5,19.728,2026-07-04T15:36:54.60098+00:00
2026-06-20,sf,Canada,5.726,32,4.25,3.726,2026-07-04T15:36:54.60098+00:00
2026-06-20,sf,Cape Verde,0.29,32,2.15,1.885,2026-07-04T15:36:54.60098+00:00
2026-06-20,sf,Colombia,11.702,32,15.0,13.152,2026-07-04T15:36:54.60098+00:00
2026-06-20,sf,Croatia,9.686,32,7.2,6.313,2026-07-04T15:36:54.60098+00:00
2026-06-20,sf,Curacao,0.01,32,0.3,0.263,2026-07-04T15:36:54.60098+00:00
2026-06-20,sf,Czechia,1.116,32,2.15,1.885,2026-07-04T15:36:54.60098+00:00
2026-06-20,sf,DR Congo,1.05,32,2.0,1.754,2026-07-04T15:36:54.60098+00:00
2026-06-20,sf,Ecuador,7.078,32,5.85,5.129,2026-07-04T15:36:54.60098+00:00
2026-06-20,sf,Egypt,2.744,32,2.5,2.192,2026-07-04T15:36:54.60098+00:00
2026-06-20,sf,England,36.244,32,38.5,33.757,2026-07-04T15:36:54.60098+00:00
2026-06-20,sf,France,40.442,32,45.0,39.456,2026-07-04T15:36:54.60098+00:00
2026-06-20,sf,Germany,19.128,32,27.0,23.674,2026-07-04T15:36:54.60098+00:00
2026-06-20,sf,Ghana,0.91,32,3.05,2.674,2026-07-04T15:36:54.60098+00:00
2026-06-20,sf,Haiti,0.0,32,,,2026-07-04T15:36:54.60098+00:00
2026-06-20,sf,Iran,0.876,32,1.2,1.052,2026-07-04T15:36:54.60098+00:00
2026-06-20,sf,Iraq,0.01,32,0.15,0.132,2026-07-04T15:36:54.60098+00:00
2026-06-20,sf,Ivory Coast,4.72,32,5.15,4.516,2026-07-04T15:36:54.60098+00:00
2026-06-20,sf,Japan,6.856,32,11.0,9.645,2026-07-04T15:36:54.60098+00:00
2026-06-20,sf,Jordan,0.05,32,1.1,0.964,2026-07-04T15:36:54.60098+00:00
2026-06-20,sf,Mexico,4.144,32,11.5,10.083,2026-07-04T15:36:54.60098+00:00
2026-06-20,sf,Morocco,9.06,32,14.5,12.714,2026-07-04T15:36:54.60098+00:00
2026-06-20,sf,Netherlands,17.616,32,24.0,21.043,2026-07-04T15:36:54.60098+00:00
2026-06-20,sf,New Zealand,0.138,32,1.4,1.228,2026-07-04T15:36:54.60098+00:00
2026-06-20,sf,Norway,11.06,32,17.5,15.344,2026-07-04T15:36:54.60098+00:00
2026-06-20,sf,Panama,0.1,32,1.8,1.578,2026-07-04T15:36:54.60098+00:00
2026-06-20,sf,Paraguay,2.994,32,1.6,1.403,2026-07-04T15:36:54.60098+00:00
2026-06-20,sf,Portugal,24.524,32,26.5,23.235,2026-07-04T15:36:54.60098+00:00
2026-06-20,sf,Qatar,0.02,32,0.6,0.526,2026-07-04T15:36:54.60098+00:00
2026-06-20,sf,Saudi Arabia,0.142,32,1.15,1.008,2026-07-04T15:36:54.60098+00:00
2026-06-20,sf,Scotland,3.028,32,1.85,1.622,2026-07-04T15:36:54.60098+00:00
2026-06-20,sf,Senegal,7.728,32,5.05,4.428,2026-07-04T15:36:54.60098+00:00
2026-06-20,sf,South Africa,0.088,32,1.6,1.403,2026-07-04T15:36:54.60098+00:00
2026-06-20,sf,South Korea,2.774,32,4.0,3.507,2026-07-04T15:36:54.60098+00:00
2026-06-20,sf,Spain,44.924,32,40.5,35.511,2026-07-04T15:36:54.60098+00:00
2026-06-20,sf,Sweden,4.368,32,3.05,2.674,2026-07-04T15:36:54.60098+00:00
2026-06-20,sf,Switzerland,11.544,32,9.2,8.067,2026-07-04T15:36:54.60098+00:00
2026-06-20,sf,Tunisia,0.058,32,1.0,0.877,2026-07-04T15:36:54.60098+00:00
2026-06-20,sf,Turkey,0.0,32,,,2026-07-04T15:36:54.60098+00:00
2026-06-20,sf,United States,9.406,32,20.5,17.975,2026-07-04T15:36:54.60098+00:00
2026-06-20,sf,Uruguay,11.982,32,7.0,6.138,2026-07-04T15:36:54.60098+00:00
2026-06-20,sf,Uzbekistan,0.294,32,0.85,0.745,2026-07-04T15:36:54.60098+00:00
2026-06-21,final,Algeria,0.642,36,1.55,1.257,2026-07-04T15:36:54.60098+00:00
2026-06-21,final,Argentina,21.75,36,23.5,19.051,2026-07-04T15:36:54.60098+00:00
2026-06-21,final,Australia,0.25,36,1.55,1.257,2026-07-04T15:36:54.60098+00:00
2026-06-21,final,Austria,2.148,36,1.45,1.176,2026-07-04T15:36:54.60098+00:00
2026-06-21,final,Belgium,5.868,36,4.5,3.648,2026-07-04T15:36:54.60098+00:00
2026-06-21,final,Bosnia and Herzegovina,0.226,36,1.1,0.892,2026-07-04T15:36:54.60098+00:00
2026-06-21,final,Brazil,12.278,36,13.5,10.944,2026-07-04T15:36:54.60098+00:00
2026-06-21,final,Canada,1.57,36,1.0,0.811,2026-07-04T15:36:54.60098+00:00
2026-06-21,final,Cape Verde,0.036,36,0.9,0.73,2026-07-04T15:36:54.60098+00:00
2026-06-21,final,Colombia,4.78,36,5.5,4.459,2026-07-04T15:36:54.60098+00:00
2026-06-21,final,Croatia,3.886,36,1.95,1.581,2026-07-04T15:36:54.60098+00:00
2026-06-21,final,Curacao,0.0,36,1.05,0.851,2026-07-04T15:36:54.60098+00:00
2026-06-21,final,Czechia,0.28,36,0.95,0.77,2026-07-04T15:36:54.60098+00:00
2026-06-21,final,DR Congo,0.214,36,0.5,0.405,2026-07-04T15:36:54.60098+00:00
2026-06-21,final,Ecuador,0.97,36,1.75,1.419,2026-07-04T15:36:54.60098+00:00
2026-06-21,final,Egypt,0.626,36,1.35,1.094,2026-07-04T15:36:54.60098+00:00
2026-06-21,final,England,22.878,36,25.5,20.673,2026-07-04T15:36:54.60098+00:00
2026-06-21,final,France,24.244,36,32.5,26.348,2026-07-04T15:36:54.60098+00:00
2026-06-21,final,Germany,10.492,36,14.5,11.755,2026-07-04T15:36:54.60098+00:00
2026-06-21,final,Ghana,0.176,36,1.85,1.5,2026-07-04T15:36:54.60098+00:00
2026-06-21,final,Haiti,0.0,36,,,2026-07-04T15:36:54.60098+00:00
2026-06-21,final,Iran,0.168,36,0.7,0.567,2026-07-04T15:36:54.60098+00:00
2026-06-21,final,Iraq,0.004,36,0.55,0.446,2026-07-04T15:36:54.60098+00:00
2026-06-21,final,Ivory Coast,1.386,36,1.6,1.297,2026-07-04T15:36:54.60098+00:00
2026-06-21,final,Japan,3.12,36,5.95,4.824,2026-07-04T15:36:54.60098+00:00
2026-06-21,final,Jordan,0.01,36,0.2,0.162,2026-07-04T15:36:54.60098+00:00
2026-06-21,final,Mexico,1.436,36,5.85,4.743,2026-07-04T15:36:54.60098+00:00
2026-06-21,final,Morocco,3.28,36,6.6,5.351,2026-07-04T15:36:54.60098+00:00
2026-06-21,final,Netherlands,10.102,36,13.5,10.944,2026-07-04T15:36:54.60098+00:00
2026-06-21,final,New Zealand,0.014,36,1.8,1.459,2026-07-04T15:36:54.60098+00:00
2026-06-21,final,Norway,4.876,36,7.5,6.08,2026-07-04T15:36:54.60098+00:00
2026-06-21,final,Panama,0.024,36,0.25,0.203,2026-07-04T15:36:54.60098+00:00
2026-06-21,final,Paraguay,0.796,36,1.15,0.932,2026-07-04T15:36:54.60098+00:00
2026-06-21,final,Portugal,13.58,36,15.5,12.566,2026-07-04T15:36:54.60098+00:00
2026-06-21,final,Qatar,0.0,36,0.85,0.689,2026-07-04T15:36:54.60098+00:00
2026-06-21,final,Saudi Arabia,0.01,36,0.75,0.608,2026-07-04T15:36:54.60098+00:00
2026-06-21,final,Scotland,0.99,36,1.5,1.216,2026-07-04T15:36:54.60098+00:00
2026-06-21,final,Senegal,3.386,36,1.75,1.419,2026-07-04T15:36:54.60098+00:00
2026-06-21,final,South Africa,0.01,36,0.6,0.486,2026-07-04T15:36:54.60098+00:00
2026-06-21,final,South Korea,0.692,36,1.4,1.135,2026-07-04T15:36:54.60098+00:00
2026-06-21,final,Spain,29.262,36,27.5,22.294,2026-07-04T15:36:54.60098+00:00
2026-06-21,final,Sweden,1.202,36,1.85,1.5,2026-07-04T15:36:54.60098+00:00
2026-06-21,final,Switzerland,4.33,36,2.3,1.865,2026-07-04T15:36:54.60098+00:00
2026-06-21,final,Tunisia,0.0,36,,,2026-07-04T15:36:54.60098+00:00
2026-06-21,final,Turkey,0.0,36,,,2026-07-04T15:36:54.60098+00:00
2026-06-21,final,United States,2.868,36,7.65,6.202,2026-07-04T15:36:54.60098+00:00
2026-06-21,final,Uruguay,5.06,36,2.4,1.946,2026-07-04T15:36:54.60098+00:00
2026-06-21,final,Uzbekistan,0.08,36,0.55,0.446,2026-07-04T15:36:54.60098+00:00
2026-06-21,qf,Algeria,8.048,36,5.5,5.186,2026-07-04T15:36:54.60098+00:00
2026-06-21,qf,Argentina,53.964,36,59.5,56.102,2026-07-04T15:36:54.60098+00:00
2026-06-21,qf,Australia,5.048,36,8.0,7.543,2026-07-04T15:36:54.60098+00:00
2026-06-21,qf,Austria,15.516,36,13.0,12.258,2026-07-04T15:36:54.60098+00:00
2026-06-21,qf,Belgium,35.86,36,22.0,20.744,2026-07-04T15:36:54.60098+00:00
2026-06-21,qf,Bosnia and Herzegovina,6.74,36,4.3,4.054,2026-07-04T15:36:54.60098+00:00
2026-06-21,qf,Brazil,40.464,36,46.0,43.373,2026-07-04T15:36:54.60098+00:00
2026-06-21,qf,Canada,19.388,36,18.5,17.444,2026-07-04T15:36:54.60098+00:00
2026-06-21,qf,Cape Verde,2.136,36,4.9,4.62,2026-07-04T15:36:54.60098+00:00
2026-06-21,qf,Colombia,27.438,36,31.5,29.701,2026-07-04T15:36:54.60098+00:00
2026-06-21,qf,Croatia,18.172,36,12.0,11.315,2026-07-04T15:36:54.60098+00:00
2026-06-21,qf,Curacao,0.122,36,0.4,0.377,2026-07-04T15:36:54.60098+00:00
2026-06-21,qf,Czechia,5.016,36,1.95,1.839,2026-07-04T15:36:54.60098+00:00
2026-06-21,qf,DR Congo,3.978,36,3.3,3.112,2026-07-04T15:36:54.60098+00:00
2026-06-21,qf,Ecuador,5.89,36,4.0,3.772,2026-07-04T15:36:54.60098+00:00
2026-06-21,qf,Egypt,10.724,36,10.5,9.9,2026-07-04T15:36:54.60098+00:00
2026-06-21,qf,England,58.692,36,63.5,59.874,2026-07-04T15:36:54.60098+00:00
2026-06-21,qf,France,54.83,36,62.5,58.931,2026-07-04T15:36:54.60098+00:00
2026-06-21,qf,Germany,34.438,36,42.0,39.602,2026-07-04T15:36:54.60098+00:00
2026-06-21,qf,Ghana,4.63,36,5.8,5.469,2026-07-04T15:36:54.60098+00:00
2026-06-21,qf,Haiti,0.0,36,,,2026-07-04T15:36:54.60098+00:00
2026-06-21,qf,Iran,4.158,36,4.75,4.479,2026-07-04T15:36:54.60098+00:00
2026-06-21,qf,Iraq,0.118,36,1.1,1.037,2026-07-04T15:36:54.60098+00:00
2026-06-21,qf,Ivory Coast,12.624,36,13.5,12.729,2026-07-04T15:36:54.60098+00:00
2026-06-21,qf,Japan,19.566,36,28.0,26.401,2026-07-04T15:36:54.60098+00:00
2026-06-21,qf,Jordan,0.44,36,1.15,1.084,2026-07-04T15:36:54.60098+00:00
2026-06-21,qf,Mexico,13.964,36,27.0,25.458,2026-07-04T15:36:54.60098+00:00
2026-06-21,qf,Morocco,23.036,36,28.5,26.873,2026-07-04T15:36:54.60098+00:00
2026-06-21,qf,Netherlands,39.932,36,43.5,41.016,2026-07-04T15:36:54.60098+00:00
2026-06-21,qf,New Zealand,1.186,36,2.9,2.734,2026-07-04T15:36:54.60098+00:00
2026-06-21,qf,Norway,27.47,36,34.0,32.058,2026-07-04T15:36:54.60098+00:00
2026-06-21,qf,Panama,0.542,36,1.1,1.037,2026-07-04T15:36:54.60098+00:00
2026-06-21,qf,Paraguay,8.144,36,6.5,6.129,2026-07-04T15:36:54.60098+00:00
2026-06-21,qf,Portugal,41.356,36,41.5,39.13,2026-07-04T15:36:54.60098+00:00
2026-06-21,qf,Qatar,0.394,36,0.6,0.566,2026-07-04T15:36:54.60098+00:00
2026-06-21,qf,Saudi Arabia,1.0,36,2.95,2.782,2026-07-04T15:36:54.60098+00:00
2026-06-21,qf,Scotland,9.736,36,7.5,7.072,2026-07-04T15:36:54.60098+00:00
2026-06-21,qf,Senegal,20.862,36,14.0,13.201,2026-07-04T15:36:54.60098+00:00
2026-06-21,qf,South Africa,0.578,36,2.2,2.074,2026-07-04T15:36:54.60098+00:00
2026-06-21,qf,South Korea,11.172,36,11.5,10.843,2026-07-04T15:36:54.60098+00:00
2026-06-21,qf,Spain,56.414,36,64.5,60.817,2026-07-04T15:36:54.60098+00:00
2026-06-21,qf,Sweden,10.464,36,10.0,9.429,2026-07-04T15:36:54.60098+00:00
2026-06-21,qf,Switzerland,29.46,36,23.5,22.158,2026-07-04T15:36:54.60098+00:00
2026-06-21,qf,Tunisia,0.0,36,,,2026-07-04T15:36:54.60098+00:00
2026-06-21,qf,Turkey,0.0,36,,,2026-07-04T15:36:54.60098+00:00
2026-06-21,qf,United States,32.502,36,47.5,44.788,2026-07-04T15:36:54.60098+00:00
2026-06-21,qf,Uruguay,22.432,36,10.5,9.9,2026-07-04T15:36:54.60098+00:00
2026-06-21,qf,Uzbekistan,1.356,36,1.05,0.99,2026-07-04T15:36:54.60098+00:00
2026-06-21,r16,Algeria,20.162,36,22.5,22.106,2026-07-04T15:36:54.60098+00:00
2026-06-21,r16,Argentina,66.188,36,78.0,76.633,2026-07-04T15:36:54.60098+00:00
2026-06-21,r16,Australia,30.7,36,33.0,32.421,2026-07-04T15:36:54.60098+00:00
2026-06-21,r16,Austria,32.356,36,30.5,29.965,2026-07-04T15:36:54.60098+00:00
2026-06-21,r16,Belgium,64.416,36,53.5,52.562,2026-07-04T15:36:54.60098+00:00
2026-06-21,r16,Bosnia and Herzegovina,19.77,36,19.0,18.667,2026-07-04T15:36:54.60098+00:00
2026-06-21,r16,Brazil,62.642,36,64.5,63.369,2026-07-04T15:36:54.60098+00:00
2026-06-21,r16,Canada,54.822,36,51.5,50.597,2026-07-04T15:36:54.60098+00:00
2026-06-21,r16,Cape Verde,10.484,36,7.25,7.123,2026-07-04T15:36:54.60098+00:00
2026-06-21,r16,Colombia,53.932,36,56.5,55.51,2026-07-04T15:36:54.60098+00:00
2026-06-21,r16,Croatia,44.062,36,34.5,33.895,2026-07-04T15:36:54.60098+00:00
2026-06-21,r16,Curacao,1.16,36,1.6,1.572,2026-07-04T15:36:54.60098+00:00
2026-06-21,r16,Czechia,11.414,36,8.5,8.351,2026-07-04T15:36:54.60098+00:00
2026-06-21,r16,DR Congo,14.164,36,15.5,15.228,2026-07-04T15:36:54.60098+00:00
2026-06-21,r16,Ecuador,12.904,36,10.0,9.825,2026-07-04T15:36:54.60098+00:00
2026-06-21,r16,Egypt,37.134,36,32.5,31.93,2026-07-04T15:36:54.60098+00:00
2026-06-21,r16,England,76.438,36,84.5,83.019,2026-07-04T15:36:54.60098+00:00
2026-06-21,r16,France,80.216,36,86.5,84.984,2026-07-04T15:36:54.60098+00:00
2026-06-21,r16,Germany,74.46,36,80.0,78.598,2026-07-04T15:36:54.60098+00:00
2026-06-21,r16,Ghana,16.564,36,18.5,18.176,2026-07-04T15:36:54.60098+00:00
2026-06-21,r16,Haiti,0.0,36,,,2026-07-04T15:36:54.60098+00:00
2026-06-21,r16,Iran,19.624,36,31.0,30.457,2026-07-04T15:36:54.60098+00:00
2026-06-21,r16,Iraq,0.474,36,8.8,8.646,2026-07-04T15:36:54.60098+00:00
2026-06-21,r16,Ivory Coast,36.01,36,36.5,35.86,2026-07-04T15:36:54.60098+00:00
2026-06-21,r16,Japan,39.574,36,47.5,46.667,2026-07-04T15:36:54.60098+00:00
2026-06-21,r16,Jordan,2.094,36,1.45,1.425,2026-07-04T15:36:54.60098+00:00
2026-06-21,r16,Mexico,52.162,36,66.5,65.334,2026-07-04T15:36:54.60098+00:00
2026-06-21,r16,Morocco,42.938,36,50.5,49.615,2026-07-04T15:36:54.60098+00:00
2026-06-21,r16,Netherlands,58.392,36,60.5,59.439,2026-07-04T15:36:54.60098+00:00
2026-06-21,r16,New Zealand,8.932,36,8.0,7.86,2026-07-04T15:36:54.60098+00:00
2026-06-21,r16,Norway,56.2,36,60.5,59.439,2026-07-04T15:36:54.60098+00:00
2026-06-21,r16,Panama,2.116,36,2.85,2.8,2026-07-04T15:36:54.60098+00:00
2026-06-21,r16,Paraguay,34.762,36,30.5,29.965,2026-07-04T15:36:54.60098+00:00
2026-06-21,r16,Portugal,65.212,36,68.5,67.299,2026-07-04T15:36:54.60098+00:00
2026-06-21,r16,Qatar,2.396,36,2.7,2.653,2026-07-04T15:36:54.60098+00:00
2026-06-21,r16,Saudi Arabia,6.006,36,5.0,4.912,2026-07-04T15:36:54.60098+00:00
2026-06-21,r16,Scotland,33.686,36,18.0,17.684,2026-07-04T15:36:54.60098+00:00
2026-06-21,r16,Senegal,41.312,36,30.5,29.965,2026-07-04T15:36:54.60098+00:00
2026-06-21,r16,South Africa,3.49,36,3.6,3.537,2026-07-04T15:36:54.60098+00:00
2026-06-21,r16,South Korea,36.452,36,38.0,37.334,2026-07-04T15:36:54.60098+00:00
2026-06-21,r16,Spain,74.778,36,80.5,79.089,2026-07-04T15:36:54.60098+00:00
2026-06-21,r16,Sweden,26.548,36,24.0,23.579,2026-07-04T15:36:54.60098+00:00
2026-06-21,r16,Switzerland,66.336,36,59.5,58.457,2026-07-04T15:36:54.60098+00:00
2026-06-21,r16,Tunisia,0.0,36,,,2026-07-04T15:36:54.60098+00:00
2026-06-21,r16,Turkey,0.0,36,,,2026-07-04T15:36:54.60098+00:00
2026-06-21,r16,United States,65.286,36,74.5,73.194,2026-07-04T15:36:54.60098+00:00
2026-06-21,r16,Uruguay,36.504,36,26.5,26.035,2026-07-04T15:36:54.60098+00:00
2026-06-21,r16,Uzbekistan,4.728,36,4.3,4.225,2026-07-04T15:36:54.60098+00:00
2026-06-21,sf,Algeria,2.528,36,1.95,1.776,2026-07-04T15:36:54.60098+00:00
2026-06-21,sf,Argentina,37.378,36,38.0,34.608,2026-07-04T15:36:54.60098+00:00
2026-06-21,sf,Australia,1.304,36,2.45,2.231,2026-07-04T15:36:54.60098+00:00
2026-06-21,sf,Austria,6.594,36,4.8,4.372,2026-07-04T15:36:54.60098+00:00
2026-06-21,sf,Belgium,14.432,36,11.5,10.474,2026-07-04T15:36:54.60098+00:00
2026-06-21,sf,Bosnia and Herzegovina,1.174,36,0.9,0.82,2026-07-04T15:36:54.60098+00:00
2026-06-21,sf,Brazil,22.392,36,22.0,20.036,2026-07-04T15:36:54.60098+00:00
2026-06-21,sf,Canada,5.558,36,4.15,3.78,2026-07-04T15:36:54.60098+00:00
2026-06-21,sf,Cape Verde,0.278,36,1.55,1.412,2026-07-04T15:36:54.60098+00:00
2026-06-21,sf,Colombia,12.12,36,14.0,12.75,2026-07-04T15:36:54.60098+00:00
2026-06-21,sf,Croatia,9.86,36,5.05,4.599,2026-07-04T15:36:54.60098+00:00
2026-06-21,sf,Curacao,0.018,36,0.15,0.137,2026-07-04T15:36:54.60098+00:00
2026-06-21,sf,Czechia,1.162,36,2.0,1.821,2026-07-04T15:36:54.60098+00:00
2026-06-21,sf,DR Congo,1.116,36,1.65,1.503,2026-07-04T15:36:54.60098+00:00
2026-06-21,sf,Ecuador,2.364,36,2.35,2.14,2026-07-04T15:36:54.60098+00:00
2026-06-21,sf,Egypt,2.78,36,2.8,2.55,2026-07-04T15:36:54.60098+00:00
2026-06-21,sf,England,37.614,36,40.0,36.43,2026-07-04T15:36:54.60098+00:00
2026-06-21,sf,France,38.466,36,46.0,41.894,2026-07-04T15:36:54.60098+00:00
2026-06-21,sf,Germany,20.404,36,27.5,25.046,2026-07-04T15:36:54.60098+00:00
2026-06-21,sf,Ghana,1.024,36,2.55,2.322,2026-07-04T15:36:54.60098+00:00
2026-06-21,sf,Haiti,0.0,36,,,2026-07-04T15:36:54.60098+00:00
2026-06-21,sf,Iran,0.896,36,1.2,1.093,2026-07-04T15:36:54.60098+00:00
2026-06-21,sf,Iraq,0.018,36,0.15,0.137,2026-07-04T15:36:54.60098+00:00
2026-06-21,sf,Ivory Coast,4.19,36,2.35,2.14,2026-07-04T15:36:54.60098+00:00
2026-06-21,sf,Japan,7.786,36,12.5,11.384,2026-07-04T15:36:54.60098+00:00
2026-06-21,sf,Jordan,0.064,36,1.15,1.047,2026-07-04T15:36:54.60098+00:00
2026-06-21,sf,Mexico,4.538,36,13.0,11.84,2026-07-04T15:36:54.60098+00:00
2026-06-21,sf,Morocco,8.35,36,13.5,12.295,2026-07-04T15:36:54.60098+00:00
2026-06-21,sf,Netherlands,19.468,36,24.0,21.858,2026-07-04T15:36:54.60098+00:00
2026-06-21,sf,New Zealand,0.142,36,1.2,1.093,2026-07-04T15:36:54.60098+00:00
2026-06-21,sf,Norway,11.784,36,16.0,14.572,2026-07-04T15:36:54.60098+00:00
2026-06-21,sf,Panama,0.106,36,0.5,0.455,2026-07-04T15:36:54.60098+00:00
2026-06-21,sf,Paraguay,2.904,36,0.6,0.546,2026-07-04T15:36:54.60098+00:00
2026-06-21,sf,Portugal,25.074,36,25.0,22.769,2026-07-04T15:36:54.60098+00:00
2026-06-21,sf,Qatar,0.022,36,0.45,0.41,2026-07-04T15:36:54.60098+00:00
2026-06-21,sf,Saudi Arabia,0.142,36,1.25,1.138,2026-07-04T15:36:54.60098+00:00
2026-06-21,sf,Scotland,3.202,36,1.1,1.002,2026-07-04T15:36:54.60098+00:00
2026-06-21,sf,Senegal,8.404,36,4.15,3.78,2026-07-04T15:36:54.60098+00:00
2026-06-21,sf,South Africa,0.082,36,1.4,1.275,2026-07-04T15:36:54.60098+00:00
2026-06-21,sf,South Korea,2.556,36,3.6,3.279,2026-07-04T15:36:54.60098+00:00
2026-06-21,sf,Spain,45.064,36,44.0,40.073,2026-07-04T15:36:54.60098+00:00
2026-06-21,sf,Sweden,3.64,36,3.15,2.869,2026-07-04T15:36:54.60098+00:00
2026-06-21,sf,Switzerland,11.066,36,9.05,8.242,2026-07-04T15:36:54.60098+00:00
2026-06-21,sf,Tunisia,0.0,36,,,2026-07-04T15:36:54.60098+00:00
2026-06-21,sf,Turkey,0.0,36,,,2026-07-04T15:36:54.60098+00:00
2026-06-21,sf,United States,9.484,36,20.5,18.67,2026-07-04T15:36:54.60098+00:00
2026-06-21,sf,Uruguay,12.11,36,7.5,6.831,2026-07-04T15:36:54.60098+00:00
2026-06-21,sf,Uzbekistan,0.342,36,0.55,0.501,2026-07-04T15:36:54.60098+00:00
2026-06-22,final,Algeria,0.616,40,1.45,1.184,2026-07-04T15:36:54.60098+00:00
2026-06-22,final,Argentina,25.53,40,28.0,22.862,2026-07-04T15:36:54.60098+00:00
2026-06-22,final,Australia,0.236,40,1.75,1.429,2026-07-04T15:36:54.60098+00:00
2026-06-22,final,Austria,2.248,40,1.3,1.061,2026-07-04T15:36:54.60098+00:00
2026-06-22,final,Belgium,5.386,40,3.55,2.899,2026-07-04T15:36:54.60098+00:00
2026-06-22,final,Bosnia and Herzegovina,0.226,40,0.65,0.531,2026-07-04T15:36:54.60098+00:00
2026-06-22,final,Brazil,12.266,40,13.5,11.023,2026-07-04T15:36:54.60098+00:00
2026-06-22,final,Canada,1.562,40,1.0,0.816,2026-07-04T15:36:54.60098+00:00
2026-06-22,final,Cape Verde,0.058,40,0.8,0.653,2026-07-04T15:36:54.60098+00:00
2026-06-22,final,Colombia,4.714,40,4.95,4.042,2026-07-04T15:36:54.60098+00:00
2026-06-22,final,Croatia,3.768,40,2.15,1.755,2026-07-04T15:36:54.60098+00:00
2026-06-22,final,Curacao,0.0,40,0.6,0.49,2026-07-04T15:36:54.60098+00:00
2026-06-22,final,Czechia,0.316,40,0.9,0.735,2026-07-04T15:36:54.60098+00:00
2026-06-22,final,DR Congo,0.2,40,0.55,0.449,2026-07-04T15:36:54.60098+00:00
2026-06-22,final,Ecuador,0.914,40,1.5,1.225,2026-07-04T15:36:54.60098+00:00
2026-06-22,final,Egypt,0.798,40,1.25,1.021,2026-07-04T15:36:54.60098+00:00
2026-06-22,final,England,22.158,40,24.5,20.004,2026-07-04T15:36:54.60098+00:00
2026-06-22,final,France,23.802,40,34.5,28.169,2026-07-04T15:36:54.60098+00:00
2026-06-22,final,Germany,10.308,40,14.5,11.839,2026-07-04T15:36:54.60098+00:00
2026-06-22,final,Ghana,0.178,40,1.5,1.225,2026-07-04T15:36:54.60098+00:00
2026-06-22,final,Haiti,0.0,40,,,2026-07-04T15:36:54.60098+00:00
2026-06-22,final,Iran,0.204,40,0.65,0.531,2026-07-04T15:36:54.60098+00:00
2026-06-22,final,Iraq,0.0,40,0.4,0.327,2026-07-04T15:36:54.60098+00:00
2026-06-22,final,Ivory Coast,1.378,40,1.75,1.429,2026-07-04T15:36:54.60098+00:00
2026-06-22,final,Japan,3.054,40,5.55,4.532,2026-07-04T15:36:54.60098+00:00
2026-06-22,final,Jordan,0.012,40,0.3,0.245,2026-07-04T15:36:54.60098+00:00
2026-06-22,final,Mexico,1.304,40,4.75,3.878,2026-07-04T15:36:54.60098+00:00
2026-06-22,final,Morocco,3.194,40,5.95,4.858,2026-07-04T15:36:54.60098+00:00
2026-06-22,final,Netherlands,9.934,40,13.5,11.023,2026-07-04T15:36:54.60098+00:00
2026-06-22,final,New Zealand,0.002,40,0.25,0.204,2026-07-04T15:36:54.60098+00:00
2026-06-22,final,Norway,4.894,40,7.5,6.124,2026-07-04T15:36:54.60098+00:00
2026-06-22,final,Panama,0.02,40,0.25,0.204,2026-07-04T15:36:54.60098+00:00
2026-06-22,final,Paraguay,0.704,40,1.1,0.898,2026-07-04T15:36:54.60098+00:00
2026-06-22,final,Portugal,13.44,40,14.5,11.839,2026-07-04T15:36:54.60098+00:00
2026-06-22,final,Qatar,0.0,40,0.65,0.531,2026-07-04T15:36:54.60098+00:00
2026-06-22,final,Saudi Arabia,0.018,40,0.6,0.49,2026-07-04T15:36:54.60098+00:00
2026-06-22,final,Scotland,1.012,40,1.5,1.225,2026-07-04T15:36:54.60098+00:00
2026-06-22,final,Senegal,3.474,40,1.6,1.306,2026-07-04T15:36:54.60098+00:00
2026-06-22,final,South Africa,0.012,40,0.2,0.163,2026-07-04T15:36:54.60098+00:00
2026-06-22,final,South Korea,0.696,40,1.4,1.143,2026-07-04T15:36:54.60098+00:00
2026-06-22,final,Spain,30.428,40,28.5,23.27,2026-07-04T15:36:54.60098+00:00
2026-06-22,final,Sweden,1.184,40,1.75,1.429,2026-07-04T15:36:54.60098+00:00
2026-06-22,final,Switzerland,4.21,40,2.1,1.715,2026-07-04T15:36:54.60098+00:00
2026-06-22,final,Tunisia,0.0,40,,,2026-07-04T15:36:54.60098+00:00
2026-06-22,final,Turkey,0.0,40,,,2026-07-04T15:36:54.60098+00:00
2026-06-22,final,United States,2.916,40,7.95,6.491,2026-07-04T15:36:54.60098+00:00
2026-06-22,final,Uruguay,2.554,40,2.3,1.878,2026-07-04T15:36:54.60098+00:00
2026-06-22,final,Uzbekistan,0.072,40,1.05,0.857,2026-07-04T15:36:54.60098+00:00
2026-06-22,qf,Algeria,8.36,40,7.0,6.444,2026-07-04T15:36:54.60098+00:00
2026-06-22,qf,Argentina,62.622,40,69.5,63.982,2026-07-04T15:36:54.60098+00:00
2026-06-22,qf,Australia,4.448,40,7.7,7.089,2026-07-04T15:36:54.60098+00:00
2026-06-22,qf,Austria,16.46,40,14.0,12.888,2026-07-04T15:36:54.60098+00:00
2026-06-22,qf,Belgium,28.78,40,25.0,23.015,2026-07-04T15:36:54.60098+00:00
2026-06-22,qf,Bosnia and Herzegovina,7.182,40,5.35,4.925,2026-07-04T15:36:54.60098+00:00
2026-06-22,qf,Brazil,40.6,40,45.5,41.887,2026-07-04T15:36:54.60098+00:00
2026-06-22,qf,Canada,19.66,40,18.5,17.031,2026-07-04T15:36:54.60098+00:00
2026-06-22,qf,Cape Verde,2.19,40,5.45,5.017,2026-07-04T15:36:54.60098+00:00
2026-06-22,qf,Colombia,27.098,40,31.0,28.539,2026-07-04T15:36:54.60098+00:00
2026-06-22,qf,Croatia,17.542,40,13.5,12.428,2026-07-04T15:36:54.60098+00:00
2026-06-22,qf,Curacao,0.134,40,0.5,0.46,2026-07-04T15:36:54.60098+00:00
2026-06-22,qf,Czechia,5.764,40,2.45,2.255,2026-07-04T15:36:54.60098+00:00
2026-06-22,qf,DR Congo,3.788,40,3.6,3.314,2026-07-04T15:36:54.60098+00:00
2026-06-22,qf,Ecuador,6.19,40,5.0,4.603,2026-07-04T15:36:54.60098+00:00
2026-06-22,qf,Egypt,14.988,40,14.0,12.888,2026-07-04T15:36:54.60098+00:00
2026-06-22,qf,England,57.18,40,63.5,58.458,2026-07-04T15:36:54.60098+00:00
2026-06-22,qf,France,54.708,40,63.0,57.998,2026-07-04T15:36:54.60098+00:00
2026-06-22,qf,Germany,34.82,40,41.5,38.205,2026-07-04T15:36:54.60098+00:00
2026-06-22,qf,Ghana,4.662,40,5.7,5.247,2026-07-04T15:36:54.60098+00:00
2026-06-22,qf,Haiti,0.0,40,,,2026-07-04T15:36:54.60098+00:00
2026-06-22,qf,Iran,5.808,40,5.65,5.201,2026-07-04T15:36:54.60098+00:00
2026-06-22,qf,Iraq,0.11,40,1.1,1.013,2026-07-04T15:36:54.60098+00:00
2026-06-22,qf,Ivory Coast,12.84,40,13.5,12.428,2026-07-04T15:36:54.60098+00:00
2026-06-22,qf,Japan,19.538,40,26.0,23.936,2026-07-04T15:36:54.60098+00:00
2026-06-22,qf,Jordan,0.51,40,9.25,8.516,2026-07-04T15:36:54.60098+00:00
2026-06-22,qf,Mexico,12.256,40,26.0,23.936,2026-07-04T15:36:54.60098+00:00
2026-06-22,qf,Morocco,23.032,40,27.5,25.316,2026-07-04T15:36:54.60098+00:00
2026-06-22,qf,Netherlands,39.922,40,46.0,42.348,2026-07-04T15:36:54.60098+00:00
2026-06-22,qf,New Zealand,0.258,40,1.55,1.427,2026-07-04T15:36:54.60098+00:00
2026-06-22,qf,Norway,27.872,40,33.5,30.84,2026-07-04T15:36:54.60098+00:00
2026-06-22,qf,Panama,0.542,40,1.1,1.013,2026-07-04T15:36:54.60098+00:00
2026-06-22,qf,Paraguay,7.478,40,5.9,5.432,2026-07-04T15:36:54.60098+00:00
2026-06-22,qf,Portugal,41.196,40,42.5,39.125,2026-07-04T15:36:54.60098+00:00
2026-06-22,qf,Qatar,0.416,40,1.05,0.967,2026-07-04T15:36:54.60098+00:00
2026-06-22,qf,Saudi Arabia,0.776,40,2.3,2.117,2026-07-04T15:36:54.60098+00:00
2026-06-22,qf,Scotland,10.316,40,7.5,6.904,2026-07-04T15:36:54.60098+00:00
2026-06-22,qf,Senegal,21.492,40,14.5,13.349,2026-07-04T15:36:54.60098+00:00
2026-06-22,qf,South Africa,0.626,40,1.3,1.197,2026-07-04T15:36:54.60098+00:00
2026-06-22,qf,South Korea,11.608,40,11.0,10.127,2026-07-04T15:36:54.60098+00:00
2026-06-22,qf,Spain,57.498,40,58.5,53.855,2026-07-04T15:36:54.60098+00:00
2026-06-22,qf,Sweden,10.472,40,11.0,10.127,2026-07-04T15:36:54.60098+00:00
2026-06-22,qf,Switzerland,29.716,40,23.5,21.634,2026-07-04T15:36:54.60098+00:00
2026-06-22,qf,Tunisia,0.0,40,,,2026-07-04T15:36:54.60098+00:00
2026-06-22,qf,Turkey,0.0,40,,,2026-07-04T15:36:54.60098+00:00
2026-06-22,qf,United States,33.998,40,48.0,44.189,2026-07-04T15:36:54.60098+00:00
2026-06-22,qf,Uruguay,13.21,40,8.0,7.365,2026-07-04T15:36:54.60098+00:00
2026-06-22,qf,Uzbekistan,1.334,40,1.05,0.967,2026-07-04T15:36:54.60098+00:00
2026-06-22,r16,Algeria,20.462,40,18.5,17.898,2026-07-04T15:36:54.60098+00:00
2026-06-22,r16,Argentina,81.018,40,85.5,82.716,2026-07-04T15:36:54.60098+00:00
2026-06-22,r16,Australia,25.646,40,32.5,31.442,2026-07-04T15:36:54.60098+00:00
2026-06-22,r16,Austria,34.516,40,32.0,30.958,2026-07-04T15:36:54.60098+00:00
2026-06-22,r16,Belgium,62.944,40,61.0,59.014,2026-07-04T15:36:54.60098+00:00
2026-06-22,r16,Bosnia and Herzegovina,19.766,40,18.0,17.414,2026-07-04T15:36:54.60098+00:00
2026-06-22,r16,Brazil,62.89,40,65.5,63.367,2026-07-04T15:36:54.60098+00:00
2026-06-22,r16,Canada,55.524,40,54.5,52.725,2026-07-04T15:36:54.60098+00:00
2026-06-22,r16,Cape Verde,9.088,40,13.2,12.77,2026-07-04T15:36:54.60098+00:00
2026-06-22,r16,Colombia,54.084,40,62.0,59.981,2026-07-04T15:36:54.60098+00:00
2026-06-22,r16,Croatia,44.142,40,35.5,34.344,2026-07-04T15:36:54.60098+00:00
2026-06-22,r16,Curacao,1.18,40,1.6,1.548,2026-07-04T15:36:54.60098+00:00
2026-06-22,r16,Czechia,13.278,40,11.0,10.642,2026-07-04T15:36:54.60098+00:00
2026-06-22,r16,DR Congo,14.22,40,15.5,14.995,2026-07-04T15:36:54.60098+00:00
2026-06-22,r16,Ecuador,13.312,40,10.5,10.158,2026-07-04T15:36:54.60098+00:00
2026-06-22,r16,Egypt,42.272,40,43.0,41.6,2026-07-04T15:36:54.60098+00:00
2026-06-22,r16,England,76.624,40,85.5,82.716,2026-07-04T15:36:54.60098+00:00
2026-06-22,r16,France,79.934,40,87.5,84.651,2026-07-04T15:36:54.60098+00:00
2026-06-22,r16,Germany,75.276,40,80.5,77.879,2026-07-04T15:36:54.60098+00:00
2026-06-22,r16,Ghana,17.044,40,18.0,17.414,2026-07-04T15:36:54.60098+00:00
2026-06-22,r16,Haiti,0.0,40,,,2026-07-04T15:36:54.60098+00:00
2026-06-22,r16,Iran,22.544,40,21.5,20.8,2026-07-04T15:36:54.60098+00:00
2026-06-22,r16,Iraq,0.568,40,1.9,1.838,2026-07-04T15:36:54.60098+00:00
2026-06-22,r16,Ivory Coast,36.286,40,35.0,33.86,2026-07-04T15:36:54.60098+00:00
2026-06-22,r16,Japan,39.5,40,48.5,46.921,2026-07-04T15:36:54.60098+00:00
2026-06-22,r16,Jordan,2.33,40,1.05,1.016,2026-07-04T15:36:54.60098+00:00
2026-06-22,r16,Mexico,45.696,40,67.5,65.302,2026-07-04T15:36:54.60098+00:00
2026-06-22,r16,Morocco,42.96,40,51.5,49.823,2026-07-04T15:36:54.60098+00:00
2026-06-22,r16,Netherlands,58.382,40,64.5,62.4,2026-07-04T15:36:54.60098+00:00
2026-06-22,r16,New Zealand,2.218,40,5.2,5.031,2026-07-04T15:36:54.60098+00:00
2026-06-22,r16,Norway,56.966,40,60.5,58.53,2026-07-04T15:36:54.60098+00:00
2026-06-22,r16,Panama,2.154,40,4.6,4.45,2026-07-04T15:36:54.60098+00:00
2026-06-22,r16,Paraguay,30.572,40,21.5,20.8,2026-07-04T15:36:54.60098+00:00
2026-06-22,r16,Portugal,65.446,40,69.5,67.237,2026-07-04T15:36:54.60098+00:00
2026-06-22,r16,Qatar,2.408,40,2.2,2.128,2026-07-04T15:36:54.60098+00:00
2026-06-22,r16,Saudi Arabia,3.292,40,5.55,5.369,2026-07-04T15:36:54.60098+00:00
2026-06-22,r16,Scotland,35.728,40,18.0,17.414,2026-07-04T15:36:54.60098+00:00
2026-06-22,r16,Senegal,42.688,40,29.5,28.539,2026-07-04T15:36:54.60098+00:00
2026-06-22,r16,South Africa,3.668,40,3.15,3.047,2026-07-04T15:36:54.60098+00:00
2026-06-22,r16,South Korea,37.416,40,40.5,39.181,2026-07-04T15:36:54.60098+00:00
2026-06-22,r16,Spain,77.748,40,82.0,79.33,2026-07-04T15:36:54.60098+00:00
2026-06-22,r16,Sweden,26.536,40,22.5,21.767,2026-07-04T15:36:54.60098+00:00
2026-06-22,r16,Switzerland,66.876,40,66.0,63.851,2026-07-04T15:36:54.60098+00:00
2026-06-22,r16,Tunisia,0.0,40,,,2026-07-04T15:36:54.60098+00:00
2026-06-22,r16,Turkey,0.0,40,,,2026-07-04T15:36:54.60098+00:00
2026-06-22,r16,United States,65.356,40,75.5,73.042,2026-07-04T15:36:54.60098+00:00
2026-06-22,r16,Uruguay,24.622,40,20.5,19.833,2026-07-04T15:36:54.60098+00:00
2026-06-22,r16,Uzbekistan,4.82,40,4.4,4.257,2026-07-04T15:36:54.60098+00:00
2026-06-22,sf,Algeria,2.402,40,1.7,1.497,2026-07-04T15:36:54.60098+00:00
2026-06-22,sf,Argentina,43.616,40,48.5,42.717,2026-07-04T15:36:54.60098+00:00
2026-06-22,sf,Australia,1.162,40,1.9,1.673,2026-07-04T15:36:54.60098+00:00
2026-06-22,sf,Austria,6.974,40,5.55,4.888,2026-07-04T15:36:54.60098+00:00
2026-06-22,sf,Belgium,13.27,40,11.5,10.129,2026-07-04T15:36:54.60098+00:00
2026-06-22,sf,Bosnia and Herzegovina,1.2,40,1.15,1.013,2026-07-04T15:36:54.60098+00:00
2026-06-22,sf,Brazil,22.438,40,24.5,21.579,2026-07-04T15:36:54.60098+00:00
2026-06-22,sf,Canada,5.514,40,4.1,3.611,2026-07-04T15:36:54.60098+00:00
2026-06-22,sf,Cape Verde,0.368,40,3.1,2.73,2026-07-04T15:36:54.60098+00:00
2026-06-22,sf,Colombia,11.938,40,14.0,12.331,2026-07-04T15:36:54.60098+00:00
2026-06-22,sf,Croatia,9.622,40,4.9,4.316,2026-07-04T15:36:54.60098+00:00
2026-06-22,sf,Curacao,0.014,40,0.25,0.22,2026-07-04T15:36:54.60098+00:00
2026-06-22,sf,Czechia,1.3,40,2.1,1.85,2026-07-04T15:36:54.60098+00:00
2026-06-22,sf,DR Congo,1.052,40,1.95,1.717,2026-07-04T15:36:54.60098+00:00
2026-06-22,sf,Ecuador,2.322,40,2.1,1.85,2026-07-04T15:36:54.60098+00:00
2026-06-22,sf,Egypt,3.412,40,2.55,2.246,2026-07-04T15:36:54.60098+00:00
2026-06-22,sf,England,36.608,40,40.5,35.671,2026-07-04T15:36:54.60098+00:00
2026-06-22,sf,France,38.404,40,53.5,47.121,2026-07-04T15:36:54.60098+00:00
2026-06-22,sf,Germany,20.608,40,26.0,22.9,2026-07-04T15:36:54.60098+00:00
2026-06-22,sf,Ghana,1.022,40,2.4,2.114,2026-07-04T15:36:54.60098+00:00
2026-06-22,sf,Haiti,0.0,40,,,2026-07-04T15:36:54.60098+00:00
2026-06-22,sf,Iran,1.162,40,1.3,1.145,2026-07-04T15:36:54.60098+00:00
2026-06-22,sf,Iraq,0.006,40,0.15,0.132,2026-07-04T15:36:54.60098+00:00
2026-06-22,sf,Ivory Coast,4.216,40,2.65,2.334,2026-07-04T15:36:54.60098+00:00
2026-06-22,sf,Japan,7.768,40,12.0,10.569,2026-07-04T15:36:54.60098+00:00
2026-06-22,sf,Jordan,0.066,40,1.15,1.013,2026-07-04T15:36:54.60098+00:00
2026-06-22,sf,Mexico,4.002,40,14.5,12.771,2026-07-04T15:36:54.60098+00:00
2026-06-22,sf,Morocco,8.276,40,12.5,11.01,2026-07-04T15:36:54.60098+00:00
2026-06-22,sf,Netherlands,19.446,40,23.5,20.698,2026-07-04T15:36:54.60098+00:00
2026-06-22,sf,New Zealand,0.04,40,0.65,0.572,2026-07-04T15:36:54.60098+00:00
2026-06-22,sf,Norway,11.832,40,17.5,15.413,2026-07-04T15:36:54.60098+00:00
2026-06-22,sf,Panama,0.104,40,0.7,0.617,2026-07-04T15:36:54.60098+00:00
2026-06-22,sf,Paraguay,2.612,40,0.65,0.572,2026-07-04T15:36:54.60098+00:00
2026-06-22,sf,Portugal,24.91,40,25.0,22.019,2026-07-04T15:36:54.60098+00:00
2026-06-22,sf,Qatar,0.026,40,1.4,1.233,2026-07-04T15:36:54.60098+00:00
2026-06-22,sf,Saudi Arabia,0.134,40,1.15,1.013,2026-07-04T15:36:54.60098+00:00
2026-06-22,sf,Scotland,3.436,40,1.05,0.925,2026-07-04T15:36:54.60098+00:00
2026-06-22,sf,Senegal,8.502,40,4.2,3.699,2026-07-04T15:36:54.60098+00:00
2026-06-22,sf,South Africa,0.084,40,0.7,0.617,2026-07-04T15:36:54.60098+00:00
2026-06-22,sf,South Korea,2.6,40,3.1,2.73,2026-07-04T15:36:54.60098+00:00
2026-06-22,sf,Spain,46.68,40,45.5,40.075,2026-07-04T15:36:54.60098+00:00
2026-06-22,sf,Sweden,3.692,40,1.7,1.497,2026-07-04T15:36:54.60098+00:00
2026-06-22,sf,Switzerland,11.09,40,8.3,7.31,2026-07-04T15:36:54.60098+00:00
2026-06-22,sf,Tunisia,0.0,40,,,2026-07-04T15:36:54.60098+00:00
2026-06-22,sf,Turkey,0.0,40,,,2026-07-04T15:36:54.60098+00:00
2026-06-22,sf,United States,9.546,40,20.0,17.615,2026-07-04T15:36:54.60098+00:00
2026-06-22,sf,Uruguay,6.186,40,2.35,2.07,2026-07-04T15:36:54.60098+00:00
2026-06-22,sf,Uzbekistan,0.338,40,0.2,0.176,2026-07-04T15:36:54.60098+00:00
2026-06-23,final,Algeria,0.852,44,1.05,0.86,2026-07-04T15:36:55.145949+00:00
2026-06-23,final,Argentina,27.552,44,29.0,23.751,2026-07-04T15:36:55.145949+00:00
2026-06-23,final,Australia,0.22,44,1.35,1.106,2026-07-04T15:36:55.145949+00:00
2026-06-23,final,Austria,1.746,44,1.0,0.819,2026-07-04T15:36:55.145949+00:00
2026-06-23,final,Belgium,5.066,44,3.25,2.662,2026-07-04T15:36:55.145949+00:00
2026-06-23,final,Bosnia and Herzegovina,0.224,44,0.65,0.532,2026-07-04T15:36:55.145949+00:00
2026-06-23,final,Brazil,12.022,44,14.5,11.876,2026-07-04T15:36:55.145949+00:00
2026-06-23,final,Canada,1.466,44,1.6,1.31,2026-07-04T15:36:55.145949+00:00
2026-06-23,final,Cape Verde,0.046,44,0.75,0.614,2026-07-04T15:36:55.145949+00:00
2026-06-23,final,Colombia,4.56,44,5.45,4.464,2026-07-04T15:36:55.145949+00:00
2026-06-23,final,Croatia,3.75,44,2.2,1.802,2026-07-04T15:36:55.145949+00:00
2026-06-23,final,Curacao,0.002,44,0.15,0.123,2026-07-04T15:36:55.145949+00:00
2026-06-23,final,Czechia,0.3,44,0.85,0.696,2026-07-04T15:36:55.145949+00:00
2026-06-23,final,DR Congo,0.186,44,0.55,0.45,2026-07-04T15:36:55.145949+00:00
2026-06-23,final,Ecuador,0.862,44,1.1,0.901,2026-07-04T15:36:55.145949+00:00
2026-06-23,final,Egypt,0.73,44,0.7,0.573,2026-07-04T15:36:55.145949+00:00
2026-06-23,final,England,21.616,44,21.5,17.609,2026-07-04T15:36:55.145949+00:00
2026-06-23,final,France,23.882,44,33.5,27.437,2026-07-04T15:36:55.145949+00:00
2026-06-23,final,Germany,10.306,44,14.5,11.876,2026-07-04T15:36:55.145949+00:00
2026-06-23,final,Ghana,0.174,44,1.5,1.229,2026-07-04T15:36:55.145949+00:00
2026-06-23,final,Haiti,0.0,44,,,2026-07-04T15:36:55.145949+00:00
2026-06-23,final,Iran,0.178,44,0.6,0.491,2026-07-04T15:36:55.145949+00:00
2026-06-23,final,Iraq,0.0,44,0.15,0.123,2026-07-04T15:36:55.145949+00:00
2026-06-23,final,Ivory Coast,1.268,44,1.75,1.433,2026-07-04T15:36:55.145949+00:00
2026-06-23,final,Japan,2.954,44,5.35,4.382,2026-07-04T15:36:55.145949+00:00
2026-06-23,final,Jordan,0.0,44,,,2026-07-04T15:36:55.145949+00:00
2026-06-23,final,Mexico,1.258,44,5.95,4.873,2026-07-04T15:36:55.145949+00:00
2026-06-23,final,Morocco,3.172,44,6.75,5.528,2026-07-04T15:36:55.145949+00:00
2026-06-23,final,Netherlands,9.952,44,13.5,11.057,2026-07-04T15:36:55.145949+00:00
2026-06-23,final,New Zealand,0.002,44,0.35,0.287,2026-07-04T15:36:55.145949+00:00
2026-06-23,final,Norway,5.082,44,8.5,6.962,2026-07-04T15:36:55.145949+00:00
2026-06-23,final,Panama,0.016,44,0.25,0.205,2026-07-04T15:36:55.145949+00:00
2026-06-23,final,Paraguay,0.628,44,1.3,1.065,2026-07-04T15:36:55.145949+00:00
2026-06-23,final,Portugal,13.124,44,16.0,13.104,2026-07-04T15:36:55.145949+00:00
2026-06-23,final,Qatar,0.0,44,0.2,0.164,2026-07-04T15:36:55.145949+00:00
2026-06-23,final,Saudi Arabia,0.016,44,0.35,0.287,2026-07-04T15:36:55.145949+00:00
2026-06-23,final,Scotland,0.976,44,1.6,1.31,2026-07-04T15:36:55.145949+00:00
2026-06-23,final,Senegal,2.91,44,1.6,1.31,2026-07-04T15:36:55.145949+00:00
2026-06-23,final,South Africa,0.012,44,0.15,0.123,2026-07-04T15:36:55.145949+00:00
2026-06-23,final,South Korea,0.688,44,0.95,0.778,2026-07-04T15:36:55.145949+00:00
2026-06-23,final,Spain,31.434,44,29.5,24.161,2026-07-04T15:36:55.145949+00:00
2026-06-23,final,Sweden,1.178,44,1.75,1.433,2026-07-04T15:36:55.145949+00:00
2026-06-23,final,Switzerland,4.104,44,2.7,2.211,2026-07-04T15:36:55.145949+00:00
2026-06-23,final,Tunisia,0.0,44,,,2026-07-04T15:36:55.145949+00:00
2026-06-23,final,Turkey,0.0,44,,,2026-07-04T15:36:55.145949+00:00
2026-06-23,final,United States,2.964,44,7.25,5.938,2026-07-04T15:36:55.145949+00:00
2026-06-23,final,Uruguay,2.448,44,2.4,1.966,2026-07-04T15:36:55.145949+00:00
2026-06-23,final,Uzbekistan,0.074,44,0.15,0.123,2026-07-04T15:36:55.145949+00:00
2026-06-23,qf,Algeria,11.762,44,6.5,5.977,2026-07-04T15:36:55.145949+00:00
2026-06-23,qf,Argentina,67.646,44,68.0,62.532,2026-07-04T15:36:55.145949+00:00
2026-06-23,qf,Australia,3.886,44,7.85,7.219,2026-07-04T15:36:55.145949+00:00
2026-06-23,qf,Austria,13.266,44,13.0,11.955,2026-07-04T15:36:55.145949+00:00
2026-06-23,qf,Belgium,27.18,44,29.5,27.128,2026-07-04T15:36:55.145949+00:00
2026-06-23,qf,Bosnia and Herzegovina,7.19,44,4.45,4.092,2026-07-04T15:36:55.145949+00:00
2026-06-23,qf,Brazil,40.566,44,46.5,42.761,2026-07-04T15:36:55.145949+00:00
2026-06-23,qf,Canada,19.522,44,17.5,16.093,2026-07-04T15:36:55.145949+00:00
2026-06-23,qf,Cape Verde,1.808,44,5.6,5.15,2026-07-04T15:36:55.145949+00:00
2026-06-23,qf,Colombia,27.36,44,32.0,29.427,2026-07-04T15:36:55.145949+00:00
2026-06-23,qf,Croatia,17.796,44,11.0,10.116,2026-07-04T15:36:55.145949+00:00
2026-06-23,qf,Curacao,0.128,44,1.15,1.058,2026-07-04T15:36:55.145949+00:00
2026-06-23,qf,Czechia,5.624,44,2.4,2.207,2026-07-04T15:36:55.145949+00:00
2026-06-23,qf,DR Congo,3.802,44,3.3,3.035,2026-07-04T15:36:55.145949+00:00
2026-06-23,qf,Ecuador,6.046,44,4.1,3.77,2026-07-04T15:36:55.145949+00:00
2026-06-23,qf,Egypt,14.712,44,20.5,18.852,2026-07-04T15:36:55.145949+00:00
2026-06-23,qf,England,57.292,44,62.5,57.475,2026-07-04T15:36:55.145949+00:00
2026-06-23,qf,France,54.616,44,63.0,57.934,2026-07-04T15:36:55.145949+00:00
2026-06-23,qf,Germany,34.526,44,40.5,37.244,2026-07-04T15:36:55.145949+00:00
2026-06-23,qf,Ghana,4.632,44,5.95,5.472,2026-07-04T15:36:55.145949+00:00
2026-06-23,qf,Haiti,0.0,44,,,2026-07-04T15:36:55.145949+00:00
2026-06-23,qf,Iran,5.504,44,5.05,4.644,2026-07-04T15:36:55.145949+00:00
2026-06-23,qf,Iraq,0.1,44,1.1,1.012,2026-07-04T15:36:55.145949+00:00
2026-06-23,qf,Ivory Coast,12.656,44,13.5,12.415,2026-07-04T15:36:55.145949+00:00
2026-06-23,qf,Japan,19.346,44,28.5,26.208,2026-07-04T15:36:55.145949+00:00
2026-06-23,qf,Jordan,0.0,44,,,2026-07-04T15:36:55.145949+00:00
2026-06-23,qf,Mexico,12.296,44,28.5,26.208,2026-07-04T15:36:55.145949+00:00
2026-06-23,qf,Morocco,22.99,44,28.5,26.208,2026-07-04T15:36:55.145949+00:00
2026-06-23,qf,Netherlands,39.906,44,46.5,42.761,2026-07-04T15:36:55.145949+00:00
2026-06-23,qf,New Zealand,0.222,44,1.25,1.149,2026-07-04T15:36:55.145949+00:00
2026-06-23,qf,Norway,27.988,44,33.5,30.806,2026-07-04T15:36:55.145949+00:00
2026-06-23,qf,Panama,0.54,44,0.9,0.828,2026-07-04T15:36:55.145949+00:00
2026-06-23,qf,Paraguay,6.794,44,5.9,5.426,2026-07-04T15:36:55.145949+00:00
2026-06-23,qf,Portugal,41.452,44,49.0,45.06,2026-07-04T15:36:55.145949+00:00
2026-06-23,qf,Qatar,0.424,44,0.7,0.644,2026-07-04T15:36:55.145949+00:00
2026-06-23,qf,Saudi Arabia,0.63,44,2.3,2.115,2026-07-04T15:36:55.145949+00:00
2026-06-23,qf,Scotland,10.296,44,7.5,6.897,2026-07-04T15:36:55.145949+00:00
2026-06-23,qf,Senegal,19.834,44,12.0,11.035,2026-07-04T15:36:55.145949+00:00
2026-06-23,qf,South Africa,0.628,44,1.3,1.195,2026-07-04T15:36:55.145949+00:00
2026-06-23,qf,South Korea,11.626,44,10.5,9.656,2026-07-04T15:36:55.145949+00:00
2026-06-23,qf,Spain,59.272,44,61.5,56.555,2026-07-04T15:36:55.145949+00:00
2026-06-23,qf,Sweden,10.27,44,10.0,9.196,2026-07-04T15:36:55.145949+00:00
2026-06-23,qf,Switzerland,29.654,44,23.0,21.151,2026-07-04T15:36:55.145949+00:00
2026-06-23,qf,Tunisia,0.0,44,,,2026-07-04T15:36:55.145949+00:00
2026-06-23,qf,Turkey,0.0,44,,,2026-07-04T15:36:55.145949+00:00
2026-06-23,qf,United States,33.986,44,48.0,44.14,2026-07-04T15:36:55.145949+00:00
2026-06-23,qf,Uruguay,12.862,44,4.0,3.678,2026-07-04T15:36:55.145949+00:00
2026-06-23,qf,Uzbekistan,1.364,44,1.65,1.517,2026-07-04T15:36:55.145949+00:00
2026-06-23,r16,Algeria,28.766,44,22.5,21.777,2026-07-04T15:36:55.145949+00:00
2026-06-23,r16,Argentina,86.348,44,86.0,83.235,2026-07-04T15:36:54.60098+00:00
2026-06-23,r16,Australia,25.66,44,30.0,29.035,2026-07-04T15:36:55.145949+00:00
2026-06-23,r16,Austria,29.248,44,29.5,28.552,2026-07-04T15:36:55.145949+00:00
2026-06-23,r16,Belgium,62.808,44,60.0,58.071,2026-07-04T15:36:55.145949+00:00
2026-06-23,r16,Bosnia and Herzegovina,19.77,44,20.0,19.357,2026-07-04T15:36:55.145949+00:00
2026-06-23,r16,Brazil,62.898,44,63.0,60.975,2026-07-04T15:36:55.145949+00:00
2026-06-23,r16,Canada,55.126,44,57.5,55.651,2026-07-04T15:36:55.145949+00:00
2026-06-23,r16,Cape Verde,7.804,44,12.45,12.05,2026-07-04T15:36:55.145949+00:00
2026-06-23,r16,Colombia,54.094,44,60.0,58.071,2026-07-04T15:36:55.145949+00:00
2026-06-23,r16,Croatia,44.134,44,34.0,32.907,2026-07-04T15:36:55.145949+00:00
2026-06-23,r16,Curacao,1.166,44,2.8,2.71,2026-07-04T15:36:55.145949+00:00
2026-06-23,r16,Czechia,12.896,44,9.0,8.711,2026-07-04T15:36:55.145949+00:00
2026-06-23,r16,DR Congo,14.178,44,19.0,18.389,2026-07-04T15:36:55.145949+00:00
2026-06-23,r16,Ecuador,12.982,44,10.5,10.162,2026-07-04T15:36:55.145949+00:00
2026-06-23,r16,Egypt,42.166,44,41.5,40.166,2026-07-04T15:36:55.145949+00:00
2026-06-23,r16,England,76.768,44,85.5,82.751,2026-07-04T15:36:54.60098+00:00
2026-06-23,r16,France,79.892,44,86.0,83.235,2026-07-04T15:36:54.60098+00:00
2026-06-23,r16,Germany,75.244,44,81.5,78.88,2026-07-04T15:36:55.145949+00:00
2026-06-23,r16,Ghana,16.822,44,30.0,29.035,2026-07-04T15:36:55.145949+00:00
2026-06-23,r16,Haiti,0.0,44,,,2026-07-04T15:36:55.145949+00:00
2026-06-23,r16,Iran,22.268,44,22.5,21.777,2026-07-04T15:36:55.145949+00:00
2026-06-23,r16,Iraq,0.484,44,1.35,1.307,2026-07-04T15:36:55.145949+00:00
2026-06-23,r16,Ivory Coast,35.876,44,33.5,32.423,2026-07-04T15:36:55.145949+00:00
2026-06-23,r16,Japan,39.312,44,44.5,43.069,2026-07-04T15:36:55.145949+00:00
2026-06-23,r16,Jordan,0.0,44,,,2026-07-04T15:36:55.145949+00:00
2026-06-23,r16,Mexico,45.816,44,66.0,63.878,2026-07-04T15:36:55.145949+00:00
2026-06-23,r16,Morocco,42.944,44,49.0,47.425,2026-07-04T15:36:55.145949+00:00
2026-06-23,r16,Netherlands,58.392,44,61.0,59.039,2026-07-04T15:36:55.145949+00:00
2026-06-23,r16,New Zealand,2.196,44,3.1,3.0,2026-07-04T15:36:55.145949+00:00
2026-06-23,r16,Norway,61.96,44,70.5,68.233,2026-07-04T15:36:55.145949+00:00
2026-06-23,r16,Panama,2.128,44,3.9,3.775,2026-07-04T15:36:55.145949+00:00
2026-06-23,r16,Paraguay,30.57,44,25.0,24.196,2026-07-04T15:36:55.145949+00:00
2026-06-23,r16,Portugal,65.486,44,76.5,74.04,2026-07-04T15:36:55.145949+00:00
2026-06-23,r16,Qatar,2.416,44,2.0,1.936,2026-07-04T15:36:55.145949+00:00
2026-06-23,r16,Saudi Arabia,2.67,44,4.85,4.694,2026-07-04T15:36:55.145949+00:00
2026-06-23,r16,Scotland,35.52,44,19.0,18.389,2026-07-04T15:36:55.145949+00:00
2026-06-23,r16,Senegal,34.82,44,23.5,22.744,2026-07-04T15:36:55.145949+00:00
2026-06-23,r16,South Africa,3.666,44,2.8,2.71,2026-07-04T15:36:55.145949+00:00
2026-06-23,r16,South Korea,37.468,44,41.5,40.166,2026-07-04T15:36:55.145949+00:00
2026-06-23,r16,Spain,80.224,44,83.5,80.815,2026-07-04T15:36:54.60098+00:00
2026-06-23,r16,Sweden,26.142,44,21.5,20.809,2026-07-04T15:36:55.145949+00:00
2026-06-23,r16,Switzerland,66.63,44,63.0,60.975,2026-07-04T15:36:55.145949+00:00
2026-06-23,r16,Tunisia,0.0,44,,,2026-07-04T15:36:55.145949+00:00
2026-06-23,r16,Turkey,0.0,44,,,2026-07-04T15:36:55.145949+00:00
2026-06-23,r16,United States,65.336,44,74.5,72.105,2026-07-04T15:36:55.145949+00:00
2026-06-23,r16,Uruguay,24.076,44,16.0,15.486,2026-07-04T15:36:55.145949+00:00
2026-06-23,r16,Uzbekistan,4.83,44,3.4,3.291,2026-07-04T15:36:55.145949+00:00
2026-06-23,sf,Algeria,3.25,44,2.35,2.101,2026-07-04T15:36:55.145949+00:00
2026-06-23,sf,Argentina,46.986,44,47.5,42.458,2026-07-04T15:36:55.145949+00:00
2026-06-23,sf,Australia,1.044,44,1.6,1.43,2026-07-04T15:36:55.145949+00:00
2026-06-23,sf,Austria,5.61,44,3.2,2.86,2026-07-04T15:36:55.145949+00:00
2026-06-23,sf,Belgium,12.506,44,10.5,9.385,2026-07-04T15:36:55.145949+00:00
2026-06-23,sf,Bosnia and Herzegovina,1.228,44,0.85,0.76,2026-07-04T15:36:55.145949+00:00
2026-06-23,sf,Brazil,22.374,44,23.0,20.559,2026-07-04T15:36:55.145949+00:00
2026-06-23,sf,Canada,5.122,44,4.35,3.888,2026-07-04T15:36:55.145949+00:00
2026-06-23,sf,Cape Verde,0.304,44,1.15,1.028,2026-07-04T15:36:55.145949+00:00
2026-06-23,sf,Colombia,11.642,44,13.0,11.62,2026-07-04T15:36:55.145949+00:00
2026-06-23,sf,Croatia,9.676,44,5.6,5.006,2026-07-04T15:36:55.145949+00:00
2026-06-23,sf,Curacao,0.016,44,0.15,0.134,2026-07-04T15:36:55.145949+00:00
2026-06-23,sf,Czechia,1.282,44,2.1,1.877,2026-07-04T15:36:55.145949+00:00
2026-06-23,sf,DR Congo,1.034,44,2.0,1.788,2026-07-04T15:36:55.145949+00:00
2026-06-23,sf,Ecuador,2.226,44,1.95,1.743,2026-07-04T15:36:55.145949+00:00
2026-06-23,sf,Egypt,3.236,44,3.05,2.726,2026-07-04T15:36:55.145949+00:00
2026-06-23,sf,England,36.622,44,39.5,35.307,2026-07-04T15:36:55.145949+00:00
2026-06-23,sf,France,38.424,44,51.5,46.034,2026-07-04T15:36:55.145949+00:00
2026-06-23,sf,Germany,20.426,44,24.0,21.453,2026-07-04T15:36:55.145949+00:00
2026-06-23,sf,Ghana,0.97,44,3.05,2.726,2026-07-04T15:36:55.145949+00:00
2026-06-23,sf,Haiti,0.0,44,,,2026-07-04T15:36:55.145949+00:00
2026-06-23,sf,Iran,0.99,44,1.15,1.028,2026-07-04T15:36:55.145949+00:00
2026-06-23,sf,Iraq,0.006,44,0.05,0.045,2026-07-04T15:36:55.145949+00:00
2026-06-23,sf,Ivory Coast,4.118,44,3.7,3.307,2026-07-04T15:36:55.145949+00:00
2026-06-23,sf,Japan,7.692,44,13.5,12.067,2026-07-04T15:36:55.145949+00:00
2026-06-23,sf,Jordan,0.0,44,,,2026-07-04T15:36:55.145949+00:00
2026-06-23,sf,Mexico,4.034,44,12.5,11.173,2026-07-04T15:36:55.145949+00:00
2026-06-23,sf,Morocco,8.246,44,11.5,10.279,2026-07-04T15:36:55.145949+00:00
2026-06-23,sf,Netherlands,19.358,44,23.0,20.559,2026-07-04T15:36:55.145949+00:00
2026-06-23,sf,New Zealand,0.034,44,0.6,0.536,2026-07-04T15:36:55.145949+00:00
2026-06-23,sf,Norway,12.186,44,19.5,17.43,2026-07-04T15:36:55.145949+00:00
2026-06-23,sf,Panama,0.098,44,0.55,0.492,2026-07-04T15:36:55.145949+00:00
2026-06-23,sf,Paraguay,2.35,44,1.25,1.117,2026-07-04T15:36:55.145949+00:00
2026-06-23,sf,Portugal,24.464,44,32.0,28.603,2026-07-04T15:36:55.145949+00:00
2026-06-23,sf,Qatar,0.026,44,0.75,0.67,2026-07-04T15:36:55.145949+00:00
2026-06-23,sf,Saudi Arabia,0.114,44,0.6,0.536,2026-07-04T15:36:55.145949+00:00
2026-06-23,sf,Scotland,3.396,44,1.0,0.894,2026-07-04T15:36:55.145949+00:00
2026-06-23,sf,Senegal,7.38,44,3.95,3.531,2026-07-04T15:36:55.145949+00:00
2026-06-23,sf,South Africa,0.086,44,0.65,0.581,2026-07-04T15:36:55.145949+00:00
2026-06-23,sf,South Korea,2.59,44,2.75,2.458,2026-07-04T15:36:55.145949+00:00
2026-06-23,sf,Spain,48.324,44,44.5,39.777,2026-07-04T15:36:55.145949+00:00
2026-06-23,sf,Sweden,3.626,44,2.8,2.503,2026-07-04T15:36:55.145949+00:00
2026-06-23,sf,Switzerland,10.778,44,8.2,7.33,2026-07-04T15:36:55.145949+00:00
2026-06-23,sf,Tunisia,0.0,44,,,2026-07-04T15:36:55.145949+00:00
2026-06-23,sf,Turkey,0.0,44,,,2026-07-04T15:36:55.145949+00:00
2026-06-23,sf,United States,9.698,44,20.0,17.877,2026-07-04T15:36:55.145949+00:00
2026-06-23,sf,Uruguay,6.082,44,2.45,2.19,2026-07-04T15:36:55.145949+00:00
2026-06-23,sf,Uzbekistan,0.346,44,0.15,0.134,2026-07-04T15:36:55.145949+00:00
2026-06-24,final,Algeria,0.802,48,0.5,0.411,2026-07-04T15:36:55.145949+00:00
2026-06-24,final,Argentina,27.562,48,27.5,22.592,2026-07-04T15:36:55.145949+00:00
2026-06-24,final,Australia,0.232,48,1.55,1.273,2026-07-04T15:36:55.145949+00:00
2026-06-24,final,Austria,1.586,48,1.0,0.822,2026-07-04T15:36:55.145949+00:00
2026-06-24,final,Belgium,4.994,48,3.0,2.465,2026-07-04T15:36:55.145949+00:00
2026-06-24,final,Bosnia and Herzegovina,0.218,48,1.25,1.027,2026-07-04T15:36:55.145949+00:00
2026-06-24,final,Brazil,12.282,48,15.5,12.734,2026-07-04T15:36:55.145949+00:00
2026-06-24,final,Canada,1.442,48,1.6,1.314,2026-07-04T15:36:55.145949+00:00
2026-06-24,final,Cape Verde,0.042,48,0.75,0.616,2026-07-04T15:36:55.145949+00:00
2026-06-24,final,Colombia,4.774,48,5.55,4.559,2026-07-04T15:36:55.145949+00:00
2026-06-24,final,Croatia,4.256,48,2.35,1.931,2026-07-04T15:36:55.145949+00:00
2026-06-24,final,Curacao,0.002,48,0.2,0.164,2026-07-04T15:36:55.145949+00:00
2026-06-24,final,Czechia,0.288,48,1.0,0.822,2026-07-04T15:36:55.145949+00:00
2026-06-24,final,DR Congo,0.112,48,0.4,0.329,2026-07-04T15:36:55.145949+00:00
2026-06-24,final,Ecuador,0.878,48,1.05,0.863,2026-07-04T15:36:55.145949+00:00
2026-06-24,final,Egypt,0.726,48,0.65,0.534,2026-07-04T15:36:55.145949+00:00
2026-06-24,final,England,21.54,48,23.5,19.306,2026-07-04T15:36:55.145949+00:00
2026-06-24,final,France,23.792,48,32.5,26.7,2026-07-04T15:36:55.145949+00:00
2026-06-24,final,Germany,10.21,48,15.5,12.734,2026-07-04T15:36:55.145949+00:00
2026-06-24,final,Ghana,0.212,48,1.75,1.438,2026-07-04T15:36:55.145949+00:00
2026-06-24,final,Haiti,0.0,48,,,2026-07-04T15:36:55.145949+00:00
2026-06-24,final,Iran,0.176,48,0.2,0.164,2026-07-04T15:36:55.145949+00:00
2026-06-24,final,Iraq,0.0,48,0.25,0.205,2026-07-04T15:36:55.145949+00:00
2026-06-24,final,Ivory Coast,1.332,48,1.85,1.52,2026-07-04T15:36:55.145949+00:00
2026-06-24,final,Japan,2.972,48,5.05,4.149,2026-07-04T15:36:55.145949+00:00
2026-06-24,final,Jordan,0.0,48,,,2026-07-04T15:36:55.145949+00:00
2026-06-24,final,Mexico,1.364,48,6.8,5.586,2026-07-04T15:36:55.145949+00:00
2026-06-24,final,Morocco,3.16,48,6.95,5.71,2026-07-04T15:36:55.145949+00:00
2026-06-24,final,Netherlands,9.84,48,12.5,10.269,2026-07-04T15:36:55.145949+00:00
2026-06-24,final,New Zealand,0.004,48,0.4,0.329,2026-07-04T15:36:55.145949+00:00
2026-06-24,final,Norway,5.17,48,8.5,6.983,2026-07-04T15:36:55.145949+00:00
2026-06-24,final,Panama,0.0,48,,,2026-07-04T15:36:55.145949+00:00
2026-06-24,final,Paraguay,0.608,48,0.9,0.739,2026-07-04T15:36:55.145949+00:00
2026-06-24,final,Portugal,14.564,48,16.5,13.555,2026-07-04T15:36:55.145949+00:00
2026-06-24,final,Qatar,0.0,48,,,2026-07-04T15:36:55.145949+00:00
2026-06-24,final,Saudi Arabia,0.018,48,0.25,0.205,2026-07-04T15:36:55.145949+00:00
2026-06-24,final,Scotland,0.98,48,1.5,1.232,2026-07-04T15:36:55.145949+00:00
2026-06-24,final,Senegal,2.648,48,1.7,1.397,2026-07-04T15:36:55.145949+00:00
2026-06-24,final,South Africa,0.012,48,0.15,0.123,2026-07-04T15:36:55.145949+00:00
2026-06-24,final,South Korea,0.676,48,2.35,1.931,2026-07-04T15:36:55.145949+00:00
2026-06-24,final,Spain,30.09,48,27.5,22.592,2026-07-04T15:36:55.145949+00:00
2026-06-24,final,Sweden,1.15,48,1.65,1.356,2026-07-04T15:36:55.145949+00:00
2026-06-24,final,Switzerland,4.054,48,2.45,2.013,2026-07-04T15:36:55.145949+00:00
2026-06-24,final,Tunisia,0.0,48,,,2026-07-04T15:36:55.145949+00:00
2026-06-24,final,Turkey,0.0,48,,,2026-07-04T15:36:55.145949+00:00
2026-06-24,final,United States,2.89,48,7.25,5.956,2026-07-04T15:36:55.145949+00:00
2026-06-24,final,Uruguay,2.314,48,1.55,1.273,2026-07-04T15:36:55.145949+00:00
2026-06-24,final,Uzbekistan,0.028,48,0.1,0.082,2026-07-04T15:36:55.145949+00:00
2026-06-24,qf,Algeria,11.136,48,6.5,6.107,2026-07-04T15:36:55.145949+00:00
2026-06-24,qf,Argentina,67.646,48,66.5,62.482,2026-07-04T15:36:55.145949+00:00
2026-06-24,qf,Australia,3.75,48,7.55,7.094,2026-07-04T15:36:55.145949+00:00
2026-06-24,qf,Austria,12.068,48,12.5,11.745,2026-07-04T15:36:55.145949+00:00
2026-06-24,qf,Belgium,26.962,48,26.5,24.899,2026-07-04T15:36:55.145949+00:00
2026-06-24,qf,Bosnia and Herzegovina,7.152,48,6.1,5.731,2026-07-04T15:36:55.145949+00:00
2026-06-24,qf,Brazil,40.734,48,46.5,43.69,2026-07-04T15:36:55.145949+00:00
2026-06-24,qf,Canada,19.132,48,15.0,14.094,2026-07-04T15:36:55.145949+00:00
2026-06-24,qf,Cape Verde,1.826,48,5.05,4.745,2026-07-04T15:36:55.145949+00:00
2026-06-24,qf,Colombia,28.53,48,29.0,27.248,2026-07-04T15:36:55.145949+00:00
2026-06-24,qf,Croatia,21.674,48,15.5,14.563,2026-07-04T15:36:55.145949+00:00
2026-06-24,qf,Curacao,0.136,48,0.35,0.329,2026-07-04T15:36:55.145949+00:00
2026-06-24,qf,Czechia,5.666,48,2.0,1.879,2026-07-04T15:36:55.145949+00:00
2026-06-24,qf,DR Congo,2.392,48,3.35,3.148,2026-07-04T15:36:55.145949+00:00
2026-06-24,qf,Ecuador,5.792,48,3.55,3.335,2026-07-04T15:36:55.145949+00:00
2026-06-24,qf,Egypt,14.572,48,15.0,14.094,2026-07-04T15:36:55.145949+00:00
2026-06-24,qf,England,56.806,48,61.5,57.784,2026-07-04T15:36:55.145949+00:00
2026-06-24,qf,France,54.696,48,65.5,61.542,2026-07-04T15:36:55.145949+00:00
2026-06-24,qf,Germany,34.482,48,41.0,38.523,2026-07-04T15:36:55.145949+00:00
2026-06-24,qf,Ghana,5.758,48,9.7,9.114,2026-07-04T15:36:55.145949+00:00
2026-06-24,qf,Haiti,0.0,48,,,2026-07-04T15:36:55.145949+00:00
2026-06-24,qf,Iran,5.296,48,5.65,5.309,2026-07-04T15:36:55.145949+00:00
2026-06-24,qf,Iraq,0.088,48,0.75,0.705,2026-07-04T15:36:55.145949+00:00
2026-06-24,qf,Ivory Coast,12.566,48,13.5,12.684,2026-07-04T15:36:55.145949+00:00
2026-06-24,qf,Japan,19.418,48,26.5,24.899,2026-07-04T15:36:55.145949+00:00
2026-06-24,qf,Jordan,0.0,48,,,2026-07-04T15:36:55.145949+00:00
2026-06-24,qf,Mexico,13.04,48,27.0,25.368,2026-07-04T15:36:55.145949+00:00
2026-06-24,qf,Morocco,22.99,48,31.5,29.597,2026-07-04T15:36:55.145949+00:00
2026-06-24,qf,Netherlands,39.904,48,45.5,42.751,2026-07-04T15:36:55.145949+00:00
2026-06-24,qf,New Zealand,0.214,48,1.45,1.362,2026-07-04T15:36:55.145949+00:00
2026-06-24,qf,Norway,28.012,48,31.5,29.597,2026-07-04T15:36:55.145949+00:00
2026-06-24,qf,Panama,0.0,48,,,2026-07-04T15:36:55.145949+00:00
2026-06-24,qf,Paraguay,6.568,48,4.7,4.416,2026-07-04T15:36:55.145949+00:00
2026-06-24,qf,Portugal,45.082,48,50.5,47.448,2026-07-04T15:36:55.145949+00:00
2026-06-24,qf,Qatar,0.414,48,,,2026-07-04T15:36:55.145949+00:00
2026-06-24,qf,Saudi Arabia,0.624,48,1.8,1.691,2026-07-04T15:36:55.145949+00:00
2026-06-24,qf,Scotland,10.698,48,4.05,3.805,2026-07-04T15:36:55.145949+00:00
2026-06-24,qf,Senegal,18.286,48,11.0,10.335,2026-07-04T15:36:55.145949+00:00
2026-06-24,qf,South Africa,0.618,48,1.15,1.081,2026-07-04T15:36:55.145949+00:00
2026-06-24,qf,South Korea,11.516,48,10.5,9.866,2026-07-04T15:36:55.145949+00:00
2026-06-24,qf,Spain,57.004,48,59.5,55.905,2026-07-04T15:36:55.145949+00:00
2026-06-24,qf,Sweden,10.324,48,8.5,7.986,2026-07-04T15:36:55.145949+00:00
2026-06-24,qf,Switzerland,29.29,48,22.5,21.14,2026-07-04T15:36:55.145949+00:00
2026-06-24,qf,Tunisia,0.0,48,,,2026-07-04T15:36:55.145949+00:00
2026-06-24,qf,Turkey,0.0,48,,,2026-07-04T15:36:55.145949+00:00
2026-06-24,qf,United States,33.966,48,49.0,46.039,2026-07-04T15:36:55.145949+00:00
2026-06-24,qf,Uruguay,12.612,48,6.0,5.637,2026-07-04T15:36:55.145949+00:00
2026-06-24,qf,Uzbekistan,0.56,48,0.25,0.235,2026-07-04T15:36:55.145949+00:00
2026-06-24,r16,Algeria,28.528,48,21.5,21.088,2026-07-04T15:36:55.145949+00:00
2026-06-24,r16,Argentina,86.348,48,85.0,83.372,2026-07-04T15:36:55.145949+00:00
2026-06-24,r16,Australia,25.326,48,31.0,30.406,2026-07-04T15:36:55.145949+00:00
2026-06-24,r16,Austria,28.802,48,31.0,30.406,2026-07-04T15:36:55.145949+00:00
2026-06-24,r16,Belgium,62.612,48,59.0,57.87,2026-07-04T15:36:55.145949+00:00
2026-06-24,r16,Bosnia and Herzegovina,19.738,48,26.0,25.502,2026-07-04T15:36:55.145949+00:00
2026-06-24,r16,Brazil,62.958,48,66.0,64.736,2026-07-04T15:36:55.145949+00:00
2026-06-24,r16,Canada,55.026,48,51.5,50.513,2026-07-04T15:36:55.145949+00:00
2026-06-24,r16,Cape Verde,7.676,48,11.45,11.231,2026-07-04T15:36:55.145949+00:00
2026-06-24,r16,Colombia,59.49,48,59.0,57.87,2026-07-04T15:36:55.145949+00:00
2026-06-24,r16,Croatia,45.554,48,35.0,34.33,2026-07-04T15:36:55.145949+00:00
2026-06-24,r16,Curacao,1.18,48,0.65,0.638,2026-07-04T15:36:55.145949+00:00
2026-06-24,r16,Czechia,12.942,48,7.0,6.866,2026-07-04T15:36:55.145949+00:00
2026-06-24,r16,DR Congo,6.608,48,12.5,12.261,2026-07-04T15:36:55.145949+00:00
2026-06-24,r16,Ecuador,12.854,48,7.5,7.356,2026-07-04T15:36:55.145949+00:00
2026-06-24,r16,Egypt,42.076,48,42.0,41.195,2026-07-04T15:36:55.145949+00:00
2026-06-24,r16,England,77.556,48,84.5,82.881,2026-07-04T15:36:55.145949+00:00
2026-06-24,r16,France,79.974,48,88.0,86.314,2026-07-04T15:36:55.145949+00:00
2026-06-24,r16,Germany,75.278,48,82.5,80.92,2026-07-04T15:36:55.145949+00:00
2026-06-24,r16,Ghana,20.12,48,30.0,29.425,2026-07-04T15:36:55.145949+00:00
2026-06-24,r16,Haiti,0.0,48,,,2026-07-04T15:36:55.145949+00:00
2026-06-24,r16,Iran,21.892,48,23.0,22.559,2026-07-04T15:36:55.145949+00:00
2026-06-24,r16,Iraq,0.496,48,0.25,0.245,2026-07-04T15:36:55.145949+00:00
2026-06-24,r16,Ivory Coast,35.812,48,34.5,33.839,2026-07-04T15:36:55.145949+00:00
2026-06-24,r16,Japan,39.432,48,42.5,41.686,2026-07-04T15:36:55.145949+00:00
2026-06-24,r16,Jordan,0.0,48,,,2026-07-04T15:36:55.145949+00:00
2026-06-24,r16,Mexico,45.622,48,66.5,65.226,2026-07-04T15:36:55.145949+00:00
2026-06-24,r16,Morocco,42.938,48,44.5,43.648,2026-07-04T15:36:55.145949+00:00
2026-06-24,r16,Netherlands,58.4,48,62.5,61.303,2026-07-04T15:36:55.145949+00:00
2026-06-24,r16,New Zealand,2.182,48,1.15,1.128,2026-07-04T15:36:55.145949+00:00
2026-06-24,r16,Norway,61.986,48,62.5,61.303,2026-07-04T15:36:55.145949+00:00
2026-06-24,r16,Panama,0.0,48,,,2026-07-04T15:36:55.145949+00:00
2026-06-24,r16,Paraguay,30.292,48,20.5,20.107,2026-07-04T15:36:55.145949+00:00
2026-06-24,r16,Portugal,73.204,48,75.5,74.054,2026-07-04T15:36:55.145949+00:00
2026-06-24,r16,Qatar,2.418,48,,,2026-07-04T15:36:55.145949+00:00
2026-06-24,r16,Saudi Arabia,2.662,48,3.9,3.825,2026-07-04T15:36:55.145949+00:00
2026-06-24,r16,Scotland,35.258,48,11.5,11.28,2026-07-04T15:36:55.145949+00:00
2026-06-24,r16,Senegal,32.44,48,28.5,27.954,2026-07-04T15:36:55.145949+00:00
2026-06-24,r16,South Africa,3.64,48,1.5,1.471,2026-07-04T15:36:55.145949+00:00
2026-06-24,r16,South Korea,37.238,48,44.5,43.648,2026-07-04T15:36:55.145949+00:00
2026-06-24,r16,Spain,80.198,48,83.5,81.9,2026-07-04T15:36:55.145949+00:00
2026-06-24,r16,Sweden,26.132,48,25.5,25.011,2026-07-04T15:36:55.145949+00:00
2026-06-24,r16,Switzerland,66.59,48,66.5,65.226,2026-07-04T15:36:55.145949+00:00
2026-06-24,r16,Tunisia,0.0,48,,,2026-07-04T15:36:55.145949+00:00
2026-06-24,r16,Turkey,0.0,48,,,2026-07-04T15:36:55.145949+00:00
2026-06-24,r16,United States,65.314,48,77.0,75.525,2026-07-04T15:36:55.145949+00:00
2026-06-24,r16,Uruguay,23.672,48,21.0,20.598,2026-07-04T15:36:55.145949+00:00
2026-06-24,r16,Uzbekistan,1.536,48,3.35,3.286,2026-07-04T15:36:55.145949+00:00
2026-06-24,sf,Algeria,3.012,48,2.15,1.982,2026-07-04T15:36:55.145949+00:00
2026-06-24,sf,Argentina,46.454,48,47.5,43.789,2026-07-04T15:36:55.145949+00:00
2026-06-24,sf,Australia,0.992,48,2.35,2.166,2026-07-04T15:36:55.145949+00:00
2026-06-24,sf,Austria,5.044,48,3.8,3.503,2026-07-04T15:36:55.145949+00:00
2026-06-24,sf,Belgium,12.16,48,10.5,9.68,2026-07-04T15:36:55.145949+00:00
2026-06-24,sf,Bosnia and Herzegovina,1.168,48,1.65,1.521,2026-07-04T15:36:55.145949+00:00
2026-06-24,sf,Brazil,22.898,48,22.5,20.742,2026-07-04T15:36:55.145949+00:00
2026-06-24,sf,Canada,5.024,48,4.4,4.056,2026-07-04T15:36:55.145949+00:00
2026-06-24,sf,Cape Verde,0.31,48,1.45,1.337,2026-07-04T15:36:55.145949+00:00
2026-06-24,sf,Colombia,12.526,48,9.5,8.758,2026-07-04T15:36:55.145949+00:00
2026-06-24,sf,Croatia,10.604,48,5.8,5.347,2026-07-04T15:36:55.145949+00:00
2026-06-24,sf,Curacao,0.014,48,0.15,0.138,2026-07-04T15:36:55.145949+00:00
2026-06-24,sf,Czechia,1.25,48,2.25,2.074,2026-07-04T15:36:55.145949+00:00
2026-06-24,sf,DR Congo,0.606,48,2.2,2.028,2026-07-04T15:36:55.145949+00:00
2026-06-24,sf,Ecuador,2.238,48,1.65,1.521,2026-07-04T15:36:55.145949+00:00
2026-06-24,sf,Egypt,3.082,48,3.5,3.227,2026-07-04T15:36:55.145949+00:00
2026-06-24,sf,England,36.766,48,38.5,35.492,2026-07-04T15:36:55.145949+00:00
2026-06-24,sf,France,38.538,48,47.0,43.328,2026-07-04T15:36:55.145949+00:00
2026-06-24,sf,Germany,20.394,48,23.0,21.203,2026-07-04T15:36:55.145949+00:00
2026-06-24,sf,Ghana,1.138,48,3.3,3.042,2026-07-04T15:36:55.145949+00:00
2026-06-24,sf,Haiti,0.0,48,,,2026-07-04T15:36:55.145949+00:00
2026-06-24,sf,Iran,0.95,48,0.85,0.784,2026-07-04T15:36:55.145949+00:00
2026-06-24,sf,Iraq,0.002,48,0.05,0.046,2026-07-04T15:36:55.145949+00:00
2026-06-24,sf,Ivory Coast,4.232,48,4.9,4.517,2026-07-04T15:36:55.145949+00:00
2026-06-24,sf,Japan,7.81,48,12.5,11.523,2026-07-04T15:36:55.145949+00:00
2026-06-24,sf,Jordan,0.0,48,,,2026-07-04T15:36:55.145949+00:00
2026-06-24,sf,Mexico,4.29,48,12.0,11.062,2026-07-04T15:36:55.145949+00:00
2026-06-24,sf,Morocco,8.322,48,11.5,10.602,2026-07-04T15:36:55.145949+00:00
2026-06-24,sf,Netherlands,19.406,48,23.5,21.664,2026-07-04T15:36:55.145949+00:00
2026-06-24,sf,New Zealand,0.032,48,0.65,0.599,2026-07-04T15:36:55.145949+00:00
2026-06-24,sf,Norway,12.468,48,16.0,14.75,2026-07-04T15:36:55.145949+00:00
2026-06-24,sf,Panama,0.0,48,,,2026-07-04T15:36:55.145949+00:00
2026-06-24,sf,Paraguay,2.284,48,1.05,0.968,2026-07-04T15:36:55.145949+00:00
2026-06-24,sf,Portugal,26.79,48,31.5,29.039,2026-07-04T15:36:55.145949+00:00
2026-06-24,sf,Qatar,0.022,48,,,2026-07-04T15:36:55.145949+00:00
2026-06-24,sf,Saudi Arabia,0.108,48,0.6,0.553,2026-07-04T15:36:55.145949+00:00
2026-06-24,sf,Scotland,3.518,48,1.6,1.475,2026-07-04T15:36:55.145949+00:00
2026-06-24,sf,Senegal,6.924,48,3.45,3.18,2026-07-04T15:36:55.145949+00:00
2026-06-24,sf,South Africa,0.082,48,0.65,0.599,2026-07-04T15:36:55.145949+00:00
2026-06-24,sf,South Korea,2.568,48,2.05,1.89,2026-07-04T15:36:55.145949+00:00
2026-06-24,sf,Spain,46.348,48,44.5,41.023,2026-07-04T15:36:55.145949+00:00
2026-06-24,sf,Sweden,3.66,48,2.65,2.443,2026-07-04T15:36:55.145949+00:00
2026-06-24,sf,Switzerland,10.606,48,8.55,7.882,2026-07-04T15:36:55.145949+00:00
2026-06-24,sf,Tunisia,0.0,48,,,2026-07-04T15:36:55.145949+00:00
2026-06-24,sf,Turkey,0.0,48,,,2026-07-04T15:36:55.145949+00:00
2026-06-24,sf,United States,9.456,48,19.5,17.976,2026-07-04T15:36:55.145949+00:00
2026-06-24,sf,Uruguay,5.772,48,2.55,2.351,2026-07-04T15:36:55.145949+00:00
2026-06-24,sf,Uzbekistan,0.132,48,0.15,0.138,2026-07-04T15:36:55.145949+00:00
2026-06-25,final,Algeria,0.592,54,0.4,0.344,2026-07-04T15:36:55.439826+00:00
2026-06-25,final,Argentina,26.754,54,27.0,23.251,2026-07-04T15:36:55.439826+00:00
2026-06-25,final,Australia,0.238,54,0.95,0.818,2026-07-04T15:36:55.439826+00:00
2026-06-25,final,Austria,1.516,54,1.9,1.636,2026-07-04T15:36:55.439826+00:00
2026-06-25,final,Belgium,4.932,54,2.8,2.411,2026-07-04T15:36:55.439826+00:00
2026-06-25,final,Bosnia and Herzegovina,0.378,54,2.0,1.722,2026-07-04T15:36:55.439826+00:00
2026-06-25,final,Brazil,12.44,54,14.0,12.056,2026-07-04T15:36:55.439826+00:00
2026-06-25,final,Canada,1.954,54,1.6,1.378,2026-07-04T15:36:55.439826+00:00
2026-06-25,final,Cape Verde,0.032,54,0.75,0.646,2026-07-04T15:36:55.439826+00:00
2026-06-25,final,Colombia,4.628,54,5.2,4.478,2026-07-04T15:36:55.439826+00:00
2026-06-25,final,Croatia,4.206,54,3.1,2.67,2026-07-04T15:36:55.439826+00:00
2026-06-25,final,Curacao,0.0,54,0.05,0.043,2026-07-04T15:36:55.439826+00:00
2026-06-25,final,Czechia,0.0,54,,,2026-07-04T15:36:55.439826+00:00
2026-06-25,final,DR Congo,0.106,54,2.0,1.722,2026-07-04T15:36:55.439826+00:00
2026-06-25,final,Ecuador,0.732,54,1.05,0.904,2026-07-04T15:36:55.439826+00:00
2026-06-25,final,Egypt,0.706,54,0.75,0.646,2026-07-04T15:36:55.439826+00:00
2026-06-25,final,England,20.688,54,21.5,18.515,2026-07-04T15:36:55.439826+00:00
2026-06-25,final,France,24.74,54,32.5,27.987,2026-07-04T15:36:55.439826+00:00
2026-06-25,final,Germany,10.806,54,13.5,11.625,2026-07-04T15:36:55.439826+00:00
2026-06-25,final,Ghana,0.198,54,1.8,1.55,2026-07-04T15:36:55.439826+00:00
2026-06-25,final,Haiti,0.0,54,,,2026-07-04T15:36:55.439826+00:00
2026-06-25,final,Iran,0.166,54,0.3,0.258,2026-07-04T15:36:55.439826+00:00
2026-06-25,final,Iraq,0.0,54,0.15,0.129,2026-07-04T15:36:55.439826+00:00
2026-06-25,final,Ivory Coast,1.246,54,1.75,1.507,2026-07-04T15:36:55.439826+00:00
2026-06-25,final,Japan,2.98,54,4.1,3.531,2026-07-04T15:36:55.439826+00:00
2026-06-25,final,Jordan,0.0,54,,,2026-07-04T15:36:55.439826+00:00
2026-06-25,final,Mexico,1.256,54,6.5,5.597,2026-07-04T15:36:55.439826+00:00
2026-06-25,final,Morocco,3.446,54,5.55,4.779,2026-07-04T15:36:55.439826+00:00
2026-06-25,final,Netherlands,10.79,54,12.5,10.764,2026-07-04T15:36:55.439826+00:00
2026-06-25,final,New Zealand,0.002,54,0.2,0.172,2026-07-04T15:36:55.439826+00:00
2026-06-25,final,Norway,4.858,54,8.5,7.32,2026-07-04T15:36:55.439826+00:00
2026-06-25,final,Panama,0.0,54,,,2026-07-04T15:36:55.439826+00:00
2026-06-25,final,Paraguay,0.604,54,1.15,0.99,2026-07-04T15:36:55.439826+00:00
2026-06-25,final,Portugal,14.208,54,16.5,14.209,2026-07-04T15:36:55.439826+00:00
2026-06-25,final,Qatar,0.0,54,,,2026-07-04T15:36:55.439826+00:00
2026-06-25,final,Saudi Arabia,0.008,54,0.55,0.474,2026-07-04T15:36:55.439826+00:00
2026-06-25,final,Scotland,0.39,54,0.4,0.344,2026-07-04T15:36:55.439826+00:00
2026-06-25,final,Senegal,2.31,54,1.25,1.076,2026-07-04T15:36:55.439826+00:00
2026-06-25,final,South Africa,0.054,54,0.85,0.732,2026-07-04T15:36:55.439826+00:00
2026-06-25,final,South Korea,1.064,54,0.35,0.301,2026-07-04T15:36:55.439826+00:00
2026-06-25,final,Spain,30.472,54,26.5,22.82,2026-07-04T15:36:55.439826+00:00
2026-06-25,final,Sweden,1.194,54,1.85,1.593,2026-07-04T15:36:55.439826+00:00
2026-06-25,final,Switzerland,4.044,54,2.5,2.153,2026-07-04T15:36:55.439826+00:00
2026-06-25,final,Tunisia,0.0,54,,,2026-07-04T15:36:55.439826+00:00
2026-06-25,final,Turkey,0.0,54,,,2026-07-04T15:36:55.439826+00:00
2026-06-25,final,United States,3.124,54,6.45,5.554,2026-07-04T15:36:55.439826+00:00
2026-06-25,final,Uruguay,2.132,54,1.35,1.163,2026-07-04T15:36:55.439826+00:00
2026-06-25,final,Uzbekistan,0.006,54,0.15,0.129,2026-07-04T15:36:55.439826+00:00
2026-06-25,qf,Algeria,7.836,54,5.0,4.594,2026-07-04T15:36:55.145949+00:00
2026-06-25,qf,Argentina,67.646,54,68.5,62.938,2026-07-04T15:36:55.145949+00:00
2026-06-25,qf,Australia,3.738,54,7.95,7.304,2026-07-04T15:36:55.145949+00:00
2026-06-25,qf,Austria,10.694,54,12.0,11.026,2026-07-04T15:36:55.145949+00:00
2026-06-25,qf,Belgium,27.316,54,24.5,22.511,2026-07-04T15:36:55.145949+00:00
2026-06-25,qf,Bosnia and Herzegovina,12.818,54,7.55,6.937,2026-07-04T15:36:55.145949+00:00
2026-06-25,qf,Brazil,41.264,54,45.0,41.346,2026-07-04T15:36:55.145949+00:00
2026-06-25,qf,Canada,25.492,54,21.0,19.295,2026-07-04T15:36:55.145949+00:00
2026-06-25,qf,Cape Verde,1.538,54,4.85,4.456,2026-07-04T15:36:55.145949+00:00
2026-06-25,qf,Colombia,27.054,54,32.5,29.861,2026-07-04T15:36:55.145949+00:00
2026-06-25,qf,Croatia,20.69,54,13.5,12.404,2026-07-04T15:36:55.145949+00:00
2026-06-25,qf,Curacao,0.09,54,0.05,0.046,2026-07-04T15:36:55.145949+00:00
2026-06-25,qf,Czechia,0.0,54,,,2026-07-04T15:36:55.145949+00:00
2026-06-25,qf,DR Congo,2.172,54,3.2,2.94,2026-07-04T15:36:55.145949+00:00
2026-06-25,qf,Ecuador,4.788,54,16.7,15.344,2026-07-04T15:36:55.145949+00:00
2026-06-25,qf,Egypt,15.06,54,15.5,14.241,2026-07-04T15:36:55.145949+00:00
2026-06-25,qf,England,55.692,54,61.5,56.506,2026-07-04T15:36:55.145949+00:00
2026-06-25,qf,France,55.144,54,64.5,59.263,2026-07-04T15:36:55.145949+00:00
2026-06-25,qf,Germany,34.646,54,38.5,35.374,2026-07-04T15:36:55.145949+00:00
2026-06-25,qf,Ghana,5.18,54,13.1,12.036,2026-07-04T15:36:55.145949+00:00
2026-06-25,qf,Haiti,0.0,54,,,2026-07-04T15:36:55.145949+00:00
2026-06-25,qf,Iran,4.642,54,4.15,3.813,2026-07-04T15:36:55.145949+00:00
2026-06-25,qf,Iraq,0.022,54,0.75,0.689,2026-07-04T15:36:55.145949+00:00
2026-06-25,qf,Ivory Coast,11.214,54,11.5,10.566,2026-07-04T15:36:55.145949+00:00
2026-06-25,qf,Japan,18.956,54,23.5,21.592,2026-07-04T15:36:55.145949+00:00
2026-06-25,qf,Jordan,0.0,54,,,2026-07-04T15:36:55.145949+00:00
2026-06-25,qf,Mexico,13.22,54,29.5,27.105,2026-07-04T15:36:55.145949+00:00
2026-06-25,qf,Morocco,26.476,54,31.5,28.942,2026-07-04T15:36:55.145949+00:00
2026-06-25,qf,Netherlands,43.74,54,49.5,45.481,2026-07-04T15:36:55.145949+00:00
2026-06-25,qf,New Zealand,0.194,54,0.85,0.781,2026-07-04T15:36:55.145949+00:00
2026-06-25,qf,Norway,26.088,54,34.5,31.699,2026-07-04T15:36:55.145949+00:00
2026-06-25,qf,Panama,0.0,54,,,2026-07-04T15:36:55.145949+00:00
2026-06-25,qf,Paraguay,6.364,54,4.0,3.675,2026-07-04T15:36:55.145949+00:00
2026-06-25,qf,Portugal,43.396,54,48.0,44.102,2026-07-04T15:36:55.145949+00:00
2026-06-25,qf,Qatar,0.0,54,,,2026-07-04T15:36:55.145949+00:00
2026-06-25,qf,Saudi Arabia,0.562,54,1.15,1.057,2026-07-04T15:36:55.145949+00:00
2026-06-25,qf,Scotland,4.076,54,2.25,2.067,2026-07-04T15:36:55.145949+00:00
2026-06-25,qf,Senegal,16.026,54,10.5,9.647,2026-07-04T15:36:55.145949+00:00
2026-06-25,qf,South Africa,3.454,54,3.9,3.583,2026-07-04T15:36:55.145949+00:00
2026-06-25,qf,South Korea,20.172,54,9.5,8.729,2026-07-04T15:36:55.145949+00:00
2026-06-25,qf,Spain,56.452,54,60.0,55.128,2026-07-04T15:36:55.145949+00:00
2026-06-25,qf,Sweden,10.276,54,8.5,7.81,2026-07-04T15:36:55.145949+00:00
2026-06-25,qf,Switzerland,28.792,54,25.5,23.429,2026-07-04T15:36:55.145949+00:00
2026-06-25,qf,Tunisia,0.0,54,,,2026-07-04T15:36:55.145949+00:00
2026-06-25,qf,Turkey,0.0,54,,,2026-07-04T15:36:55.145949+00:00
2026-06-25,qf,United States,36.87,54,50.5,46.399,2026-07-04T15:36:55.145949+00:00
2026-06-25,qf,Uruguay,9.978,54,5.5,5.053,2026-07-04T15:36:55.145949+00:00
2026-06-25,qf,Uzbekistan,0.172,54,0.25,0.23,2026-07-04T15:36:55.145949+00:00
2026-06-25,r16,Algeria,22.15,54,20.5,20.057,2026-07-04T15:36:55.145949+00:00
2026-06-25,r16,Argentina,86.348,54,86.0,84.144,2026-07-04T15:36:55.145949+00:00
2026-06-25,r16,Australia,25.304,54,27.5,26.906,2026-07-04T15:36:55.145949+00:00
2026-06-25,r16,Austria,26.858,54,27.0,26.417,2026-07-04T15:36:55.145949+00:00
2026-06-25,r16,Belgium,62.336,54,56.5,55.28,2026-07-04T15:36:55.145949+00:00
2026-06-25,r16,Bosnia and Herzegovina,33.124,54,22.5,22.014,2026-07-04T15:36:55.145949+00:00
2026-06-25,r16,Brazil,64.188,54,70.0,68.489,2026-07-04T15:36:55.145949+00:00
2026-06-25,r16,Canada,74.908,54,72.5,70.935,2026-07-04T15:36:55.145949+00:00
2026-06-25,r16,Cape Verde,7.116,54,8.55,8.365,2026-07-04T15:36:55.145949+00:00
2026-06-25,r16,Colombia,59.486,54,63.0,61.64,2026-07-04T15:36:55.145949+00:00
2026-06-25,r16,Croatia,45.094,54,33.5,32.777,2026-07-04T15:36:55.145949+00:00
2026-06-25,r16,Curacao,1.166,54,0.05,0.049,2026-07-04T15:36:55.145949+00:00
2026-06-25,r16,Czechia,0.0,54,,,2026-07-04T15:36:55.145949+00:00
2026-06-25,r16,DR Congo,6.178,54,12.0,11.741,2026-07-04T15:36:55.145949+00:00
2026-06-25,r16,Ecuador,12.502,54,40.5,39.626,2026-07-04T15:36:55.145949+00:00
2026-06-25,r16,Egypt,41.418,54,40.5,39.626,2026-07-04T15:36:55.145949+00:00
2026-06-25,r16,England,76.094,54,84.5,82.676,2026-07-04T15:36:55.145949+00:00
2026-06-25,r16,France,81.01,54,87.5,85.611,2026-07-04T15:36:55.145949+00:00
2026-06-25,r16,Germany,76.106,54,79.0,77.295,2026-07-04T15:36:55.145949+00:00
2026-06-25,r16,Ghana,20.08,54,38.5,37.669,2026-07-04T15:36:55.145949+00:00
2026-06-25,r16,Haiti,0.0,54,,,2026-07-04T15:36:55.145949+00:00
2026-06-25,r16,Iran,19.146,54,20.5,20.057,2026-07-04T15:36:55.145949+00:00
2026-06-25,r16,Iraq,0.13,54,1.3,1.272,2026-07-04T15:36:55.145949+00:00
2026-06-25,r16,Ivory Coast,35.878,54,31.0,30.331,2026-07-04T15:36:55.145949+00:00
2026-06-25,r16,Japan,37.482,54,37.0,36.201,2026-07-04T15:36:55.145949+00:00
2026-06-25,r16,Jordan,0.0,54,,,2026-07-04T15:36:55.145949+00:00
2026-06-25,r16,Mexico,46.368,54,63.5,62.129,2026-07-04T15:36:55.145949+00:00
2026-06-25,r16,Morocco,40.332,54,42.5,41.583,2026-07-04T15:36:55.145949+00:00
2026-06-25,r16,Netherlands,58.9,54,60.5,59.194,2026-07-04T15:36:55.145949+00:00
2026-06-25,r16,New Zealand,2.02,54,1.65,1.614,2026-07-04T15:36:55.145949+00:00
2026-06-25,r16,Norway,62.366,54,67.5,66.043,2026-07-04T15:36:55.145949+00:00
2026-06-25,r16,Panama,0.0,54,,,2026-07-04T15:36:55.145949+00:00
2026-06-25,r16,Paraguay,29.628,54,19.5,19.079,2026-07-04T15:36:55.145949+00:00
2026-06-25,r16,Portugal,73.2,54,74.5,72.892,2026-07-04T15:36:55.145949+00:00
2026-06-25,r16,Qatar,0.0,54,,,2026-07-04T15:36:55.145949+00:00
2026-06-25,r16,Saudi Arabia,2.522,54,2.5,2.446,2026-07-04T15:36:55.145949+00:00
2026-06-25,r16,Scotland,14.696,54,4.5,4.403,2026-07-04T15:36:55.145949+00:00
2026-06-25,r16,Senegal,30.584,54,23.5,22.993,2026-07-04T15:36:55.145949+00:00
2026-06-25,r16,South Africa,25.092,54,26.45,25.879,2026-07-04T15:36:55.145949+00:00
2026-06-25,r16,South Korea,43.186,54,28.5,27.885,2026-07-04T15:36:55.145949+00:00
2026-06-25,r16,Spain,79.954,54,81.5,79.741,2026-07-04T15:36:55.145949+00:00
2026-06-25,r16,Sweden,27.0,54,18.0,17.611,2026-07-04T15:36:55.145949+00:00
2026-06-25,r16,Switzerland,62.156,54,66.5,65.065,2026-07-04T15:36:55.145949+00:00
2026-06-25,r16,Tunisia,0.0,54,,,2026-07-04T15:36:55.145949+00:00
2026-06-25,r16,Turkey,0.0,54,,,2026-07-04T15:36:55.145949+00:00
2026-06-25,r16,United States,66.826,54,75.5,73.87,2026-07-04T15:36:55.145949+00:00
2026-06-25,r16,Uruguay,20.636,54,17.0,16.633,2026-07-04T15:36:55.145949+00:00
2026-06-25,r16,Uzbekistan,0.432,54,1.8,1.761,2026-07-04T15:36:55.145949+00:00
2026-06-25,sf,Algeria,2.352,54,2.2,1.988,2026-07-04T15:36:55.439826+00:00
2026-06-25,sf,Argentina,45.704,54,47.5,42.923,2026-07-04T15:36:55.145949+00:00
2026-06-25,sf,Australia,0.98,54,1.8,1.627,2026-07-04T15:36:55.439826+00:00
2026-06-25,sf,Austria,4.83,54,3.4,3.072,2026-07-04T15:36:55.145949+00:00
2026-06-25,sf,Belgium,12.15,54,10.5,9.488,2026-07-04T15:36:55.145949+00:00
2026-06-25,sf,Bosnia and Herzegovina,2.076,54,2.5,2.259,2026-07-04T15:36:55.439826+00:00
2026-06-25,sf,Brazil,23.25,54,28.0,25.302,2026-07-04T15:36:55.145949+00:00
2026-06-25,sf,Canada,6.44,54,4.5,4.066,2026-07-04T15:36:55.145949+00:00
2026-06-25,sf,Cape Verde,0.262,54,1.0,0.904,2026-07-04T15:36:55.439826+00:00
2026-06-25,sf,Colombia,12.278,54,11.0,9.94,2026-07-04T15:36:55.145949+00:00
2026-06-25,sf,Croatia,10.482,54,5.5,4.97,2026-07-04T15:36:55.145949+00:00
2026-06-25,sf,Curacao,0.014,54,0.05,0.045,2026-07-04T15:36:55.439826+00:00
2026-06-25,sf,Czechia,0.0,54,,,2026-07-04T15:36:55.439826+00:00
2026-06-25,sf,DR Congo,0.518,54,1.85,1.672,2026-07-04T15:36:55.439826+00:00
2026-06-25,sf,Ecuador,1.934,54,4.55,4.112,2026-07-04T15:36:55.439826+00:00
2026-06-25,sf,Egypt,3.13,54,3.85,3.479,2026-07-04T15:36:55.439826+00:00
2026-06-25,sf,England,35.112,54,36.5,32.983,2026-07-04T15:36:55.145949+00:00
2026-06-25,sf,France,39.852,54,47.0,42.471,2026-07-04T15:36:55.145949+00:00
2026-06-25,sf,Germany,21.31,54,20.5,18.525,2026-07-04T15:36:55.145949+00:00
2026-06-25,sf,Ghana,1.064,54,3.25,2.937,2026-07-04T15:36:55.439826+00:00
2026-06-25,sf,Haiti,0.0,54,,,2026-07-04T15:36:55.439826+00:00
2026-06-25,sf,Iran,0.836,54,2.5,2.259,2026-07-04T15:36:55.439826+00:00
2026-06-25,sf,Iraq,0.004,54,0.05,0.045,2026-07-04T15:36:55.439826+00:00
2026-06-25,sf,Ivory Coast,3.878,54,4.2,3.795,2026-07-04T15:36:55.145949+00:00
2026-06-25,sf,Japan,7.658,54,13.0,11.747,2026-07-04T15:36:55.145949+00:00
2026-06-25,sf,Jordan,0.0,54,,,2026-07-04T15:36:55.439826+00:00
2026-06-25,sf,Mexico,4.03,54,15.0,13.555,2026-07-04T15:36:55.145949+00:00
2026-06-25,sf,Morocco,9.152,54,11.5,10.392,2026-07-04T15:36:55.145949+00:00
2026-06-25,sf,Netherlands,21.126,54,22.5,20.332,2026-07-04T15:36:55.145949+00:00
2026-06-25,sf,New Zealand,0.022,54,0.3,0.271,2026-07-04T15:36:55.439826+00:00
2026-06-25,sf,Norway,11.78,54,17.5,15.814,2026-07-04T15:36:55.145949+00:00
2026-06-25,sf,Panama,0.0,54,,,2026-07-04T15:36:55.439826+00:00
2026-06-25,sf,Paraguay,2.23,54,1.65,1.491,2026-07-04T15:36:55.439826+00:00
2026-06-25,sf,Portugal,26.354,54,30.5,27.561,2026-07-04T15:36:55.145949+00:00
2026-06-25,sf,Qatar,0.0,54,,,2026-07-04T15:36:55.439826+00:00
2026-06-25,sf,Saudi Arabia,0.078,54,1.25,1.13,2026-07-04T15:36:55.439826+00:00
2026-06-25,sf,Scotland,1.394,54,1.1,0.994,2026-07-04T15:36:55.439826+00:00
2026-06-25,sf,Senegal,6.354,54,3.4,3.072,2026-07-04T15:36:55.145949+00:00
2026-06-25,sf,South Africa,0.382,54,0.75,0.678,2026-07-04T15:36:55.439826+00:00
2026-06-25,sf,South Korea,4.394,54,2.05,1.852,2026-07-04T15:36:55.145949+00:00
2026-06-25,sf,Spain,46.74,54,44.5,40.212,2026-07-04T15:36:55.145949+00:00
2026-06-25,sf,Sweden,3.75,54,3.15,2.846,2026-07-04T15:36:55.145949+00:00
2026-06-25,sf,Switzerland,10.678,54,10.05,9.082,2026-07-04T15:36:55.145949+00:00
2026-06-25,sf,Tunisia,0.0,54,,,2026-07-04T15:36:55.439826+00:00
2026-06-25,sf,Turkey,0.0,54,,,2026-07-04T15:36:55.439826+00:00
2026-06-25,sf,United States,10.164,54,20.0,18.073,2026-07-04T15:36:55.145949+00:00
2026-06-25,sf,Uruguay,5.226,54,2.1,1.898,2026-07-04T15:36:55.145949+00:00
2026-06-25,sf,Uzbekistan,0.032,54,0.15,0.136,2026-07-04T15:36:55.439826+00:00
2026-06-26,final,Algeria,0.532,60,0.8,0.674,2026-07-04T15:36:55.439826+00:00
2026-06-26,final,Argentina,27.144,60,27.5,23.177,2026-07-04T15:36:55.439826+00:00
2026-06-26,final,Australia,0.24,60,1.0,0.843,2026-07-04T15:36:55.439826+00:00
2026-06-26,final,Austria,1.372,60,2.35,1.981,2026-07-04T15:36:55.439826+00:00
2026-06-26,final,Belgium,5.062,60,3.05,2.571,2026-07-04T15:36:55.439826+00:00
2026-06-26,final,Bosnia and Herzegovina,0.338,60,2.0,1.686,2026-07-04T15:36:55.439826+00:00
2026-06-26,final,Brazil,12.728,60,14.5,12.221,2026-07-04T15:36:55.439826+00:00
2026-06-26,final,Canada,1.818,60,1.8,1.517,2026-07-04T15:36:55.439826+00:00
2026-06-26,final,Cape Verde,0.036,60,0.9,0.759,2026-07-04T15:36:55.439826+00:00
2026-06-26,final,Colombia,4.624,60,5.0,4.214,2026-07-04T15:36:55.439826+00:00
2026-06-26,final,Croatia,3.944,60,2.55,2.149,2026-07-04T15:36:55.439826+00:00
2026-06-26,final,Curacao,0.0,60,,,2026-07-04T15:36:55.439826+00:00
2026-06-26,final,Czechia,0.0,60,,,2026-07-04T15:36:55.439826+00:00
2026-06-26,final,DR Congo,0.106,60,1.25,1.054,2026-07-04T15:36:55.439826+00:00
2026-06-26,final,Ecuador,3.152,60,1.05,0.885,2026-07-04T15:36:55.439826+00:00
2026-06-26,final,Egypt,0.74,60,1.35,1.138,2026-07-04T15:36:55.439826+00:00
2026-06-26,final,England,20.414,60,22.0,18.542,2026-07-04T15:36:55.439826+00:00
2026-06-26,final,France,24.046,60,36.5,30.763,2026-07-04T15:36:55.439826+00:00
2026-06-26,final,Germany,10.336,60,10.0,8.428,2026-07-04T15:36:55.439826+00:00
2026-06-26,final,Ghana,0.208,60,1.6,1.349,2026-07-04T15:36:55.439826+00:00
2026-06-26,final,Haiti,0.0,60,,,2026-07-04T15:36:55.439826+00:00
2026-06-26,final,Iran,0.154,60,0.3,0.253,2026-07-04T15:36:55.439826+00:00
2026-06-26,final,Iraq,0.0,60,,,2026-07-04T15:36:55.439826+00:00
2026-06-26,final,Ivory Coast,1.26,60,1.75,1.475,2026-07-04T15:36:55.439826+00:00
2026-06-26,final,Japan,2.568,60,2.85,2.402,2026-07-04T15:36:55.439826+00:00
2026-06-26,final,Jordan,0.0,60,,,2026-07-04T15:36:55.439826+00:00
2026-06-26,final,Mexico,1.142,60,6.65,5.605,2026-07-04T15:36:55.439826+00:00
2026-06-26,final,Morocco,3.114,60,6.15,5.183,2026-07-04T15:36:55.439826+00:00
2026-06-26,final,Netherlands,11.856,60,13.5,11.378,2026-07-04T15:36:55.439826+00:00
2026-06-26,final,New Zealand,0.002,60,0.2,0.169,2026-07-04T15:36:55.439826+00:00
2026-06-26,final,Norway,4.762,60,7.0,5.9,2026-07-04T15:36:55.439826+00:00
2026-06-26,final,Panama,0.0,60,,,2026-07-04T15:36:55.439826+00:00
2026-06-26,final,Paraguay,0.574,60,1.6,1.349,2026-07-04T15:36:55.439826+00:00
2026-06-26,final,Portugal,14.156,60,17.0,14.328,2026-07-04T15:36:55.439826+00:00
2026-06-26,final,Qatar,0.0,60,,,2026-07-04T15:36:55.439826+00:00
2026-06-26,final,Saudi Arabia,0.018,60,0.7,0.59,2026-07-04T15:36:55.439826+00:00
2026-06-26,final,Scotland,0.116,60,0.35,0.295,2026-07-04T15:36:55.439826+00:00
2026-06-26,final,Senegal,1.928,60,1.4,1.18,2026-07-04T15:36:55.439826+00:00
2026-06-26,final,South Africa,0.05,60,0.95,0.801,2026-07-04T15:36:55.439826+00:00
2026-06-26,final,South Korea,0.67,60,0.95,0.801,2026-07-04T15:36:55.439826+00:00
2026-06-26,final,Spain,30.432,60,27.0,22.756,2026-07-04T15:36:55.439826+00:00
2026-06-26,final,Sweden,1.084,60,1.65,1.391,2026-07-04T15:36:55.439826+00:00
2026-06-26,final,Switzerland,4.104,60,2.55,2.149,2026-07-04T15:36:55.439826+00:00
2026-06-26,final,Tunisia,0.0,60,,,2026-07-04T15:36:55.439826+00:00
2026-06-26,final,Turkey,0.0,60,,,2026-07-04T15:36:55.439826+00:00
2026-06-26,final,United States,2.982,60,7.15,6.026,2026-07-04T15:36:55.439826+00:00
2026-06-26,final,Uruguay,2.184,60,2.25,1.896,2026-07-04T15:36:55.439826+00:00
2026-06-26,final,Uzbekistan,0.004,60,0.15,0.126,2026-07-04T15:36:55.439826+00:00
2026-06-26,qf,Algeria,7.324,60,6.0,5.906,2026-07-04T15:36:55.439826+00:00
2026-06-26,qf,Argentina,68.222,60,68.5,67.421,2026-07-04T15:36:55.439826+00:00
2026-06-26,qf,Australia,5.144,60,7.35,7.234,2026-07-04T15:36:55.439826+00:00
2026-06-26,qf,Austria,9.674,60,6.0,5.906,2026-07-04T15:36:55.439826+00:00
2026-06-26,qf,Belgium,27.83,60,23.5,23.13,2026-07-04T15:36:55.439826+00:00
2026-06-26,qf,Bosnia and Herzegovina,12.352,60,7.85,7.726,2026-07-04T15:36:55.439826+00:00
2026-06-26,qf,Brazil,42.422,60,48.0,47.244,2026-07-04T15:36:55.439826+00:00
2026-06-26,qf,Canada,23.832,60,18.0,17.717,2026-07-04T15:36:55.439826+00:00
2026-06-26,qf,Cape Verde,1.778,60,3.95,3.888,2026-07-04T15:36:55.439826+00:00
2026-06-26,qf,Colombia,27.066,60,29.5,29.035,2026-07-04T15:36:55.439826+00:00
2026-06-26,qf,Croatia,19.474,60,11.0,10.827,2026-07-04T15:36:55.439826+00:00
2026-06-26,qf,Curacao,0.0,60,,,2026-07-04T15:36:55.439826+00:00
2026-06-26,qf,Czechia,0.0,60,,,2026-07-04T15:36:55.439826+00:00
2026-06-26,qf,DR Congo,2.108,60,1.7,1.673,2026-07-04T15:36:55.439826+00:00
2026-06-26,qf,Ecuador,21.082,60,14.35,14.124,2026-07-04T15:36:55.439826+00:00
2026-06-26,qf,Egypt,15.394,60,12.5,12.303,2026-07-04T15:36:55.439826+00:00
2026-06-26,qf,England,54.374,60,59.5,58.563,2026-07-04T15:36:55.439826+00:00
2026-06-26,qf,France,55.048,60,65.5,64.469,2026-07-04T15:36:55.439826+00:00
2026-06-26,qf,Germany,34.646,60,34.0,33.465,2026-07-04T15:36:55.439826+00:00
2026-06-26,qf,Ghana,5.166,60,10.2,10.039,2026-07-04T15:36:55.439826+00:00
2026-06-26,qf,Haiti,0.0,60,,,2026-07-04T15:36:55.439826+00:00
2026-06-26,qf,Iran,4.98,60,4.6,4.528,2026-07-04T15:36:55.439826+00:00
2026-06-26,qf,Iraq,0.004,60,,,2026-07-04T15:36:55.439826+00:00
2026-06-26,qf,Ivory Coast,11.68,60,9.5,9.35,2026-07-04T15:36:55.439826+00:00
2026-06-26,qf,Japan,16.508,60,15.0,14.764,2026-07-04T15:36:55.439826+00:00
2026-06-26,qf,Jordan,0.0,60,,,2026-07-04T15:36:55.439826+00:00
2026-06-26,qf,Mexico,12.084,60,28.0,27.559,2026-07-04T15:36:55.439826+00:00
2026-06-26,qf,Morocco,23.888,60,26.5,26.083,2026-07-04T15:36:55.439826+00:00
2026-06-26,qf,Netherlands,49.212,60,49.5,48.72,2026-07-04T15:36:55.439826+00:00
2026-06-26,qf,New Zealand,0.228,60,0.35,0.344,2026-07-04T15:36:55.439826+00:00
2026-06-26,qf,Norway,25.686,60,32.5,31.988,2026-07-04T15:36:55.439826+00:00
2026-06-26,qf,Panama,0.0,60,,,2026-07-04T15:36:55.439826+00:00
2026-06-26,qf,Paraguay,5.672,60,2.55,2.51,2026-07-04T15:36:55.439826+00:00
2026-06-26,qf,Portugal,43.386,60,47.0,46.26,2026-07-04T15:36:55.439826+00:00
2026-06-26,qf,Qatar,0.0,60,,,2026-07-04T15:36:55.439826+00:00
2026-06-26,qf,Saudi Arabia,0.644,60,0.85,0.837,2026-07-04T15:36:55.439826+00:00
2026-06-26,qf,Scotland,1.2,60,1.1,1.083,2026-07-04T15:36:55.439826+00:00
2026-06-26,qf,Senegal,13.246,60,11.0,10.827,2026-07-04T15:36:55.439826+00:00
2026-06-26,qf,South Africa,3.068,60,4.7,4.626,2026-07-04T15:36:55.439826+00:00
2026-06-26,qf,South Korea,14.038,60,2.5,2.461,2026-07-04T15:36:55.439826+00:00
2026-06-26,qf,Spain,57.132,60,60.5,59.547,2026-07-04T15:36:55.439826+00:00
2026-06-26,qf,Sweden,8.36,60,7.5,7.382,2026-07-04T15:36:55.439826+00:00
2026-06-26,qf,Switzerland,29.268,60,24.5,24.114,2026-07-04T15:36:55.439826+00:00
2026-06-26,qf,Tunisia,0.0,60,,,2026-07-04T15:36:55.439826+00:00
2026-06-26,qf,Turkey,0.0,60,,,2026-07-04T15:36:55.439826+00:00
2026-06-26,qf,United States,35.684,60,50.5,49.705,2026-07-04T15:36:55.439826+00:00
2026-06-26,qf,Uruguay,11.066,60,6.5,6.398,2026-07-04T15:36:55.439826+00:00
2026-06-26,qf,Uzbekistan,0.03,60,0.25,0.246,2026-07-04T15:36:55.439826+00:00
2026-06-26,r16,Algeria,18.768,60,20.5,20.805,2026-07-04T15:36:55.439826+00:00
2026-06-26,r16,Argentina,86.348,60,84.5,85.757,2026-07-04T15:36:55.439826+00:00
2026-06-26,r16,Australia,34.918,60,38.0,38.565,2026-07-04T15:36:55.439826+00:00
2026-06-26,r16,Austria,23.516,60,18.5,18.775,2026-07-04T15:36:55.439826+00:00
2026-06-26,r16,Belgium,64.26,60,59.0,59.878,2026-07-04T15:36:55.439826+00:00
2026-06-26,r16,Bosnia and Herzegovina,33.14,60,20.0,20.297,2026-07-04T15:36:55.439826+00:00
2026-06-26,r16,Brazil,65.846,60,70.5,71.549,2026-07-04T15:36:55.439826+00:00
2026-06-26,r16,Canada,74.908,60,72.0,73.071,2026-07-04T15:36:55.439826+00:00
2026-06-26,r16,Cape Verde,7.344,60,11.0,11.164,2026-07-04T15:36:55.439826+00:00
2026-06-26,r16,Colombia,59.532,60,58.5,59.37,2026-07-04T15:36:55.439826+00:00
2026-06-26,r16,Croatia,43.124,60,30.0,30.446,2026-07-04T15:36:55.439826+00:00
2026-06-26,r16,Curacao,0.0,60,,,2026-07-04T15:36:55.439826+00:00
2026-06-26,r16,Czechia,0.0,60,,,2026-07-04T15:36:55.439826+00:00
2026-06-26,r16,DR Congo,6.132,60,12.0,12.178,2026-07-04T15:36:55.439826+00:00
2026-06-26,r16,Ecuador,54.154,60,36.5,37.043,2026-07-04T15:36:55.439826+00:00
2026-06-26,r16,Egypt,43.016,60,44.0,44.654,2026-07-04T15:36:55.439826+00:00
2026-06-26,r16,England,75.412,60,83.5,84.742,2026-07-04T15:36:55.439826+00:00
2026-06-26,r16,France,80.538,60,87.0,88.294,2026-07-04T15:36:55.439826+00:00
2026-06-26,r16,Germany,75.14,60,79.5,80.683,2026-07-04T15:36:55.439826+00:00
2026-06-26,r16,Ghana,20.038,60,23.5,23.85,2026-07-04T15:36:55.439826+00:00
2026-06-26,r16,Haiti,0.0,60,,,2026-07-04T15:36:55.439826+00:00
2026-06-26,r16,Iran,20.744,60,18.0,18.268,2026-07-04T15:36:55.439826+00:00
2026-06-26,r16,Iraq,0.016,60,,,2026-07-04T15:36:55.439826+00:00
2026-06-26,r16,Ivory Coast,36.308,60,37.0,37.55,2026-07-04T15:36:55.439826+00:00
2026-06-26,r16,Japan,34.154,60,28.0,28.416,2026-07-04T15:36:55.439826+00:00
2026-06-26,r16,Jordan,0.0,60,,,2026-07-04T15:36:55.439826+00:00
2026-06-26,r16,Mexico,42.382,60,63.5,64.445,2026-07-04T15:36:55.439826+00:00
2026-06-26,r16,Morocco,36.44,60,37.5,38.058,2026-07-04T15:36:55.439826+00:00
2026-06-26,r16,Netherlands,63.56,60,63.0,63.937,2026-07-04T15:36:55.439826+00:00
2026-06-26,r16,New Zealand,2.344,60,1.6,1.624,2026-07-04T15:36:55.439826+00:00
2026-06-26,r16,Norway,60.41,60,66.5,67.489,2026-07-04T15:36:55.439826+00:00
2026-06-26,r16,Panama,0.0,60,,,2026-07-04T15:36:55.439826+00:00
2026-06-26,r16,Paraguay,24.778,60,17.0,17.253,2026-07-04T15:36:55.439826+00:00
2026-06-26,r16,Portugal,73.236,60,77.0,78.145,2026-07-04T15:36:55.439826+00:00
2026-06-26,r16,Qatar,0.0,60,,,2026-07-04T15:36:55.439826+00:00
2026-06-26,r16,Saudi Arabia,2.664,60,1.8,1.827,2026-07-04T15:36:55.439826+00:00
2026-06-26,r16,Scotland,4.31,60,1.5,1.522,2026-07-04T15:36:55.439826+00:00
2026-06-26,r16,Senegal,23.682,60,30.5,30.954,2026-07-04T15:36:55.439826+00:00
2026-06-26,r16,South Africa,25.092,60,29.7,30.142,2026-07-04T15:36:55.439826+00:00
2026-06-26,r16,South Korea,29.582,60,5.5,5.582,2026-07-04T15:36:55.439826+00:00
2026-06-26,r16,Spain,80.302,60,80.0,81.19,2026-07-04T15:36:55.439826+00:00
2026-06-26,r16,Sweden,22.874,60,15.5,15.731,2026-07-04T15:36:55.439826+00:00
2026-06-26,r16,Switzerland,63.194,60,64.5,65.459,2026-07-04T15:36:55.439826+00:00
2026-06-26,r16,Tunisia,0.0,60,,,2026-07-04T15:36:55.439826+00:00
2026-06-26,r16,Turkey,0.0,60,,,2026-07-04T15:36:55.439826+00:00
2026-06-26,r16,United States,66.86,60,79.5,80.683,2026-07-04T15:36:55.439826+00:00
2026-06-26,r16,Uruguay,20.86,60,9.0,9.134,2026-07-04T15:36:55.439826+00:00
2026-06-26,r16,Uzbekistan,0.074,60,1.45,1.472,2026-07-04T15:36:55.439826+00:00
2026-06-26,sf,Algeria,2.078,60,1.6,1.516,2026-07-04T15:36:55.439826+00:00
2026-06-26,sf,Argentina,46.07,60,46.5,44.065,2026-07-04T15:36:55.439826+00:00
2026-06-26,sf,Australia,1.304,60,2.25,2.132,2026-07-04T15:36:55.439826+00:00
2026-06-26,sf,Austria,4.396,60,2.2,2.085,2026-07-04T15:36:55.439826+00:00
2026-06-26,sf,Belgium,12.386,60,8.0,7.581,2026-07-04T15:36:55.439826+00:00
2026-06-26,sf,Bosnia and Herzegovina,1.992,60,2.1,1.99,2026-07-04T15:36:55.439826+00:00
2026-06-26,sf,Brazil,24.044,60,26.0,24.639,2026-07-04T15:36:55.439826+00:00
2026-06-26,sf,Canada,6.162,60,4.55,4.312,2026-07-04T15:36:55.439826+00:00
2026-06-26,sf,Cape Verde,0.286,60,1.3,1.232,2026-07-04T15:36:55.439826+00:00
2026-06-26,sf,Colombia,12.108,60,12.5,11.846,2026-07-04T15:36:55.439826+00:00
2026-06-26,sf,Croatia,9.848,60,4.75,4.501,2026-07-04T15:36:55.439826+00:00
2026-06-26,sf,Curacao,0.0,60,,,2026-07-04T15:36:55.439826+00:00
2026-06-26,sf,Czechia,0.0,60,,,2026-07-04T15:36:55.439826+00:00
2026-06-26,sf,DR Congo,0.506,60,1.15,1.09,2026-07-04T15:36:55.439826+00:00
2026-06-26,sf,Ecuador,8.496,60,6.9,6.539,2026-07-04T15:36:55.439826+00:00
2026-06-26,sf,Egypt,3.182,60,3.0,2.843,2026-07-04T15:36:55.439826+00:00
2026-06-26,sf,England,34.608,60,35.5,33.641,2026-07-04T15:36:55.439826+00:00
2026-06-26,sf,France,38.926,60,50.0,47.382,2026-07-04T15:36:55.439826+00:00
2026-06-26,sf,Germany,20.564,60,21.0,19.9,2026-07-04T15:36:55.439826+00:00
2026-06-26,sf,Ghana,1.066,60,3.55,3.364,2026-07-04T15:36:55.439826+00:00
2026-06-26,sf,Haiti,0.0,60,,,2026-07-04T15:36:55.439826+00:00
2026-06-26,sf,Iran,0.842,60,1.8,1.706,2026-07-04T15:36:55.439826+00:00
2026-06-26,sf,Iraq,0.002,60,,,2026-07-04T15:36:55.439826+00:00
2026-06-26,sf,Ivory Coast,4.02,60,3.6,3.412,2026-07-04T15:36:55.439826+00:00
2026-06-26,sf,Japan,6.732,60,6.0,5.686,2026-07-04T15:36:55.439826+00:00
2026-06-26,sf,Jordan,0.0,60,,,2026-07-04T15:36:55.439826+00:00
2026-06-26,sf,Mexico,3.758,60,14.0,13.267,2026-07-04T15:36:55.439826+00:00
2026-06-26,sf,Morocco,8.34,60,10.5,9.95,2026-07-04T15:36:55.439826+00:00
2026-06-26,sf,Netherlands,23.478,60,23.5,22.27,2026-07-04T15:36:55.439826+00:00
2026-06-26,sf,New Zealand,0.028,60,0.3,0.284,2026-07-04T15:36:55.439826+00:00
2026-06-26,sf,Norway,11.51,60,15.0,14.215,2026-07-04T15:36:55.439826+00:00
2026-06-26,sf,Panama,0.0,60,,,2026-07-04T15:36:55.439826+00:00
2026-06-26,sf,Paraguay,1.958,60,1.55,1.469,2026-07-04T15:36:55.439826+00:00
2026-06-26,sf,Portugal,26.058,60,29.5,27.955,2026-07-04T15:36:55.439826+00:00
2026-06-26,sf,Qatar,0.0,60,,,2026-07-04T15:36:55.439826+00:00
2026-06-26,sf,Saudi Arabia,0.104,60,0.85,0.805,2026-07-04T15:36:55.439826+00:00
2026-06-26,sf,Scotland,0.434,60,1.1,1.042,2026-07-04T15:36:55.439826+00:00
2026-06-26,sf,Senegal,5.052,60,3.0,2.843,2026-07-04T15:36:55.439826+00:00
2026-06-26,sf,South Africa,0.346,60,1.45,1.374,2026-07-04T15:36:55.439826+00:00
2026-06-26,sf,South Korea,2.996,60,2.2,2.085,2026-07-04T15:36:55.439826+00:00
2026-06-26,sf,Spain,46.996,60,43.0,40.749,2026-07-04T15:36:55.439826+00:00
2026-06-26,sf,Sweden,3.304,60,3.15,2.985,2026-07-04T15:36:55.439826+00:00
2026-06-26,sf,Switzerland,10.84,60,6.85,6.491,2026-07-04T15:36:55.439826+00:00
2026-06-26,sf,Tunisia,0.0,60,,,2026-07-04T15:36:55.439826+00:00
2026-06-26,sf,Turkey,0.0,60,,,2026-07-04T15:36:55.439826+00:00
2026-06-26,sf,United States,9.838,60,19.5,18.479,2026-07-04T15:36:55.439826+00:00
2026-06-26,sf,Uruguay,5.336,60,2.25,2.132,2026-07-04T15:36:55.439826+00:00
2026-06-26,sf,Uzbekistan,0.006,60,0.15,0.142,2026-07-04T15:36:55.439826+00:00
2026-06-27,final,Algeria,0.446,66,0.5,0.418,2026-07-04T15:36:55.439826+00:00
2026-06-27,final,Argentina,32.648,66,34.5,28.852,2026-07-04T15:36:55.439826+00:00
2026-06-27,final,Australia,0.358,66,0.95,0.794,2026-07-04T15:36:55.439826+00:00
2026-06-27,final,Austria,0.968,66,1.6,1.338,2026-07-04T15:36:55.439826+00:00
2026-06-27,final,Belgium,5.22,66,3.85,3.22,2026-07-04T15:36:55.439826+00:00
2026-06-27,final,Bosnia and Herzegovina,0.23,66,0.95,0.794,2026-07-04T15:36:55.439826+00:00
2026-06-27,final,Brazil,13.506,66,14.5,12.126,2026-07-04T15:36:55.439826+00:00
2026-06-27,final,Canada,1.6,66,1.7,1.422,2026-07-04T15:36:55.439826+00:00
2026-06-27,final,Cape Verde,0.044,66,0.9,0.753,2026-07-04T15:36:55.439826+00:00
2026-06-27,final,Colombia,4.386,66,4.95,4.14,2026-07-04T15:36:55.439826+00:00
2026-06-27,final,Croatia,3.564,66,2.95,2.467,2026-07-04T15:36:55.439826+00:00
2026-06-27,final,Curacao,0.0,66,,,2026-07-04T15:36:55.439826+00:00
2026-06-27,final,Czechia,0.0,66,,,2026-07-04T15:36:55.439826+00:00
2026-06-27,final,DR Congo,0.11,66,1.05,0.878,2026-07-04T15:36:55.439826+00:00
2026-06-27,final,Ecuador,3.45,66,2.55,2.133,2026-07-04T15:36:55.439826+00:00
2026-06-27,final,Egypt,0.704,66,2.15,1.798,2026-07-04T15:36:55.439826+00:00
2026-06-27,final,England,20.454,66,23.5,19.653,2026-07-04T15:36:55.439826+00:00
2026-06-27,final,France,23.89,66,35.5,29.688,2026-07-04T15:36:55.439826+00:00
2026-06-27,final,Germany,9.292,66,9.5,7.945,2026-07-04T15:36:55.439826+00:00
2026-06-27,final,Ghana,0.222,66,1.45,1.213,2026-07-04T15:36:55.439826+00:00
2026-06-27,final,Haiti,0.0,66,,,2026-07-04T15:36:55.439826+00:00
2026-06-27,final,Iran,0.21,66,0.7,0.585,2026-07-04T15:36:55.439826+00:00
2026-06-27,final,Iraq,0.0,66,,,2026-07-04T15:36:55.439826+00:00
2026-06-27,final,Ivory Coast,1.392,66,1.75,1.464,2026-07-04T15:36:55.439826+00:00
2026-06-27,final,Japan,2.798,66,3.95,3.303,2026-07-04T15:36:55.439826+00:00
2026-06-27,final,Jordan,0.0,66,,,2026-07-04T15:36:55.439826+00:00
2026-06-27,final,Mexico,1.142,66,6.65,5.561,2026-07-04T15:36:55.439826+00:00
2026-06-27,final,Morocco,2.788,66,6.2,5.185,2026-07-04T15:36:55.439826+00:00
2026-06-27,final,Netherlands,10.96,66,13.0,10.872,2026-07-04T15:36:55.439826+00:00
2026-06-27,final,New Zealand,0.0,66,,,2026-07-04T15:36:55.439826+00:00
2026-06-27,final,Norway,4.534,66,7.5,6.272,2026-07-04T15:36:55.439826+00:00
2026-06-27,final,Panama,0.0,66,,,2026-07-04T15:36:55.439826+00:00
2026-06-27,final,Paraguay,0.49,66,1.25,1.045,2026-07-04T15:36:55.439826+00:00
2026-06-27,final,Portugal,13.766,66,17.0,14.217,2026-07-04T15:36:55.439826+00:00
2026-06-27,final,Qatar,0.0,66,,,2026-07-04T15:36:55.439826+00:00
2026-06-27,final,Saudi Arabia,0.0,66,,,2026-07-04T15:36:55.439826+00:00
2026-06-27,final,Scotland,0.002,66,0.05,0.042,2026-07-04T15:36:55.439826+00:00
2026-06-27,final,Senegal,3.22,66,1.85,1.547,2026-07-04T15:36:55.439826+00:00
2026-06-27,final,South Africa,0.044,66,0.65,0.544,2026-07-04T15:36:55.439826+00:00
2026-06-27,final,South Korea,0.286,66,0.85,0.711,2026-07-04T15:36:55.439826+00:00
2026-06-27,final,Spain,29.164,66,24.5,20.489,2026-07-04T15:36:55.439826+00:00
2026-06-27,final,Sweden,0.9,66,1.45,1.213,2026-07-04T15:36:55.439826+00:00
2026-06-27,final,Switzerland,4.996,66,3.0,2.509,2026-07-04T15:36:55.439826+00:00
2026-06-27,final,Tunisia,0.0,66,,,2026-07-04T15:36:55.439826+00:00
2026-06-27,final,Turkey,0.0,66,,,2026-07-04T15:36:55.439826+00:00
2026-06-27,final,United States,2.216,66,5.55,4.641,2026-07-04T15:36:55.439826+00:00
2026-06-27,final,Uruguay,0.0,66,,,2026-07-04T15:36:55.439826+00:00
2026-06-27,final,Uzbekistan,0.0,66,0.2,0.167,2026-07-04T15:36:55.439826+00:00
2026-06-27,qf,Algeria,5.934,66,5.0,4.819,2026-07-04T15:36:55.439826+00:00
2026-06-27,qf,Argentina,80.198,66,81.5,78.554,2026-07-04T15:36:55.439826+00:00
2026-06-27,qf,Australia,6.87,66,6.6,6.361,2026-07-04T15:36:55.439826+00:00
2026-06-27,qf,Austria,7.846,66,6.0,5.783,2026-07-04T15:36:55.439826+00:00
2026-06-27,qf,Belgium,39.816,66,34.5,33.253,2026-07-04T15:36:55.439826+00:00
2026-06-27,qf,Bosnia and Herzegovina,9.398,66,7.85,7.566,2026-07-04T15:36:55.439826+00:00
2026-06-27,qf,Brazil,44.506,66,49.0,47.229,2026-07-04T15:36:55.439826+00:00
2026-06-27,qf,Canada,23.832,66,17.5,16.867,2026-07-04T15:36:55.439826+00:00
2026-06-27,qf,Cape Verde,2.534,66,2.05,1.976,2026-07-04T15:36:55.439826+00:00
2026-06-27,qf,Colombia,26.61,66,29.0,27.952,2026-07-04T15:36:55.439826+00:00
2026-06-27,qf,Croatia,18.242,66,12.5,12.048,2026-07-04T15:36:55.439826+00:00
2026-06-27,qf,Curacao,0.0,66,,,2026-07-04T15:36:55.439826+00:00
2026-06-27,qf,Czechia,0.0,66,,,2026-07-04T15:36:55.439826+00:00
2026-06-27,qf,DR Congo,2.104,66,2.2,2.12,2026-07-04T15:36:55.439826+00:00
2026-06-27,qf,Ecuador,21.938,66,14.85,14.313,2026-07-04T15:36:55.439826+00:00
2026-06-27,qf,Egypt,10.398,66,8.5,8.193,2026-07-04T15:36:55.439826+00:00
2026-06-27,qf,England,53.694,66,59.5,57.349,2026-07-04T15:36:55.439826+00:00
2026-06-27,qf,France,55.45,66,67.5,65.06,2026-07-04T15:36:55.439826+00:00
2026-06-27,qf,Germany,32.334,66,33.0,31.807,2026-07-04T15:36:55.439826+00:00
2026-06-27,qf,Ghana,5.31,66,4.4,4.241,2026-07-04T15:36:55.439826+00:00
2026-06-27,qf,Haiti,0.0,66,,,2026-07-04T15:36:55.439826+00:00
2026-06-27,qf,Iran,5.852,66,5.9,5.687,2026-07-04T15:36:55.439826+00:00
2026-06-27,qf,Iraq,0.0,66,,,2026-07-04T15:36:55.439826+00:00
2026-06-27,qf,Ivory Coast,12.686,66,9.5,9.157,2026-07-04T15:36:55.439826+00:00
2026-06-27,qf,Japan,17.604,66,17.0,16.386,2026-07-04T15:36:55.439826+00:00
2026-06-27,qf,Jordan,0.0,66,,,2026-07-04T15:36:55.439826+00:00
2026-06-27,qf,Mexico,11.48,66,30.0,28.916,2026-07-04T15:36:55.439826+00:00
2026-06-27,qf,Morocco,23.888,66,29.0,27.952,2026-07-04T15:36:55.439826+00:00
2026-06-27,qf,Netherlands,49.212,66,49.5,47.711,2026-07-04T15:36:55.439826+00:00
2026-06-27,qf,New Zealand,0.0,66,,,2026-07-04T15:36:55.439826+00:00
2026-06-27,qf,Norway,25.204,66,31.5,30.361,2026-07-04T15:36:55.439826+00:00
2026-06-27,qf,Panama,0.0,66,,,2026-07-04T15:36:55.439826+00:00
2026-06-27,qf,Paraguay,5.044,66,3.3,3.181,2026-07-04T15:36:55.439826+00:00
2026-06-27,qf,Portugal,42.85,66,48.0,46.265,2026-07-04T15:36:55.439826+00:00
2026-06-27,qf,Qatar,0.0,66,,,2026-07-04T15:36:55.439826+00:00
2026-06-27,qf,Saudi Arabia,0.0,66,,,2026-07-04T15:36:55.439826+00:00
2026-06-27,qf,Scotland,0.018,66,0.05,0.048,2026-07-04T15:36:55.439826+00:00
2026-06-27,qf,Senegal,22.29,66,16.0,15.422,2026-07-04T15:36:55.439826+00:00
2026-06-27,qf,South Africa,3.068,66,5.2,5.012,2026-07-04T15:36:55.439826+00:00
2026-06-27,qf,South Korea,6.11,66,2.9,2.795,2026-07-04T15:36:55.439826+00:00
2026-06-27,qf,Spain,57.626,66,62.0,59.759,2026-07-04T15:36:55.439826+00:00
2026-06-27,qf,Sweden,7.172,66,5.5,5.301,2026-07-04T15:36:55.439826+00:00
2026-06-27,qf,Switzerland,33.422,66,27.0,26.024,2026-07-04T15:36:55.439826+00:00
2026-06-27,qf,Tunisia,0.0,66,,,2026-07-04T15:36:55.439826+00:00
2026-06-27,qf,Turkey,0.0,66,,,2026-07-04T15:36:55.439826+00:00
2026-06-27,qf,United States,29.454,66,46.0,44.337,2026-07-04T15:36:55.439826+00:00
2026-06-27,qf,Uruguay,0.0,66,,,2026-07-04T15:36:55.439826+00:00
2026-06-27,qf,Uzbekistan,0.006,66,0.2,0.193,2026-07-04T15:36:55.439826+00:00
2026-06-27,r16,Algeria,14.34,66,19.5,19.74,2026-07-04T15:36:55.439826+00:00
2026-06-27,r16,Argentina,92.95,66,93.5,94.651,2026-07-04T15:36:55.439826+00:00
2026-06-27,r16,Australia,44.58,66,45.0,45.554,2026-07-04T15:36:55.439826+00:00
2026-06-27,r16,Austria,18.236,66,16.0,16.197,2026-07-04T15:36:55.439826+00:00
2026-06-27,r16,Belgium,61.0,66,64.0,64.788,2026-07-04T15:36:55.439826+00:00
2026-06-27,r16,Bosnia and Herzegovina,33.14,66,17.5,17.715,2026-07-04T15:36:55.439826+00:00
2026-06-27,r16,Brazil,65.846,66,71.0,71.874,2026-07-04T15:36:55.439826+00:00
2026-06-27,r16,Canada,74.908,66,72.5,73.392,2026-07-04T15:36:55.439826+00:00
2026-06-27,r16,Cape Verde,7.05,66,7.6,7.694,2026-07-04T15:36:55.439826+00:00
2026-06-27,r16,Colombia,59.508,66,61.0,61.751,2026-07-04T15:36:55.439826+00:00
2026-06-27,r16,Croatia,42.136,66,32.0,32.394,2026-07-04T15:36:55.439826+00:00
2026-06-27,r16,Curacao,0.0,66,,,2026-07-04T15:36:55.439826+00:00
2026-06-27,r16,Czechia,0.0,66,,,2026-07-04T15:36:55.439826+00:00
2026-06-27,r16,DR Congo,6.132,66,9.5,9.617,2026-07-04T15:36:55.439826+00:00
2026-06-27,r16,Ecuador,59.724,66,38.0,38.468,2026-07-04T15:36:55.439826+00:00
2026-06-27,r16,Egypt,55.42,66,58.0,58.714,2026-07-04T15:36:55.439826+00:00
2026-06-27,r16,England,74.882,66,78.5,79.466,2026-07-04T15:36:55.439826+00:00
2026-06-27,r16,France,80.458,66,87.5,88.577,2026-07-04T15:36:55.439826+00:00
2026-06-27,r16,Germany,75.17,66,81.5,82.503,2026-07-04T15:36:55.439826+00:00
2026-06-27,r16,Ghana,20.066,66,20.5,20.752,2026-07-04T15:36:55.439826+00:00
2026-06-27,r16,Haiti,0.0,66,,,2026-07-04T15:36:55.439826+00:00
2026-06-27,r16,Iran,24.086,66,17.5,17.715,2026-07-04T15:36:55.439826+00:00
2026-06-27,r16,Iraq,0.0,66,,,2026-07-04T15:36:55.439826+00:00
2026-06-27,r16,Ivory Coast,39.476,66,34.5,34.925,2026-07-04T15:36:55.439826+00:00
2026-06-27,r16,Japan,34.154,66,29.5,29.863,2026-07-04T15:36:55.439826+00:00
2026-06-27,r16,Jordan,0.0,66,,,2026-07-04T15:36:55.439826+00:00
2026-06-27,r16,Mexico,40.252,66,62.0,62.763,2026-07-04T15:36:55.439826+00:00
2026-06-27,r16,Morocco,36.44,66,36.5,36.949,2026-07-04T15:36:55.439826+00:00
2026-06-27,r16,Netherlands,63.56,66,62.5,63.269,2026-07-04T15:36:55.439826+00:00
2026-06-27,r16,New Zealand,0.0,66,,,2026-07-04T15:36:55.439826+00:00
2026-06-27,r16,Norway,60.524,66,65.5,66.306,2026-07-04T15:36:55.439826+00:00
2026-06-27,r16,Panama,0.0,66,,,2026-07-04T15:36:55.439826+00:00
2026-06-27,r16,Paraguay,24.83,66,16.5,16.703,2026-07-04T15:36:55.439826+00:00
2026-06-27,r16,Portugal,73.234,66,75.5,76.429,2026-07-04T15:36:55.439826+00:00
2026-06-27,r16,Qatar,0.0,66,,,2026-07-04T15:36:55.439826+00:00
2026-06-27,r16,Saudi Arabia,0.0,66,,,2026-07-04T15:36:55.439826+00:00
2026-06-27,r16,Scotland,0.066,66,0.05,0.051,2026-07-04T15:36:55.439826+00:00
2026-06-27,r16,Senegal,38.426,66,28.0,28.345,2026-07-04T15:36:55.439826+00:00
2026-06-27,r16,South Africa,25.092,66,27.7,28.041,2026-07-04T15:36:55.439826+00:00
2026-06-27,r16,South Korea,13.056,66,5.5,5.568,2026-07-04T15:36:55.439826+00:00
2026-06-27,r16,Spain,82.452,66,82.0,83.009,2026-07-04T15:36:55.439826+00:00
2026-06-27,r16,Sweden,19.542,66,12.0,12.148,2026-07-04T15:36:55.439826+00:00
2026-06-27,r16,Switzerland,72.388,66,69.5,70.355,2026-07-04T15:36:55.439826+00:00
2026-06-27,r16,Tunisia,0.0,66,,,2026-07-04T15:36:55.439826+00:00
2026-06-27,r16,Turkey,0.0,66,,,2026-07-04T15:36:55.439826+00:00
2026-06-27,r16,United States,66.86,66,82.5,83.515,2026-07-04T15:36:55.439826+00:00
2026-06-27,r16,Uruguay,0.0,66,,,2026-07-04T15:36:55.439826+00:00
2026-06-27,r16,Uzbekistan,0.016,66,0.2,0.202,2026-07-04T15:36:55.439826+00:00
2026-06-27,sf,Algeria,1.716,66,1.7,1.575,2026-07-04T15:36:55.439826+00:00
2026-06-27,sf,Argentina,54.478,66,53.5,49.56,2026-07-04T15:36:55.439826+00:00
2026-06-27,sf,Australia,1.76,66,2.25,2.084,2026-07-04T15:36:55.439826+00:00
2026-06-27,sf,Austria,3.21,66,2.05,1.899,2026-07-04T15:36:55.439826+00:00
2026-06-27,sf,Belgium,13.612,66,10.5,9.727,2026-07-04T15:36:55.439826+00:00
2026-06-27,sf,Bosnia and Herzegovina,1.364,66,2.1,1.945,2026-07-04T15:36:55.439826+00:00
2026-06-27,sf,Brazil,25.438,66,28.5,26.401,2026-07-04T15:36:55.439826+00:00
2026-06-27,sf,Canada,5.81,66,4.3,3.983,2026-07-04T15:36:55.439826+00:00
2026-06-27,sf,Cape Verde,0.478,66,2.3,2.131,2026-07-04T15:36:55.439826+00:00
2026-06-27,sf,Colombia,11.492,66,9.0,8.337,2026-07-04T15:36:55.439826+00:00
2026-06-27,sf,Croatia,8.862,66,6.7,6.207,2026-07-04T15:36:55.439826+00:00
2026-06-27,sf,Curacao,0.0,66,,,2026-07-04T15:36:55.439826+00:00
2026-06-27,sf,Czechia,0.0,66,,,2026-07-04T15:36:55.439826+00:00
2026-06-27,sf,DR Congo,0.526,66,1.0,0.926,2026-07-04T15:36:55.439826+00:00
2026-06-27,sf,Ecuador,9.338,66,6.9,6.392,2026-07-04T15:36:55.439826+00:00
2026-06-27,sf,Egypt,3.074,66,3.55,3.289,2026-07-04T15:36:55.439826+00:00
2026-06-27,sf,England,34.784,66,38.5,35.665,2026-07-04T15:36:55.439826+00:00
2026-06-27,sf,France,39.738,66,50.5,46.781,2026-07-04T15:36:55.439826+00:00
2026-06-27,sf,Germany,19.156,66,18.5,17.138,2026-07-04T15:36:55.439826+00:00
2026-06-27,sf,Ghana,1.092,66,3.3,3.057,2026-07-04T15:36:55.439826+00:00
2026-06-27,sf,Haiti,0.0,66,,,2026-07-04T15:36:55.439826+00:00
2026-06-27,sf,Iran,1.05,66,0.45,0.417,2026-07-04T15:36:55.439826+00:00
2026-06-27,sf,Iraq,0.0,66,,,2026-07-04T15:36:55.439826+00:00
2026-06-27,sf,Ivory Coast,4.376,66,3.65,3.381,2026-07-04T15:36:55.439826+00:00
2026-06-27,sf,Japan,7.26,66,8.5,7.874,2026-07-04T15:36:55.439826+00:00
2026-06-27,sf,Jordan,0.0,66,,,2026-07-04T15:36:55.439826+00:00
2026-06-27,sf,Mexico,3.774,66,14.5,13.432,2026-07-04T15:36:55.439826+00:00
2026-06-27,sf,Morocco,7.876,66,8.5,7.874,2026-07-04T15:36:55.439826+00:00
2026-06-27,sf,Netherlands,22.532,66,23.0,21.306,2026-07-04T15:36:55.439826+00:00
2026-06-27,sf,New Zealand,0.0,66,,,2026-07-04T15:36:55.439826+00:00
2026-06-27,sf,Norway,11.05,66,16.0,14.822,2026-07-04T15:36:55.439826+00:00
2026-06-27,sf,Panama,0.0,66,,,2026-07-04T15:36:55.439826+00:00
2026-06-27,sf,Paraguay,1.77,66,1.45,1.343,2026-07-04T15:36:55.439826+00:00
2026-06-27,sf,Portugal,25.196,66,29.0,26.864,2026-07-04T15:36:55.439826+00:00
2026-06-27,sf,Qatar,0.0,66,,,2026-07-04T15:36:55.439826+00:00
2026-06-27,sf,Saudi Arabia,0.0,66,,,2026-07-04T15:36:55.439826+00:00
2026-06-27,sf,Scotland,0.008,66,0.05,0.046,2026-07-04T15:36:55.439826+00:00
2026-06-27,sf,Senegal,8.502,66,3.55,3.289,2026-07-04T15:36:55.439826+00:00
2026-06-27,sf,South Africa,0.312,66,1.2,1.112,2026-07-04T15:36:55.439826+00:00
2026-06-27,sf,South Korea,1.22,66,1.25,1.158,2026-07-04T15:36:55.439826+00:00
2026-06-27,sf,Spain,45.994,66,49.0,45.391,2026-07-04T15:36:55.439826+00:00
2026-06-27,sf,Sweden,2.806,66,2.75,2.547,2026-07-04T15:36:55.439826+00:00
2026-06-27,sf,Switzerland,12.766,66,7.25,6.716,2026-07-04T15:36:55.439826+00:00
2026-06-27,sf,Tunisia,0.0,66,,,2026-07-04T15:36:55.439826+00:00
2026-06-27,sf,Turkey,0.0,66,,,2026-07-04T15:36:55.439826+00:00
2026-06-27,sf,United States,7.58,66,16.5,15.285,2026-07-04T15:36:55.439826+00:00
2026-06-27,sf,Uruguay,0.0,66,,,2026-07-04T15:36:55.439826+00:00
2026-06-27,sf,Uzbekistan,0.0,66,0.05,0.046,2026-07-04T15:36:55.439826+00:00
2026-06-28,final,Algeria,1.196,72,0.85,0.751,2026-07-04T15:36:55.88791+00:00
2026-06-28,final,Argentina,34.298,72,35.5,31.347,2026-07-04T15:36:55.88791+00:00
2026-06-28,final,Australia,0.368,72,1.75,1.545,2026-07-04T15:36:55.88791+00:00
2026-06-28,final,Austria,0.884,72,1.25,1.104,2026-07-04T15:36:55.88791+00:00
2026-06-28,final,Belgium,4.446,72,4.05,3.576,2026-07-04T15:36:55.88791+00:00
2026-06-28,final,Bosnia and Herzegovina,0.19,72,0.55,0.486,2026-07-04T15:36:55.88791+00:00
2026-06-28,final,Brazil,13.192,72,15.5,13.687,2026-07-04T15:36:55.88791+00:00
2026-06-28,final,Canada,1.616,72,1.15,1.015,2026-07-04T15:36:55.88791+00:00
2026-06-28,final,Cape Verde,0.056,72,0.85,0.751,2026-07-04T15:36:55.88791+00:00
2026-06-28,final,Colombia,6.188,72,9.15,8.079,2026-07-04T15:36:55.88791+00:00
2026-06-28,final,Croatia,2.418,72,2.2,1.943,2026-07-04T15:36:55.88791+00:00
2026-06-28,final,Curacao,0.0,72,,,2026-07-04T15:36:55.88791+00:00
2026-06-28,final,Czechia,0.0,72,,,2026-07-04T15:36:55.88791+00:00
2026-06-28,final,DR Congo,0.232,72,0.2,0.177,2026-07-04T15:36:55.88791+00:00
2026-06-28,final,Ecuador,3.388,72,1.55,1.369,2026-07-04T15:36:55.88791+00:00
2026-06-28,final,Egypt,0.824,72,1.95,1.722,2026-07-04T15:36:55.88791+00:00
2026-06-28,final,England,25.2,72,22.0,19.426,2026-07-04T15:36:55.88791+00:00
2026-06-28,final,France,23.84,72,36.5,32.23,2026-07-04T15:36:55.88791+00:00
2026-06-28,final,Germany,9.2,72,8.5,7.506,2026-07-04T15:36:55.88791+00:00
2026-06-28,final,Ghana,0.282,72,1.05,0.927,2026-07-04T15:36:55.88791+00:00
2026-06-28,final,Haiti,0.0,72,,,2026-07-04T15:36:55.88791+00:00
2026-06-28,final,Iran,0.0,72,,,2026-07-04T15:36:55.88791+00:00
2026-06-28,final,Iraq,0.0,72,,,2026-07-04T15:36:55.88791+00:00
2026-06-28,final,Ivory Coast,1.39,72,1.75,1.545,2026-07-04T15:36:55.88791+00:00
2026-06-28,final,Japan,2.75,72,3.55,3.135,2026-07-04T15:36:55.88791+00:00
2026-06-28,final,Jordan,0.0,72,,,2026-07-04T15:36:55.88791+00:00
2026-06-28,final,Mexico,1.13,72,6.5,5.74,2026-07-04T15:36:55.88791+00:00
2026-06-28,final,Morocco,2.77,72,4.7,4.15,2026-07-04T15:36:55.88791+00:00
2026-06-28,final,Netherlands,10.88,72,11.5,10.155,2026-07-04T15:36:55.88791+00:00
2026-06-28,final,New Zealand,0.0,72,,,2026-07-04T15:36:55.88791+00:00
2026-06-28,final,Norway,4.482,72,7.5,6.623,2026-07-04T15:36:55.88791+00:00
2026-06-28,final,Panama,0.0,72,,,2026-07-04T15:36:55.88791+00:00
2026-06-28,final,Paraguay,0.498,72,0.95,0.839,2026-07-04T15:36:55.88791+00:00
2026-06-28,final,Portugal,9.986,72,11.5,10.155,2026-07-04T15:36:55.88791+00:00
2026-06-28,final,Qatar,0.0,72,,,2026-07-04T15:36:55.88791+00:00
2026-06-28,final,Saudi Arabia,0.0,72,,,2026-07-04T15:36:55.88791+00:00
2026-06-28,final,Scotland,0.0,72,,,2026-07-04T15:36:55.88791+00:00
2026-06-28,final,Senegal,3.466,72,2.05,1.81,2026-07-04T15:36:55.88791+00:00
2026-06-28,final,South Africa,0.042,72,,,2026-07-04T15:36:55.88791+00:00
2026-06-28,final,South Korea,0.0,72,,,2026-07-04T15:36:55.88791+00:00
2026-06-28,final,Spain,26.868,72,22.5,19.868,2026-07-04T15:36:55.88791+00:00
2026-06-28,final,Sweden,0.886,72,0.75,0.662,2026-07-04T15:36:55.88791+00:00
2026-06-28,final,Switzerland,5.024,72,3.3,2.914,2026-07-04T15:36:55.88791+00:00
2026-06-28,final,Tunisia,0.0,72,,,2026-07-04T15:36:55.88791+00:00
2026-06-28,final,Turkey,0.0,72,,,2026-07-04T15:36:55.88791+00:00
2026-06-28,final,United States,2.01,72,5.4,4.768,2026-07-04T15:36:55.88791+00:00
2026-06-28,final,Uruguay,0.0,72,,,2026-07-04T15:36:55.88791+00:00
2026-06-28,final,Uzbekistan,0.0,72,,,2026-07-04T15:36:55.88791+00:00
2026-06-28,qf,Algeria,16.374,72,9.5,9.31,2026-07-04T15:36:55.88791+00:00
2026-06-28,qf,Argentina,80.198,72,81.5,79.873,2026-07-04T15:36:55.88791+00:00
2026-06-28,qf,Australia,6.87,72,8.15,7.987,2026-07-04T15:36:55.88791+00:00
2026-06-28,qf,Austria,6.314,72,4.3,4.214,2026-07-04T15:36:55.88791+00:00
2026-06-28,qf,Belgium,33.774,72,31.5,30.871,2026-07-04T15:36:55.88791+00:00
2026-06-28,qf,Bosnia and Herzegovina,8.456,72,5.45,5.341,2026-07-04T15:36:55.88791+00:00
2026-06-28,qf,Brazil,44.506,72,50.0,49.002,2026-07-04T15:36:55.88791+00:00
2026-06-28,qf,Canada,23.832,72,23.5,23.031,2026-07-04T15:36:55.88791+00:00
2026-06-28,qf,Cape Verde,2.534,72,1.95,1.911,2026-07-04T15:36:55.88791+00:00
2026-06-28,qf,Colombia,41.114,72,49.5,48.512,2026-07-04T15:36:55.88791+00:00
2026-06-28,qf,Croatia,11.772,72,9.5,9.31,2026-07-04T15:36:55.88791+00:00
2026-06-28,qf,Curacao,0.0,72,,,2026-07-04T15:36:55.88791+00:00
2026-06-28,qf,Czechia,0.0,72,,,2026-07-04T15:36:55.88791+00:00
2026-06-28,qf,DR Congo,4.596,72,3.55,3.479,2026-07-04T15:36:55.88791+00:00
2026-06-28,qf,Ecuador,20.17,72,11.75,11.515,2026-07-04T15:36:55.88791+00:00
2026-06-28,qf,Egypt,10.398,72,10.5,10.29,2026-07-04T15:36:55.88791+00:00
2026-06-28,qf,England,64.734,72,62.0,60.762,2026-07-04T15:36:55.88791+00:00
2026-06-28,qf,France,55.45,72,66.5,65.172,2026-07-04T15:36:55.88791+00:00
2026-06-28,qf,Germany,32.334,72,28.5,27.931,2026-07-04T15:36:55.88791+00:00
2026-06-28,qf,Ghana,7.764,72,10.7,10.486,2026-07-04T15:36:55.88791+00:00
2026-06-28,qf,Haiti,0.0,72,,,2026-07-04T15:36:55.88791+00:00
2026-06-28,qf,Iran,0.0,72,,,2026-07-04T15:36:55.88791+00:00
2026-06-28,qf,Iraq,0.0,72,,,2026-07-04T15:36:55.88791+00:00
2026-06-28,qf,Ivory Coast,12.686,72,9.5,9.31,2026-07-04T15:36:55.88791+00:00
2026-06-28,qf,Japan,17.604,72,14.5,14.21,2026-07-04T15:36:55.88791+00:00
2026-06-28,qf,Jordan,0.0,72,,,2026-07-04T15:36:55.88791+00:00
2026-06-28,qf,Mexico,10.5,72,26.5,25.971,2026-07-04T15:36:55.88791+00:00
2026-06-28,qf,Morocco,23.888,72,28.5,27.931,2026-07-04T15:36:55.88791+00:00
2026-06-28,qf,Netherlands,49.212,72,50.5,49.492,2026-07-04T15:36:55.88791+00:00
2026-06-28,qf,New Zealand,0.0,72,,,2026-07-04T15:36:55.88791+00:00
2026-06-28,qf,Norway,25.204,72,29.5,28.911,2026-07-04T15:36:55.88791+00:00
2026-06-28,qf,Panama,0.0,72,,,2026-07-04T15:36:55.88791+00:00
2026-06-28,qf,Paraguay,5.044,72,2.45,2.401,2026-07-04T15:36:55.88791+00:00
2026-06-28,qf,Portugal,28.288,72,28.5,27.931,2026-07-04T15:36:55.88791+00:00
2026-06-28,qf,Qatar,0.0,72,,,2026-07-04T15:36:55.88791+00:00
2026-06-28,qf,Saudi Arabia,0.0,72,,,2026-07-04T15:36:55.88791+00:00
2026-06-28,qf,Scotland,0.0,72,,,2026-07-04T15:36:55.88791+00:00
2026-06-28,qf,Senegal,30.334,72,16.5,16.171,2026-07-04T15:36:55.88791+00:00
2026-06-28,qf,South Africa,3.068,72,,,2026-07-04T15:36:55.88791+00:00
2026-06-28,qf,South Korea,0.0,72,,,2026-07-04T15:36:55.88791+00:00
2026-06-28,qf,Spain,53.626,72,59.5,58.312,2026-07-04T15:36:55.88791+00:00
2026-06-28,qf,Sweden,7.172,72,4.5,4.41,2026-07-04T15:36:55.88791+00:00
2026-06-28,qf,Switzerland,34.748,72,30.5,29.891,2026-07-04T15:36:55.88791+00:00
2026-06-28,qf,Tunisia,0.0,72,,,2026-07-04T15:36:55.88791+00:00
2026-06-28,qf,Turkey,0.0,72,,,2026-07-04T15:36:55.88791+00:00
2026-06-28,qf,United States,27.436,72,47.0,46.061,2026-07-04T15:36:55.88791+00:00
2026-06-28,qf,Uruguay,0.0,72,,,2026-07-04T15:36:55.88791+00:00
2026-06-28,qf,Uzbekistan,0.0,72,,,2026-07-04T15:36:55.88791+00:00
2026-06-28,r16,Algeria,37.372,72,31.5,33.593,2026-07-04T15:36:55.439826+00:00
2026-06-28,r16,Argentina,92.95,72,93.5,99.713,2026-07-04T15:36:55.439826+00:00
2026-06-28,r16,Australia,44.58,72,43.5,46.391,2026-07-04T15:36:55.439826+00:00
2026-06-28,r16,Austria,18.804,72,14.45,15.41,2026-07-04T15:36:55.439826+00:00
2026-06-28,r16,Belgium,51.98,72,60.5,64.52,2026-07-04T15:36:55.439826+00:00
2026-06-28,r16,Bosnia and Herzegovina,33.14,72,17.5,18.663,2026-07-04T15:36:55.439826+00:00
2026-06-28,r16,Brazil,65.846,72,73.5,78.384,2026-07-04T15:36:55.439826+00:00
2026-06-28,r16,Canada,74.908,72,,,2026-07-04T15:36:55.439826+00:00
2026-06-28,r16,Cape Verde,7.05,72,7.35,7.838,2026-07-04T15:36:55.439826+00:00
2026-06-28,r16,Colombia,74.474,72,77.5,82.65,2026-07-04T15:36:55.439826+00:00
2026-06-28,r16,Croatia,36.802,72,30.5,32.527,2026-07-04T15:36:55.439826+00:00
2026-06-28,r16,Curacao,0.0,72,,,2026-07-04T15:36:55.439826+00:00
2026-06-28,r16,Czechia,0.0,72,,,2026-07-04T15:36:55.439826+00:00
2026-06-28,r16,DR Congo,13.326,72,11.5,12.264,2026-07-04T15:36:55.439826+00:00
2026-06-28,r16,Ecuador,59.762,72,38.5,41.058,2026-07-04T15:36:55.439826+00:00
2026-06-28,r16,Egypt,55.42,72,56.0,59.721,2026-07-04T15:36:55.439826+00:00
2026-06-28,r16,England,86.674,72,88.5,94.381,2026-07-04T15:36:55.439826+00:00
2026-06-28,r16,France,80.458,72,88.5,94.381,2026-07-04T15:36:55.439826+00:00
2026-06-28,r16,Germany,75.17,72,85.5,91.182,2026-07-04T15:36:55.439826+00:00
2026-06-28,r16,Ghana,25.526,72,23.5,25.062,2026-07-04T15:36:55.439826+00:00
2026-06-28,r16,Haiti,0.0,72,,,2026-07-04T15:36:55.439826+00:00
2026-06-28,r16,Iran,0.0,72,,,2026-07-04T15:36:55.439826+00:00
2026-06-28,r16,Iraq,0.0,72,,,2026-07-04T15:36:55.88791+00:00
2026-06-28,r16,Ivory Coast,39.476,72,34.5,36.793,2026-07-04T15:36:55.439826+00:00
2026-06-28,r16,Japan,34.154,72,26.5,28.261,2026-07-04T15:36:55.439826+00:00
2026-06-28,r16,Jordan,0.0,72,,,2026-07-04T15:36:55.88791+00:00
2026-06-28,r16,Mexico,40.238,72,61.5,65.587,2026-07-04T15:36:55.439826+00:00
2026-06-28,r16,Morocco,36.44,72,38.5,41.058,2026-07-04T15:36:55.439826+00:00
2026-06-28,r16,Netherlands,63.56,72,62.5,66.653,2026-07-04T15:36:55.439826+00:00
2026-06-28,r16,New Zealand,0.0,72,,,2026-07-04T15:36:55.439826+00:00
2026-06-28,r16,Norway,60.524,72,64.5,68.786,2026-07-04T15:36:55.439826+00:00
2026-06-28,r16,Panama,0.0,72,,,2026-07-04T15:36:55.88791+00:00
2026-06-28,r16,Paraguay,24.83,72,15.0,15.997,2026-07-04T15:36:55.439826+00:00
2026-06-28,r16,Portugal,63.198,72,68.5,73.052,2026-07-04T15:36:55.439826+00:00
2026-06-28,r16,Qatar,0.0,72,,,2026-07-04T15:36:55.439826+00:00
2026-06-28,r16,Saudi Arabia,0.0,72,,,2026-07-04T15:36:55.439826+00:00
2026-06-28,r16,Scotland,0.0,72,,,2026-07-04T15:36:55.439826+00:00
2026-06-28,r16,Senegal,48.02,72,39.5,42.125,2026-07-04T15:36:55.439826+00:00
2026-06-28,r16,South Africa,25.092,72,,,2026-07-04T15:36:55.439826+00:00
2026-06-28,r16,South Korea,0.0,72,,,2026-07-04T15:36:55.439826+00:00
2026-06-28,r16,Spain,81.196,72,84.5,90.115,2026-07-04T15:36:55.439826+00:00
2026-06-28,r16,Sweden,19.542,72,11.5,12.264,2026-07-04T15:36:55.439826+00:00
2026-06-28,r16,Switzerland,62.628,72,69.5,74.119,2026-07-04T15:36:55.439826+00:00
2026-06-28,r16,Tunisia,0.0,72,,,2026-07-04T15:36:55.439826+00:00
2026-06-28,r16,Turkey,0.0,72,,,2026-07-04T15:36:55.439826+00:00
2026-06-28,r16,United States,66.86,72,82.0,87.449,2026-07-04T15:36:55.439826+00:00
2026-06-28,r16,Uruguay,0.0,72,,,2026-07-04T15:36:55.439826+00:00
2026-06-28,r16,Uzbekistan,0.0,72,,,2026-07-04T15:36:55.88791+00:00
2026-06-28,sf,Algeria,4.436,72,1.85,1.803,2026-07-04T15:36:55.88791+00:00
2026-06-28,sf,Argentina,58.82,72,59.5,57.999,2026-07-04T15:36:55.88791+00:00
2026-06-28,sf,Australia,2.1,72,2.05,1.998,2026-07-04T15:36:55.88791+00:00
2026-06-28,sf,Austria,2.938,72,2.15,2.096,2026-07-04T15:36:55.88791+00:00
2026-06-28,sf,Belgium,11.318,72,10.5,10.235,2026-07-04T15:36:55.88791+00:00
2026-06-28,sf,Bosnia and Herzegovina,1.172,72,0.85,0.829,2026-07-04T15:36:55.88791+00:00
2026-06-28,sf,Brazil,24.082,72,28.0,27.294,2026-07-04T15:36:55.88791+00:00
2026-06-28,sf,Canada,5.81,72,3.35,3.266,2026-07-04T15:36:55.88791+00:00
2026-06-28,sf,Cape Verde,0.582,72,1.35,1.316,2026-07-04T15:36:55.88791+00:00
2026-06-28,sf,Colombia,15.598,72,17.5,17.059,2026-07-04T15:36:55.88791+00:00
2026-06-28,sf,Croatia,6.45,72,3.8,3.704,2026-07-04T15:36:55.88791+00:00
2026-06-28,sf,Curacao,0.0,72,,,2026-07-04T15:36:55.88791+00:00
2026-06-28,sf,Czechia,0.0,72,,,2026-07-04T15:36:55.88791+00:00
2026-06-28,sf,DR Congo,1.112,72,1.1,1.072,2026-07-04T15:36:55.88791+00:00
2026-06-28,sf,Ecuador,8.626,72,2.85,2.778,2026-07-04T15:36:55.88791+00:00
2026-06-28,sf,Egypt,3.676,72,3.8,3.704,2026-07-04T15:36:55.88791+00:00
2026-06-28,sf,England,41.5,72,36.5,35.579,2026-07-04T15:36:55.88791+00:00
2026-06-28,sf,France,39.738,72,51.5,50.201,2026-07-04T15:36:55.88791+00:00
2026-06-28,sf,Germany,19.156,72,17.5,17.059,2026-07-04T15:36:55.88791+00:00
2026-06-28,sf,Ghana,1.446,72,3.05,2.973,2026-07-04T15:36:55.88791+00:00
2026-06-28,sf,Haiti,0.0,72,,,2026-07-04T15:36:55.88791+00:00
2026-06-28,sf,Iran,0.0,72,,,2026-07-04T15:36:55.88791+00:00
2026-06-28,sf,Iraq,0.0,72,,,2026-07-04T15:36:55.88791+00:00
2026-06-28,sf,Ivory Coast,4.078,72,2.65,2.583,2026-07-04T15:36:55.88791+00:00
2026-06-28,sf,Japan,6.77,72,7.0,6.823,2026-07-04T15:36:55.88791+00:00
2026-06-28,sf,Jordan,0.0,72,,,2026-07-04T15:36:55.88791+00:00
2026-06-28,sf,Mexico,3.452,72,13.5,13.159,2026-07-04T15:36:55.88791+00:00
2026-06-28,sf,Morocco,7.876,72,7.0,6.823,2026-07-04T15:36:55.88791+00:00
2026-06-28,sf,Netherlands,22.532,72,20.5,19.983,2026-07-04T15:36:55.88791+00:00
2026-06-28,sf,New Zealand,0.0,72,,,2026-07-04T15:36:55.88791+00:00
2026-06-28,sf,Norway,10.38,72,15.0,14.622,2026-07-04T15:36:55.88791+00:00
2026-06-28,sf,Panama,0.0,72,,,2026-07-04T15:36:55.88791+00:00
2026-06-28,sf,Paraguay,1.77,72,0.95,0.926,2026-07-04T15:36:55.88791+00:00
2026-06-28,sf,Portugal,19.376,72,21.0,20.47,2026-07-04T15:36:55.88791+00:00
2026-06-28,sf,Qatar,0.0,72,,,2026-07-04T15:36:55.88791+00:00
2026-06-28,sf,Saudi Arabia,0.0,72,,,2026-07-04T15:36:55.88791+00:00
2026-06-28,sf,Scotland,0.0,72,,,2026-07-04T15:36:55.88791+00:00
2026-06-28,sf,Senegal,9.608,72,4.05,3.948,2026-07-04T15:36:55.88791+00:00
2026-06-28,sf,South Africa,0.312,72,,,2026-07-04T15:36:55.88791+00:00
2026-06-28,sf,South Korea,0.0,72,,,2026-07-04T15:36:55.88791+00:00
2026-06-28,sf,Spain,42.192,72,44.5,43.378,2026-07-04T15:36:55.88791+00:00
2026-06-28,sf,Sweden,2.806,72,1.85,1.803,2026-07-04T15:36:55.88791+00:00
2026-06-28,sf,Switzerland,13.342,72,7.65,7.457,2026-07-04T15:36:55.88791+00:00
2026-06-28,sf,Tunisia,0.0,72,,,2026-07-04T15:36:55.88791+00:00
2026-06-28,sf,Turkey,0.0,72,,,2026-07-04T15:36:55.88791+00:00
2026-06-28,sf,United States,6.946,72,17.5,17.059,2026-07-04T15:36:55.88791+00:00
2026-06-28,sf,Uruguay,0.0,72,,,2026-07-04T15:36:55.88791+00:00
2026-06-28,sf,Uzbekistan,0.0,72,,,2026-07-04T15:36:55.88791+00:00
2026-06-29,final,Algeria,1.196,72,1.55,1.384,2026-07-04T15:36:55.88791+00:00
2026-06-29,final,Argentina,34.298,72,39.5,35.26,2026-07-04T15:36:55.88791+00:00
2026-06-29,final,Australia,0.368,72,1.45,1.294,2026-07-04T15:36:55.88791+00:00
2026-06-29,final,Austria,0.884,72,1.3,1.16,2026-07-04T15:36:55.88791+00:00
2026-06-29,final,Belgium,4.446,72,3.8,3.392,2026-07-04T15:36:55.88791+00:00
2026-06-29,final,Bosnia and Herzegovina,0.19,72,0.3,0.268,2026-07-04T15:36:55.88791+00:00
2026-06-29,final,Brazil,13.192,72,17.5,15.622,2026-07-04T15:36:55.88791+00:00
2026-06-29,final,Canada,1.616,72,1.15,1.027,2026-07-04T15:36:55.88791+00:00
2026-06-29,final,Cape Verde,0.056,72,0.45,0.402,2026-07-04T15:36:55.88791+00:00
2026-06-29,final,Colombia,6.188,72,9.55,8.525,2026-07-04T15:36:55.88791+00:00
2026-06-29,final,Croatia,2.418,72,2.0,1.785,2026-07-04T15:36:55.88791+00:00
2026-06-29,final,Curacao,0.0,72,,,2026-07-04T15:36:55.88791+00:00
2026-06-29,final,Czechia,0.0,72,,,2026-07-04T15:36:55.88791+00:00
2026-06-29,final,DR Congo,0.232,72,0.3,0.268,2026-07-04T15:36:55.88791+00:00
2026-06-29,final,Ecuador,3.388,72,1.25,1.116,2026-07-04T15:36:55.88791+00:00
2026-06-29,final,Egypt,0.824,72,1.45,1.294,2026-07-04T15:36:55.88791+00:00
2026-06-29,final,England,25.2,72,21.5,19.192,2026-07-04T15:36:55.88791+00:00
2026-06-29,final,France,23.84,72,41.5,37.045,2026-07-04T15:36:55.88791+00:00
2026-06-29,final,Germany,9.2,72,0.05,0.045,2026-07-04T15:36:55.88791+00:00
2026-06-29,final,Ghana,0.282,72,1.25,1.116,2026-07-04T15:36:55.88791+00:00
2026-06-29,final,Haiti,0.0,72,,,2026-07-04T15:36:55.88791+00:00
2026-06-29,final,Iran,0.0,72,,,2026-07-04T15:36:55.88791+00:00
2026-06-29,final,Iraq,0.0,72,,,2026-07-04T15:36:55.88791+00:00
2026-06-29,final,Ivory Coast,1.39,72,1.7,1.518,2026-07-04T15:36:55.88791+00:00
2026-06-29,final,Japan,2.75,72,,,2026-07-04T15:36:55.88791+00:00
2026-06-29,final,Jordan,0.0,72,,,2026-07-04T15:36:55.88791+00:00
2026-06-29,final,Mexico,1.13,72,6.85,6.115,2026-07-04T15:36:55.88791+00:00
2026-06-29,final,Morocco,2.77,72,4.05,3.615,2026-07-04T15:36:55.88791+00:00
2026-06-29,final,Netherlands,10.88,72,10.5,9.373,2026-07-04T15:36:55.88791+00:00
2026-06-29,final,New Zealand,0.0,72,,,2026-07-04T15:36:55.88791+00:00
2026-06-29,final,Norway,4.482,72,7.5,6.695,2026-07-04T15:36:55.88791+00:00
2026-06-29,final,Panama,0.0,72,,,2026-07-04T15:36:55.88791+00:00
2026-06-29,final,Paraguay,0.498,72,1.1,0.982,2026-07-04T15:36:55.88791+00:00
2026-06-29,final,Portugal,9.986,72,12.5,11.158,2026-07-04T15:36:55.88791+00:00
2026-06-29,final,Qatar,0.0,72,,,2026-07-04T15:36:55.88791+00:00
2026-06-29,final,Saudi Arabia,0.0,72,,,2026-07-04T15:36:55.88791+00:00
2026-06-29,final,Scotland,0.0,72,,,2026-07-04T15:36:55.88791+00:00
2026-06-29,final,Senegal,3.466,72,1.25,1.116,2026-07-04T15:36:55.88791+00:00
2026-06-29,final,South Africa,0.042,72,,,2026-07-04T15:36:55.88791+00:00
2026-06-29,final,South Korea,0.0,72,,,2026-07-04T15:36:55.88791+00:00
2026-06-29,final,Spain,26.868,72,22.5,20.085,2026-07-04T15:36:55.88791+00:00
2026-06-29,final,Sweden,0.886,72,0.75,0.669,2026-07-04T15:36:55.88791+00:00
2026-06-29,final,Switzerland,5.024,72,3.65,3.258,2026-07-04T15:36:55.88791+00:00
2026-06-29,final,Tunisia,0.0,72,,,2026-07-04T15:36:55.88791+00:00
2026-06-29,final,Turkey,0.0,72,,,2026-07-04T15:36:55.88791+00:00
2026-06-29,final,United States,2.01,72,5.85,5.222,2026-07-04T15:36:55.88791+00:00
2026-06-29,final,Uruguay,0.0,72,,,2026-07-04T15:36:55.88791+00:00
2026-06-29,final,Uzbekistan,0.0,72,,,2026-07-04T15:36:55.88791+00:00
2026-06-29,qf,Algeria,16.374,72,12.0,11.792,2026-07-04T15:36:55.88791+00:00
2026-06-29,qf,Argentina,80.198,72,81.5,80.088,2026-07-04T15:36:55.88791+00:00
2026-06-29,qf,Australia,6.87,72,8.15,8.009,2026-07-04T15:36:55.88791+00:00
2026-06-29,qf,Austria,6.314,72,4.5,4.422,2026-07-04T15:36:55.88791+00:00
2026-06-29,qf,Belgium,33.774,72,31.5,30.954,2026-07-04T15:36:55.88791+00:00
2026-06-29,qf,Bosnia and Herzegovina,8.456,72,4.55,4.471,2026-07-04T15:36:55.88791+00:00
2026-06-29,qf,Brazil,44.506,72,62.0,60.926,2026-07-04T15:36:55.88791+00:00
2026-06-29,qf,Canada,23.832,72,26.0,25.55,2026-07-04T15:36:55.88791+00:00
2026-06-29,qf,Cape Verde,2.534,72,2.1,2.064,2026-07-04T15:36:55.88791+00:00
2026-06-29,qf,Colombia,41.114,72,50.5,49.625,2026-07-04T15:36:55.88791+00:00
2026-06-29,qf,Croatia,11.772,72,8.5,8.353,2026-07-04T15:36:55.88791+00:00
2026-06-29,qf,Curacao,0.0,72,,,2026-07-04T15:36:55.88791+00:00
2026-06-29,qf,Czechia,0.0,72,,,2026-07-04T15:36:55.88791+00:00
2026-06-29,qf,DR Congo,4.596,72,4.6,4.52,2026-07-04T15:36:55.88791+00:00
2026-06-29,qf,Ecuador,20.17,72,10.0,9.827,2026-07-04T15:36:55.88791+00:00
2026-06-29,qf,Egypt,10.398,72,10.5,10.318,2026-07-04T15:36:55.88791+00:00
2026-06-29,qf,England,64.734,72,61.0,59.943,2026-07-04T15:36:55.88791+00:00
2026-06-29,qf,France,55.45,72,81.5,80.088,2026-07-04T15:36:55.88791+00:00
2026-06-29,qf,Germany,32.334,72,0.05,0.049,2026-07-04T15:36:55.88791+00:00
2026-06-29,qf,Ghana,7.764,72,10.15,9.974,2026-07-04T15:36:55.88791+00:00
2026-06-29,qf,Haiti,0.0,72,,,2026-07-04T15:36:55.88791+00:00
2026-06-29,qf,Iran,0.0,72,,,2026-07-04T15:36:55.88791+00:00
2026-06-29,qf,Iraq,0.0,72,,,2026-07-04T15:36:55.88791+00:00
2026-06-29,qf,Ivory Coast,12.686,72,11.5,11.301,2026-07-04T15:36:55.88791+00:00
2026-06-29,qf,Japan,17.604,72,,,2026-07-04T15:36:55.88791+00:00
2026-06-29,qf,Jordan,0.0,72,,,2026-07-04T15:36:55.88791+00:00
2026-06-29,qf,Mexico,10.5,72,27.5,27.024,2026-07-04T15:36:55.88791+00:00
2026-06-29,qf,Morocco,23.888,72,29.5,28.989,2026-07-04T15:36:55.88791+00:00
2026-06-29,qf,Netherlands,49.212,72,46.5,45.695,2026-07-04T15:36:55.88791+00:00
2026-06-29,qf,New Zealand,0.0,72,,,2026-07-04T15:36:55.88791+00:00
2026-06-29,qf,Norway,25.204,72,28.5,28.006,2026-07-04T15:36:55.88791+00:00
2026-06-29,qf,Panama,0.0,72,,,2026-07-04T15:36:55.88791+00:00
2026-06-29,qf,Paraguay,5.044,72,12.9,12.677,2026-07-04T15:36:55.88791+00:00
2026-06-29,qf,Portugal,28.288,72,29.0,28.498,2026-07-04T15:36:55.88791+00:00
2026-06-29,qf,Qatar,0.0,72,,,2026-07-04T15:36:55.88791+00:00
2026-06-29,qf,Saudi Arabia,0.0,72,,,2026-07-04T15:36:55.88791+00:00
2026-06-29,qf,Scotland,0.0,72,,,2026-07-04T15:36:55.88791+00:00
2026-06-29,qf,Senegal,30.334,72,16.5,16.214,2026-07-04T15:36:55.88791+00:00
2026-06-29,qf,South Africa,3.068,72,,,2026-07-04T15:36:55.88791+00:00
2026-06-29,qf,South Korea,0.0,72,,,2026-07-04T15:36:55.88791+00:00
2026-06-29,qf,Spain,53.626,72,59.5,58.469,2026-07-04T15:36:55.88791+00:00
2026-06-29,qf,Sweden,7.172,72,6.1,5.994,2026-07-04T15:36:55.88791+00:00
2026-06-29,qf,Switzerland,34.748,72,31.0,30.463,2026-07-04T15:36:55.88791+00:00
2026-06-29,qf,Tunisia,0.0,72,,,2026-07-04T15:36:55.88791+00:00
2026-06-29,qf,Turkey,0.0,72,,,2026-07-04T15:36:55.88791+00:00
2026-06-29,qf,United States,27.436,72,46.5,45.695,2026-07-04T15:36:55.88791+00:00
2026-06-29,qf,Uruguay,0.0,72,,,2026-07-04T15:36:55.88791+00:00
2026-06-29,qf,Uzbekistan,0.0,72,,,2026-07-04T15:36:55.88791+00:00
2026-06-29,r16,Algeria,37.372,72,33.5,38.282,2026-07-04T15:36:55.88791+00:00
2026-06-29,r16,Argentina,92.95,72,93.5,100.0,2026-07-04T15:36:55.88791+00:00
2026-06-29,r16,Australia,44.58,72,43.5,49.709,2026-07-04T15:36:55.88791+00:00
2026-06-29,r16,Austria,18.804,72,13.2,15.084,2026-07-04T15:36:55.88791+00:00
2026-06-29,r16,Belgium,51.98,72,59.5,67.993,2026-07-04T15:36:55.88791+00:00
2026-06-29,r16,Bosnia and Herzegovina,33.14,72,17.5,19.998,2026-07-04T15:36:55.88791+00:00
2026-06-29,r16,Brazil,65.846,72,,,2026-07-04T15:36:55.88791+00:00
2026-06-29,r16,Canada,74.908,72,,,2026-07-04T15:36:55.88791+00:00
2026-06-29,r16,Cape Verde,7.05,72,7.45,8.513,2026-07-04T15:36:55.88791+00:00
2026-06-29,r16,Colombia,74.474,72,80.0,91.419,2026-07-04T15:36:55.88791+00:00
2026-06-29,r16,Croatia,36.802,72,30.0,34.282,2026-07-04T15:36:55.88791+00:00
2026-06-29,r16,Curacao,0.0,72,,,2026-07-04T15:36:55.88791+00:00
2026-06-29,r16,Czechia,0.0,72,,,2026-07-04T15:36:55.88791+00:00
2026-06-29,r16,DR Congo,13.326,72,13.5,15.427,2026-07-04T15:36:55.88791+00:00
2026-06-29,r16,Ecuador,59.762,72,37.5,42.853,2026-07-04T15:36:55.88791+00:00
2026-06-29,r16,Egypt,55.42,72,56.0,63.993,2026-07-04T15:36:55.88791+00:00
2026-06-29,r16,England,86.674,72,85.5,97.704,2026-07-04T15:36:55.88791+00:00
2026-06-29,r16,France,80.458,72,88.5,100.0,2026-07-04T15:36:55.88791+00:00
2026-06-29,r16,Germany,75.17,72,0.05,0.057,2026-07-04T15:36:55.88791+00:00
2026-06-29,r16,Ghana,25.526,72,19.5,22.283,2026-07-04T15:36:55.88791+00:00
2026-06-29,r16,Haiti,0.0,72,,,2026-07-04T15:36:55.88791+00:00
2026-06-29,r16,Iran,0.0,72,,,2026-07-04T15:36:55.88791+00:00
2026-06-29,r16,Iraq,0.0,72,,,2026-07-04T15:36:55.88791+00:00
2026-06-29,r16,Ivory Coast,39.476,72,35.0,39.996,2026-07-04T15:36:55.88791+00:00
2026-06-29,r16,Japan,34.154,72,,,2026-07-04T15:36:55.88791+00:00
2026-06-29,r16,Jordan,0.0,72,,,2026-07-04T15:36:55.88791+00:00
2026-06-29,r16,Mexico,40.238,72,63.0,71.992,2026-07-04T15:36:55.88791+00:00
2026-06-29,r16,Morocco,36.44,72,42.5,48.566,2026-07-04T15:36:55.88791+00:00
2026-06-29,r16,Netherlands,63.56,72,59.0,67.421,2026-07-04T15:36:55.88791+00:00
2026-06-29,r16,New Zealand,0.0,72,,,2026-07-04T15:36:55.88791+00:00
2026-06-29,r16,Norway,60.524,72,63.5,72.564,2026-07-04T15:36:55.88791+00:00
2026-06-29,r16,Panama,0.0,72,,,2026-07-04T15:36:55.88791+00:00
2026-06-29,r16,Paraguay,24.83,72,99.95,100.0,2026-07-04T15:36:55.88791+00:00
2026-06-29,r16,Portugal,63.198,72,69.5,79.42,2026-07-04T15:36:55.88791+00:00
2026-06-29,r16,Qatar,0.0,72,,,2026-07-04T15:36:55.88791+00:00
2026-06-29,r16,Saudi Arabia,0.0,72,,,2026-07-04T15:36:55.88791+00:00
2026-06-29,r16,Scotland,0.0,72,,,2026-07-04T15:36:55.88791+00:00
2026-06-29,r16,Senegal,48.02,72,40.5,46.281,2026-07-04T15:36:55.88791+00:00
2026-06-29,r16,South Africa,25.092,72,,,2026-07-04T15:36:55.88791+00:00
2026-06-29,r16,South Korea,0.0,72,,,2026-07-04T15:36:55.88791+00:00
2026-06-29,r16,Spain,81.196,72,87.0,99.418,2026-07-04T15:36:55.88791+00:00
2026-06-29,r16,Sweden,19.542,72,10.5,11.999,2026-07-04T15:36:55.88791+00:00
2026-06-29,r16,Switzerland,62.628,72,68.5,78.277,2026-07-04T15:36:55.88791+00:00
2026-06-29,r16,Tunisia,0.0,72,,,2026-07-04T15:36:55.88791+00:00
2026-06-29,r16,Turkey,0.0,72,,,2026-07-04T15:36:55.88791+00:00
2026-06-29,r16,United States,66.86,72,82.5,94.276,2026-07-04T15:36:55.88791+00:00
2026-06-29,r16,Uruguay,0.0,72,,,2026-07-04T15:36:55.88791+00:00
2026-06-29,r16,Uzbekistan,0.0,72,,,2026-07-04T15:36:55.88791+00:00
2026-06-29,sf,Algeria,4.436,72,2.3,2.167,2026-07-04T15:36:55.88791+00:00
2026-06-29,sf,Argentina,58.82,72,61.5,57.951,2026-07-04T15:36:55.88791+00:00
2026-06-29,sf,Australia,2.1,72,1.95,1.837,2026-07-04T15:36:55.88791+00:00
2026-06-29,sf,Austria,2.938,72,2.6,2.45,2026-07-04T15:36:55.88791+00:00
2026-06-29,sf,Belgium,11.318,72,10.5,9.894,2026-07-04T15:36:55.88791+00:00
2026-06-29,sf,Bosnia and Herzegovina,1.172,72,1.05,0.989,2026-07-04T15:36:55.88791+00:00
2026-06-29,sf,Brazil,24.082,72,34.5,32.509,2026-07-04T15:36:55.88791+00:00
2026-06-29,sf,Canada,5.81,72,5.45,5.135,2026-07-04T15:36:55.88791+00:00
2026-06-29,sf,Cape Verde,0.582,72,1.1,1.037,2026-07-04T15:36:55.88791+00:00
2026-06-29,sf,Colombia,15.598,72,21.0,19.788,2026-07-04T15:36:55.88791+00:00
2026-06-29,sf,Croatia,6.45,72,4.35,4.099,2026-07-04T15:36:55.88791+00:00
2026-06-29,sf,Curacao,0.0,72,,,2026-07-04T15:36:55.88791+00:00
2026-06-29,sf,Czechia,0.0,72,,,2026-07-04T15:36:55.88791+00:00
2026-06-29,sf,DR Congo,1.112,72,0.85,0.801,2026-07-04T15:36:55.88791+00:00
2026-06-29,sf,Ecuador,8.626,72,4.4,4.146,2026-07-04T15:36:55.88791+00:00
2026-06-29,sf,Egypt,3.676,72,3.55,3.345,2026-07-04T15:36:55.88791+00:00
2026-06-29,sf,England,41.5,72,36.5,34.393,2026-07-04T15:36:55.88791+00:00
2026-06-29,sf,France,39.738,72,62.0,58.422,2026-07-04T15:36:55.88791+00:00
2026-06-29,sf,Germany,19.156,72,0.05,0.047,2026-07-04T15:36:55.88791+00:00
2026-06-29,sf,Ghana,1.446,72,2.85,2.686,2026-07-04T15:36:55.88791+00:00
2026-06-29,sf,Haiti,0.0,72,,,2026-07-04T15:36:55.88791+00:00
2026-06-29,sf,Iran,0.0,72,,,2026-07-04T15:36:55.88791+00:00
2026-06-29,sf,Iraq,0.0,72,,,2026-07-04T15:36:55.88791+00:00
2026-06-29,sf,Ivory Coast,4.078,72,4.45,4.193,2026-07-04T15:36:55.88791+00:00
2026-06-29,sf,Japan,6.77,72,,,2026-07-04T15:36:55.88791+00:00
2026-06-29,sf,Jordan,0.0,72,,,2026-07-04T15:36:55.88791+00:00
2026-06-29,sf,Mexico,3.452,72,13.5,12.721,2026-07-04T15:36:55.88791+00:00
2026-06-29,sf,Morocco,7.876,72,9.5,8.952,2026-07-04T15:36:55.88791+00:00
2026-06-29,sf,Netherlands,22.532,72,20.5,19.317,2026-07-04T15:36:55.88791+00:00
2026-06-29,sf,New Zealand,0.0,72,,,2026-07-04T15:36:55.88791+00:00
2026-06-29,sf,Norway,10.38,72,15.5,14.605,2026-07-04T15:36:55.88791+00:00
2026-06-29,sf,Panama,0.0,72,,,2026-07-04T15:36:55.88791+00:00
2026-06-29,sf,Paraguay,1.77,72,4.25,4.005,2026-07-04T15:36:55.88791+00:00
2026-06-29,sf,Portugal,19.376,72,22.0,20.73,2026-07-04T15:36:55.88791+00:00
2026-06-29,sf,Qatar,0.0,72,,,2026-07-04T15:36:55.88791+00:00
2026-06-29,sf,Saudi Arabia,0.0,72,,,2026-07-04T15:36:55.88791+00:00
2026-06-29,sf,Scotland,0.0,72,,,2026-07-04T15:36:55.88791+00:00
2026-06-29,sf,Senegal,9.608,72,6.9,6.502,2026-07-04T15:36:55.88791+00:00
2026-06-29,sf,South Africa,0.312,72,,,2026-07-04T15:36:55.88791+00:00
2026-06-29,sf,South Korea,0.0,72,,,2026-07-04T15:36:55.88791+00:00
2026-06-29,sf,Spain,42.192,72,42.5,40.047,2026-07-04T15:36:55.88791+00:00
2026-06-29,sf,Sweden,2.806,72,3.35,3.157,2026-07-04T15:36:55.88791+00:00
2026-06-29,sf,Switzerland,13.342,72,9.05,8.528,2026-07-04T15:36:55.88791+00:00
2026-06-29,sf,Tunisia,0.0,72,,,2026-07-04T15:36:55.88791+00:00
2026-06-29,sf,Turkey,0.0,72,,,2026-07-04T15:36:55.88791+00:00
2026-06-29,sf,United States,6.946,72,16.5,15.548,2026-07-04T15:36:55.88791+00:00
2026-06-29,sf,Uruguay,0.0,72,,,2026-07-04T15:36:55.88791+00:00
2026-06-29,sf,Uzbekistan,0.0,72,,,2026-07-04T15:36:55.88791+00:00
2026-06-30,final,Algeria,1.156,76,1.0,0.896,2026-07-04T15:36:56.38744+00:00
2026-06-30,final,Argentina,33.08,76,40.5,36.274,2026-07-04T15:36:55.88791+00:00
2026-06-30,final,Australia,0.372,76,0.85,0.761,2026-07-04T15:36:56.38744+00:00
2026-06-30,final,Austria,1.04,76,0.55,0.493,2026-07-04T15:36:56.38744+00:00
2026-06-30,final,Belgium,4.75,76,3.65,3.269,2026-07-04T15:36:55.88791+00:00
2026-06-30,final,Bosnia and Herzegovina,0.212,76,0.25,0.224,2026-07-04T15:36:56.38744+00:00
2026-06-30,final,Brazil,20.31,76,17.5,15.674,2026-07-04T15:36:55.88791+00:00
2026-06-30,final,Canada,3.194,76,1.95,1.747,2026-07-04T15:36:55.88791+00:00
2026-06-30,final,Cape Verde,0.072,76,0.25,0.224,2026-07-04T15:36:56.38744+00:00
2026-06-30,final,Colombia,5.958,76,10.35,9.27,2026-07-04T15:36:55.88791+00:00
2026-06-30,final,Croatia,2.844,76,1.25,1.12,2026-07-04T15:36:55.88791+00:00
2026-06-30,final,Curacao,0.0,76,,,2026-07-04T15:36:56.38744+00:00
2026-06-30,final,Czechia,0.0,76,,,2026-07-04T15:36:56.38744+00:00
2026-06-30,final,DR Congo,0.198,76,0.65,0.582,2026-07-04T15:36:56.38744+00:00
2026-06-30,final,Ecuador,3.078,76,1.2,1.075,2026-07-04T15:36:55.88791+00:00
2026-06-30,final,Egypt,0.762,76,1.75,1.567,2026-07-04T15:36:56.38744+00:00
2026-06-30,final,England,24.002,76,19.5,17.465,2026-07-04T15:36:55.88791+00:00
2026-06-30,final,France,31.736,76,54.5,48.813,2026-07-04T15:36:55.88791+00:00
2026-06-30,final,Germany,0.0,76,,,2026-07-04T15:36:56.38744+00:00
2026-06-30,final,Ghana,0.256,76,0.95,0.851,2026-07-04T15:36:56.38744+00:00
2026-06-30,final,Haiti,0.0,76,,,2026-07-04T15:36:56.38744+00:00
2026-06-30,final,Iran,0.0,76,,,2026-07-04T15:36:56.38744+00:00
2026-06-30,final,Iraq,0.0,76,,,2026-07-04T15:36:56.38744+00:00
2026-06-30,final,Ivory Coast,1.084,76,,,2026-07-04T15:36:56.38744+00:00
2026-06-30,final,Japan,0.0,76,,,2026-07-04T15:36:56.38744+00:00
2026-06-30,final,Jordan,0.0,76,,,2026-07-04T15:36:56.38744+00:00
2026-06-30,final,Mexico,0.956,76,7.1,6.359,2026-07-04T15:36:56.38744+00:00
2026-06-30,final,Morocco,7.796,76,9.1,8.15,2026-07-04T15:36:55.88791+00:00
2026-06-30,final,Netherlands,0.0,76,,,2026-07-04T15:36:56.38744+00:00
2026-06-30,final,New Zealand,0.0,76,,,2026-07-04T15:36:56.38744+00:00
2026-06-30,final,Norway,3.872,76,6.5,5.822,2026-07-04T15:36:55.88791+00:00
2026-06-30,final,Panama,0.0,76,,,2026-07-04T15:36:56.38744+00:00
2026-06-30,final,Paraguay,1.896,76,0.3,0.269,2026-07-04T15:36:56.38744+00:00
2026-06-30,final,Portugal,10.632,76,12.5,11.196,2026-07-04T15:36:55.88791+00:00
2026-06-30,final,Qatar,0.0,76,,,2026-07-04T15:36:56.38744+00:00
2026-06-30,final,Saudi Arabia,0.0,76,,,2026-07-04T15:36:56.38744+00:00
2026-06-30,final,Scotland,0.0,76,,,2026-07-04T15:36:56.38744+00:00
2026-06-30,final,Senegal,3.944,76,1.8,1.612,2026-07-04T15:36:55.88791+00:00
2026-06-30,final,South Africa,0.0,76,,,2026-07-04T15:36:56.38744+00:00
2026-06-30,final,South Korea,0.0,76,,,2026-07-04T15:36:56.38744+00:00
2026-06-30,final,Spain,28.08,76,20.5,18.361,2026-07-04T15:36:55.88791+00:00
2026-06-30,final,Sweden,1.566,76,0.05,0.045,2026-07-04T15:36:56.38744+00:00
2026-06-30,final,Switzerland,4.844,76,3.35,3.0,2026-07-04T15:36:55.88791+00:00
2026-06-30,final,Tunisia,0.0,76,,,2026-07-04T15:36:56.38744+00:00
2026-06-30,final,Turkey,0.0,76,,,2026-07-04T15:36:56.38744+00:00
2026-06-30,final,United States,2.31,76,5.45,4.881,2026-07-04T15:36:55.88791+00:00
2026-06-30,final,Uruguay,0.0,76,,,2026-07-04T15:36:56.38744+00:00
2026-06-30,final,Uzbekistan,0.0,76,,,2026-07-04T15:36:56.38744+00:00
2026-06-30,qf,Algeria,16.516,76,9.5,9.449,2026-07-04T15:36:55.88791+00:00
2026-06-30,qf,Argentina,80.098,76,81.5,81.064,2026-07-04T15:36:55.88791+00:00
2026-06-30,qf,Australia,7.116,76,6.0,5.968,2026-07-04T15:36:55.88791+00:00
2026-06-30,qf,Austria,6.222,76,4.55,4.526,2026-07-04T15:36:55.88791+00:00
2026-06-30,qf,Belgium,33.9,76,31.5,31.332,2026-07-04T15:36:55.88791+00:00
2026-06-30,qf,Bosnia and Herzegovina,8.338,76,4.95,4.924,2026-07-04T15:36:55.88791+00:00
2026-06-30,qf,Brazil,67.43,76,63.5,63.161,2026-07-04T15:36:55.88791+00:00
2026-06-30,qf,Canada,39.696,76,29.0,28.845,2026-07-04T15:36:55.88791+00:00
2026-06-30,qf,Cape Verde,2.624,76,2.9,2.884,2026-07-04T15:36:55.88791+00:00
2026-06-30,qf,Colombia,41.082,76,50.5,50.23,2026-07-04T15:36:55.88791+00:00
2026-06-30,qf,Croatia,11.7,76,8.5,8.455,2026-07-04T15:36:55.88791+00:00
2026-06-30,qf,Curacao,0.0,76,,,2026-07-04T15:36:55.88791+00:00
2026-06-30,qf,Czechia,0.0,76,,,2026-07-04T15:36:55.88791+00:00
2026-06-30,qf,DR Congo,4.558,76,2.85,2.835,2026-07-04T15:36:55.88791+00:00
2026-06-30,qf,Ecuador,20.27,76,11.65,11.588,2026-07-04T15:36:55.88791+00:00
2026-06-30,qf,Egypt,10.162,76,10.5,10.444,2026-07-04T15:36:55.88791+00:00
2026-06-30,qf,England,65.032,76,59.5,59.182,2026-07-04T15:36:55.88791+00:00
2026-06-30,qf,France,67.826,76,90.5,90.016,2026-07-04T15:36:55.88791+00:00
2026-06-30,qf,Germany,0.0,76,,,2026-07-04T15:36:55.88791+00:00
2026-06-30,qf,Ghana,7.696,76,9.3,9.25,2026-07-04T15:36:55.88791+00:00
2026-06-30,qf,Haiti,0.0,76,,,2026-07-04T15:36:55.88791+00:00
2026-06-30,qf,Iran,0.0,76,,,2026-07-04T15:36:55.88791+00:00
2026-06-30,qf,Iraq,0.0,76,,,2026-07-04T15:36:55.88791+00:00
2026-06-30,qf,Ivory Coast,10.634,76,,,2026-07-04T15:36:55.88791+00:00
2026-06-30,qf,Japan,0.0,76,,,2026-07-04T15:36:55.88791+00:00
2026-06-30,qf,Jordan,0.0,76,,,2026-07-04T15:36:55.88791+00:00
2026-06-30,qf,Mexico,10.14,76,27.5,27.353,2026-07-04T15:36:55.88791+00:00
2026-06-30,qf,Morocco,60.304,76,71.5,71.118,2026-07-04T15:36:55.88791+00:00
2026-06-30,qf,Netherlands,0.0,76,,,2026-07-04T15:36:55.88791+00:00
2026-06-30,qf,New Zealand,0.0,76,,,2026-07-04T15:36:55.88791+00:00
2026-06-30,qf,Norway,21.936,76,37.0,36.802,2026-07-04T15:36:55.88791+00:00
2026-06-30,qf,Panama,0.0,76,,,2026-07-04T15:36:55.88791+00:00
2026-06-30,qf,Paraguay,20.872,76,11.05,10.991,2026-07-04T15:36:55.88791+00:00
2026-06-30,qf,Portugal,27.888,76,30.0,29.84,2026-07-04T15:36:55.88791+00:00
2026-06-30,qf,Qatar,0.0,76,,,2026-07-04T15:36:55.88791+00:00
2026-06-30,qf,Saudi Arabia,0.0,76,,,2026-07-04T15:36:55.88791+00:00
2026-06-30,qf,Scotland,0.0,76,,,2026-07-04T15:36:55.88791+00:00
2026-06-30,qf,Senegal,30.496,76,16.5,16.412,2026-07-04T15:36:55.88791+00:00
2026-06-30,qf,South Africa,0.0,76,,,2026-07-04T15:36:55.88791+00:00
2026-06-30,qf,South Korea,0.0,76,,,2026-07-04T15:36:55.88791+00:00
2026-06-30,qf,Spain,54.19,76,58.0,57.69,2026-07-04T15:36:55.88791+00:00
2026-06-30,qf,Sweden,11.302,76,0.05,0.05,2026-07-04T15:36:55.88791+00:00
2026-06-30,qf,Switzerland,34.706,76,29.5,29.342,2026-07-04T15:36:55.88791+00:00
2026-06-30,qf,Tunisia,0.0,76,,,2026-07-04T15:36:55.88791+00:00
2026-06-30,qf,Turkey,0.0,76,,,2026-07-04T15:36:55.88791+00:00
2026-06-30,qf,United States,27.266,76,46.5,46.251,2026-07-04T15:36:55.88791+00:00
2026-06-30,qf,Uruguay,0.0,76,,,2026-07-04T15:36:55.88791+00:00
2026-06-30,qf,Uzbekistan,0.0,76,,,2026-07-04T15:36:55.88791+00:00
2026-06-30,r16,Algeria,37.582,76,33.5,48.681,2026-07-04T15:36:55.88791+00:00
2026-06-30,r16,Argentina,92.928,76,91.5,100.0,2026-07-04T15:36:55.88791+00:00
2026-06-30,r16,Australia,45.006,76,44.5,64.666,2026-07-04T15:36:55.88791+00:00
2026-06-30,r16,Austria,18.786,76,13.7,19.908,2026-07-04T15:36:55.88791+00:00
2026-06-30,r16,Belgium,51.838,76,58.5,85.01,2026-07-04T15:36:55.88791+00:00
2026-06-30,r16,Bosnia and Herzegovina,33.242,76,18.5,26.883,2026-07-04T15:36:55.88791+00:00
2026-06-30,r16,Brazil,100.0,76,,,2026-07-04T15:36:55.88791+00:00
2026-06-30,r16,Canada,100.0,76,,,2026-07-04T15:36:55.88791+00:00
2026-06-30,r16,Cape Verde,7.072,76,8.35,12.134,2026-07-04T15:36:55.88791+00:00
2026-06-30,r16,Colombia,74.158,76,79.5,100.0,2026-07-04T15:36:55.88791+00:00
2026-06-30,r16,Croatia,36.998,76,31.5,45.774,2026-07-04T15:36:55.88791+00:00
2026-06-30,r16,Curacao,0.0,76,,,2026-07-04T15:36:55.88791+00:00
2026-06-30,r16,Czechia,0.0,76,,,2026-07-04T15:36:55.88791+00:00
2026-06-30,r16,DR Congo,13.168,76,12.0,17.438,2026-07-04T15:36:55.88791+00:00
2026-06-30,r16,Ecuador,59.832,76,36.5,53.04,2026-07-04T15:36:55.88791+00:00
2026-06-30,r16,Egypt,54.994,76,55.5,80.65,2026-07-04T15:36:55.88791+00:00
2026-06-30,r16,England,86.832,76,87.5,100.0,2026-07-04T15:36:55.88791+00:00
2026-06-30,r16,France,80.132,76,99.95,100.0,2026-07-04T15:36:55.88791+00:00
2026-06-30,r16,Germany,0.0,76,,,2026-07-04T15:36:55.88791+00:00
2026-06-30,r16,Ghana,25.842,76,20.5,29.79,2026-07-04T15:36:55.88791+00:00
2026-06-30,r16,Haiti,0.0,76,,,2026-07-04T15:36:55.88791+00:00
2026-06-30,r16,Iran,0.0,76,,,2026-07-04T15:36:55.88791+00:00
2026-06-30,r16,Iraq,0.0,76,,,2026-07-04T15:36:55.88791+00:00
2026-06-30,r16,Ivory Coast,39.478,76,,,2026-07-04T15:36:55.88791+00:00
2026-06-30,r16,Japan,0.0,76,,,2026-07-04T15:36:55.88791+00:00
2026-06-30,r16,Jordan,0.0,76,,,2026-07-04T15:36:55.88791+00:00
2026-06-30,r16,Mexico,40.168,76,63.5,92.276,2026-07-04T15:36:55.88791+00:00
2026-06-30,r16,Morocco,100.0,76,,,2026-07-04T15:36:55.88791+00:00
2026-06-30,r16,Netherlands,0.0,76,,,2026-07-04T15:36:55.88791+00:00
2026-06-30,r16,New Zealand,0.0,76,,,2026-07-04T15:36:55.88791+00:00
2026-06-30,r16,Norway,60.522,76,,,2026-07-04T15:36:55.88791+00:00
2026-06-30,r16,Panama,0.0,76,,,2026-07-04T15:36:55.88791+00:00
2026-06-30,r16,Paraguay,100.0,76,,,2026-07-04T15:36:55.88791+00:00
2026-06-30,r16,Portugal,63.002,76,69.5,100.0,2026-07-04T15:36:55.88791+00:00
2026-06-30,r16,Qatar,0.0,76,,,2026-07-04T15:36:55.88791+00:00
2026-06-30,r16,Saudi Arabia,0.0,76,,,2026-07-04T15:36:55.88791+00:00
2026-06-30,r16,Scotland,0.0,76,,,2026-07-04T15:36:55.88791+00:00
2026-06-30,r16,Senegal,48.162,76,41.5,60.306,2026-07-04T15:36:55.88791+00:00
2026-06-30,r16,South Africa,0.0,76,,,2026-07-04T15:36:55.88791+00:00
2026-06-30,r16,South Korea,0.0,76,,,2026-07-04T15:36:55.88791+00:00
2026-06-30,r16,Spain,81.214,76,86.0,100.0,2026-07-04T15:36:55.88791+00:00
2026-06-30,r16,Sweden,19.868,76,0.05,0.073,2026-07-04T15:36:55.88791+00:00
2026-06-30,r16,Switzerland,62.418,76,66.5,96.635,2026-07-04T15:36:55.88791+00:00
2026-06-30,r16,Tunisia,0.0,76,,,2026-07-04T15:36:55.88791+00:00
2026-06-30,r16,Turkey,0.0,76,,,2026-07-04T15:36:55.88791+00:00
2026-06-30,r16,United States,66.758,76,82.5,100.0,2026-07-04T15:36:55.88791+00:00
2026-06-30,r16,Uruguay,0.0,76,,,2026-07-04T15:36:55.88791+00:00
2026-06-30,r16,Uzbekistan,0.0,76,,,2026-07-04T15:36:55.88791+00:00
2026-06-30,sf,Algeria,4.498,76,2.3,2.154,2026-07-04T15:36:55.88791+00:00
2026-06-30,sf,Argentina,58.526,76,64.0,59.925,2026-07-04T15:36:55.88791+00:00
2026-06-30,sf,Australia,2.2,76,1.8,1.685,2026-07-04T15:36:55.88791+00:00
2026-06-30,sf,Austria,2.94,76,2.95,2.762,2026-07-04T15:36:55.88791+00:00
2026-06-30,sf,Belgium,11.274,76,11.5,10.768,2026-07-04T15:36:55.88791+00:00
2026-06-30,sf,Bosnia and Herzegovina,1.106,76,0.5,0.468,2026-07-04T15:36:55.88791+00:00
2026-06-30,sf,Brazil,36.524,76,34.5,32.303,2026-07-04T15:36:55.88791+00:00
2026-06-30,sf,Canada,11.31,76,4.8,4.494,2026-07-04T15:36:55.88791+00:00
2026-06-30,sf,Cape Verde,0.56,76,0.65,0.609,2026-07-04T15:36:55.88791+00:00
2026-06-30,sf,Colombia,15.802,76,21.0,19.663,2026-07-04T15:36:55.88791+00:00
2026-06-30,sf,Croatia,6.512,76,4.85,4.541,2026-07-04T15:36:55.88791+00:00
2026-06-30,sf,Curacao,0.0,76,,,2026-07-04T15:36:55.88791+00:00
2026-06-30,sf,Czechia,0.0,76,,,2026-07-04T15:36:55.88791+00:00
2026-06-30,sf,DR Congo,0.896,76,1.1,1.03,2026-07-04T15:36:55.88791+00:00
2026-06-30,sf,Ecuador,7.854,76,3.65,3.418,2026-07-04T15:36:55.88791+00:00
2026-06-30,sf,Egypt,3.682,76,3.7,3.464,2026-07-04T15:36:55.88791+00:00
2026-06-30,sf,England,39.464,76,37.5,35.112,2026-07-04T15:36:55.88791+00:00
2026-06-30,sf,France,52.846,76,76.0,71.161,2026-07-04T15:36:55.88791+00:00
2026-06-30,sf,Germany,0.0,76,,,2026-07-04T15:36:55.88791+00:00
2026-06-30,sf,Ghana,1.496,76,2.5,2.341,2026-07-04T15:36:55.88791+00:00
2026-06-30,sf,Haiti,0.0,76,,,2026-07-04T15:36:55.88791+00:00
2026-06-30,sf,Iran,0.0,76,,,2026-07-04T15:36:55.88791+00:00
2026-06-30,sf,Iraq,0.0,76,,,2026-07-04T15:36:55.88791+00:00
2026-06-30,sf,Ivory Coast,3.294,76,,,2026-07-04T15:36:55.88791+00:00
2026-06-30,sf,Japan,0.0,76,,,2026-07-04T15:36:55.88791+00:00
2026-06-30,sf,Jordan,0.0,76,,,2026-07-04T15:36:55.88791+00:00
2026-06-30,sf,Mexico,2.934,76,14.5,13.577,2026-07-04T15:36:55.88791+00:00
2026-06-30,sf,Morocco,22.12,76,23.0,21.536,2026-07-04T15:36:55.88791+00:00
2026-06-30,sf,Netherlands,0.0,76,,,2026-07-04T15:36:55.88791+00:00
2026-06-30,sf,New Zealand,0.0,76,,,2026-07-04T15:36:55.88791+00:00
2026-06-30,sf,Norway,9.034,76,18.0,16.854,2026-07-04T15:36:55.88791+00:00
2026-06-30,sf,Panama,0.0,76,,,2026-07-04T15:36:55.88791+00:00
2026-06-30,sf,Paraguay,8.362,76,5.05,4.728,2026-07-04T15:36:55.88791+00:00
2026-06-30,sf,Portugal,19.082,76,20.0,18.727,2026-07-04T15:36:55.88791+00:00
2026-06-30,sf,Qatar,0.0,76,,,2026-07-04T15:36:55.88791+00:00
2026-06-30,sf,Saudi Arabia,0.0,76,,,2026-07-04T15:36:55.88791+00:00
2026-06-30,sf,Scotland,0.0,76,,,2026-07-04T15:36:55.88791+00:00
2026-06-30,sf,Senegal,9.612,76,5.35,5.009,2026-07-04T15:36:55.88791+00:00
2026-06-30,sf,South Africa,0.0,76,,,2026-07-04T15:36:55.88791+00:00
2026-06-30,sf,South Korea,0.0,76,,,2026-07-04T15:36:55.88791+00:00
2026-06-30,sf,Spain,42.676,76,43.0,40.262,2026-07-04T15:36:55.88791+00:00
2026-06-30,sf,Sweden,5.362,76,0.05,0.047,2026-07-04T15:36:55.88791+00:00
2026-06-30,sf,Switzerland,13.236,76,8.45,7.912,2026-07-04T15:36:55.88791+00:00
2026-06-30,sf,Tunisia,0.0,76,,,2026-07-04T15:36:55.88791+00:00
2026-06-30,sf,Turkey,0.0,76,,,2026-07-04T15:36:55.88791+00:00
2026-06-30,sf,United States,6.798,76,16.5,15.449,2026-07-04T15:36:55.88791+00:00
2026-06-30,sf,Uruguay,0.0,76,,,2026-07-04T15:36:55.88791+00:00
2026-06-30,sf,Uzbekistan,0.0,76,,,2026-07-04T15:36:55.88791+00:00
2026-07-01,final,Algeria,1.13,79,1.1,0.966,2026-07-04T15:36:56.38744+00:00
2026-07-01,final,Argentina,32.942,79,40.5,35.573,2026-07-04T15:36:56.38744+00:00
2026-07-01,final,Australia,0.38,79,1.15,1.01,2026-07-04T15:36:56.38744+00:00
2026-07-01,final,Austria,0.886,79,0.95,0.834,2026-07-04T15:36:56.38744+00:00
2026-07-01,final,Belgium,4.202,79,5.05,4.436,2026-07-04T15:36:56.38744+00:00
2026-07-01,final,Bosnia and Herzegovina,0.196,79,0.65,0.571,2026-07-04T15:36:56.38744+00:00
2026-07-01,final,Brazil,19.168,79,18.0,15.81,2026-07-04T15:36:56.38744+00:00
2026-07-01,final,Canada,2.45,79,1.85,1.625,2026-07-04T15:36:56.38744+00:00
2026-07-01,final,Cape Verde,0.05,79,0.2,0.176,2026-07-04T15:36:56.38744+00:00
2026-07-01,final,Colombia,5.804,79,10.05,8.827,2026-07-04T15:36:56.38744+00:00
2026-07-01,final,Croatia,2.516,79,1.2,1.054,2026-07-04T15:36:56.38744+00:00
2026-07-01,final,Curacao,0.0,79,,,2026-07-04T15:36:56.38744+00:00
2026-07-01,final,Czechia,0.0,79,,,2026-07-04T15:36:56.38744+00:00
2026-07-01,final,DR Congo,0.268,79,,,2026-07-04T15:36:56.38744+00:00
2026-07-01,final,Ecuador,0.0,79,,,2026-07-04T15:36:56.38744+00:00
2026-07-01,final,Egypt,0.756,79,1.45,1.274,2026-07-04T15:36:56.38744+00:00
2026-07-01,final,England,25.542,79,22.5,19.763,2026-07-04T15:36:56.38744+00:00
2026-07-01,final,France,40.144,79,55.5,48.748,2026-07-04T15:36:56.38744+00:00
2026-07-01,final,Germany,0.0,79,,,2026-07-04T15:36:56.38744+00:00
2026-07-01,final,Ghana,0.194,79,1.05,0.922,2026-07-04T15:36:56.38744+00:00
2026-07-01,final,Haiti,0.0,79,,,2026-07-04T15:36:56.38744+00:00
2026-07-01,final,Iran,0.0,79,,,2026-07-04T15:36:56.38744+00:00
2026-07-01,final,Iraq,0.0,79,,,2026-07-04T15:36:56.38744+00:00
2026-07-01,final,Ivory Coast,0.0,79,,,2026-07-04T15:36:56.38744+00:00
2026-07-01,final,Japan,0.0,79,,,2026-07-04T15:36:56.38744+00:00
2026-07-01,final,Jordan,0.0,79,,,2026-07-04T15:36:56.38744+00:00
2026-07-01,final,Mexico,2.29,79,9.85,8.652,2026-07-04T15:36:56.38744+00:00
2026-07-01,final,Morocco,6.478,79,7.55,6.632,2026-07-04T15:36:56.38744+00:00
2026-07-01,final,Netherlands,0.0,79,,,2026-07-04T15:36:56.38744+00:00
2026-07-01,final,New Zealand,0.0,79,,,2026-07-04T15:36:56.38744+00:00
2026-07-01,final,Norway,6.724,79,6.5,5.709,2026-07-04T15:36:56.38744+00:00
2026-07-01,final,Panama,0.0,79,,,2026-07-04T15:36:56.38744+00:00
2026-07-01,final,Paraguay,1.446,79,1.5,1.318,2026-07-04T15:36:56.38744+00:00
2026-07-01,final,Portugal,9.616,79,10.5,9.223,2026-07-04T15:36:56.38744+00:00
2026-07-01,final,Qatar,0.0,79,,,2026-07-04T15:36:56.38744+00:00
2026-07-01,final,Saudi Arabia,0.0,79,,,2026-07-04T15:36:56.38744+00:00
2026-07-01,final,Scotland,0.0,79,,,2026-07-04T15:36:56.38744+00:00
2026-07-01,final,Senegal,3.48,79,0.05,0.044,2026-07-04T15:36:56.38744+00:00
2026-07-01,final,South Africa,0.0,79,,,2026-07-04T15:36:56.38744+00:00
2026-07-01,final,South Korea,0.0,79,,,2026-07-04T15:36:56.38744+00:00
2026-07-01,final,Spain,26.598,79,20.5,18.006,2026-07-04T15:36:56.38744+00:00
2026-07-01,final,Sweden,0.0,79,,,2026-07-04T15:36:56.38744+00:00
2026-07-01,final,Switzerland,4.752,79,3.4,2.986,2026-07-04T15:36:56.38744+00:00
2026-07-01,final,Tunisia,0.0,79,,,2026-07-04T15:36:56.38744+00:00
2026-07-01,final,Turkey,0.0,79,,,2026-07-04T15:36:56.38744+00:00
2026-07-01,final,United States,1.988,79,6.65,5.841,2026-07-04T15:36:56.38744+00:00
2026-07-01,final,Uruguay,0.0,79,,,2026-07-04T15:36:56.38744+00:00
2026-07-01,final,Uzbekistan,0.0,79,,,2026-07-04T15:36:56.38744+00:00
2026-07-01,qf,Algeria,16.534,79,11.5,11.311,2026-07-04T15:36:56.38744+00:00
2026-07-01,qf,Argentina,80.098,79,82.5,81.141,2026-07-04T15:36:56.38744+00:00
2026-07-01,qf,Australia,6.978,79,5.25,5.164,2026-07-04T15:36:56.38744+00:00
2026-07-01,qf,Austria,6.348,79,3.95,3.885,2026-07-04T15:36:56.38744+00:00
2026-07-01,qf,Belgium,33.89,79,46.65,45.881,2026-07-04T15:36:56.38744+00:00
2026-07-01,qf,Bosnia and Herzegovina,8.578,79,4.75,4.672,2026-07-04T15:36:56.38744+00:00
2026-07-01,qf,Brazil,63.532,79,64.5,63.437,2026-07-04T15:36:56.38744+00:00
2026-07-01,qf,Canada,40.176,79,29.5,29.014,2026-07-04T15:36:56.38744+00:00
2026-07-01,qf,Cape Verde,2.572,79,3.2,3.147,2026-07-04T15:36:56.38744+00:00
2026-07-01,qf,Colombia,40.972,79,53.5,52.619,2026-07-04T15:36:56.38744+00:00
2026-07-01,qf,Croatia,11.624,79,8.5,8.36,2026-07-04T15:36:56.38744+00:00
2026-07-01,qf,Curacao,0.0,79,,,2026-07-04T15:36:56.38744+00:00
2026-07-01,qf,Czechia,0.0,79,,,2026-07-04T15:36:56.38744+00:00
2026-07-01,qf,DR Congo,5.22,79,,,2026-07-04T15:36:56.38744+00:00
2026-07-01,qf,Ecuador,0.0,79,,,2026-07-04T15:36:56.38744+00:00
2026-07-01,qf,Egypt,10.352,79,11.5,11.311,2026-07-04T15:36:56.38744+00:00
2026-07-01,qf,England,69.39,79,56.5,55.569,2026-07-04T15:36:56.38744+00:00
2026-07-01,qf,France,85.01,79,91.5,89.993,2026-07-04T15:36:56.38744+00:00
2026-07-01,qf,Germany,0.0,79,,,2026-07-04T15:36:56.38744+00:00
2026-07-01,qf,Ghana,7.658,79,9.4,9.245,2026-07-04T15:36:56.38744+00:00
2026-07-01,qf,Haiti,0.0,79,,,2026-07-04T15:36:56.38744+00:00
2026-07-01,qf,Iran,0.0,79,,,2026-07-04T15:36:56.38744+00:00
2026-07-01,qf,Iraq,0.0,79,,,2026-07-04T15:36:56.38744+00:00
2026-07-01,qf,Ivory Coast,0.0,79,,,2026-07-04T15:36:56.38744+00:00
2026-07-01,qf,Japan,0.0,79,,,2026-07-04T15:36:56.38744+00:00
2026-07-01,qf,Jordan,0.0,79,,,2026-07-04T15:36:56.38744+00:00
2026-07-01,qf,Mexico,25.39,79,43.5,42.783,2026-07-04T15:36:56.38744+00:00
2026-07-01,qf,Morocco,59.824,79,71.5,70.322,2026-07-04T15:36:56.38744+00:00
2026-07-01,qf,Netherlands,0.0,79,,,2026-07-04T15:36:56.38744+00:00
2026-07-01,qf,New Zealand,0.0,79,,,2026-07-04T15:36:56.38744+00:00
2026-07-01,qf,Norway,36.468,79,35.5,34.915,2026-07-04T15:36:56.38744+00:00
2026-07-01,qf,Panama,0.0,79,,,2026-07-04T15:36:56.38744+00:00
2026-07-01,qf,Paraguay,14.99,79,8.65,8.507,2026-07-04T15:36:56.38744+00:00
2026-07-01,qf,Portugal,27.946,79,31.5,30.981,2026-07-04T15:36:56.38744+00:00
2026-07-01,qf,Qatar,0.0,79,,,2026-07-04T15:36:56.38744+00:00
2026-07-01,qf,Saudi Arabia,0.0,79,,,2026-07-04T15:36:56.38744+00:00
2026-07-01,qf,Scotland,0.0,79,,,2026-07-04T15:36:56.38744+00:00
2026-07-01,qf,Senegal,30.52,79,0.05,0.049,2026-07-04T15:36:56.38744+00:00
2026-07-01,qf,South Africa,0.0,79,,,2026-07-04T15:36:56.38744+00:00
2026-07-01,qf,South Korea,0.0,79,,,2026-07-04T15:36:56.38744+00:00
2026-07-01,qf,Spain,54.082,79,58.5,57.536,2026-07-04T15:36:56.38744+00:00
2026-07-01,qf,Sweden,0.0,79,,,2026-07-04T15:36:56.38744+00:00
2026-07-01,qf,Switzerland,34.836,79,30.5,29.998,2026-07-04T15:36:56.38744+00:00
2026-07-01,qf,Tunisia,0.0,79,,,2026-07-04T15:36:56.38744+00:00
2026-07-01,qf,Turkey,0.0,79,,,2026-07-04T15:36:56.38744+00:00
2026-07-01,qf,United States,27.012,79,51.0,50.16,2026-07-04T15:36:56.38744+00:00
2026-07-01,qf,Uruguay,0.0,79,,,2026-07-04T15:36:56.38744+00:00
2026-07-01,qf,Uzbekistan,0.0,79,,,2026-07-04T15:36:56.38744+00:00
2026-07-01,r16,Algeria,37.52,79,34.5,68.884,2026-07-04T15:36:56.38744+00:00
2026-07-01,r16,Argentina,92.932,79,91.5,100.0,2026-07-04T15:36:56.38744+00:00
2026-07-01,r16,Australia,44.886,79,44.0,87.852,2026-07-04T15:36:56.38744+00:00
2026-07-01,r16,Austria,18.944,79,13.9,27.753,2026-07-04T15:36:56.38744+00:00
2026-07-01,r16,Belgium,51.926,79,99.95,100.0,2026-07-04T15:36:56.38744+00:00
2026-07-01,r16,Bosnia and Herzegovina,33.58,79,16.5,32.944,2026-07-04T15:36:56.38744+00:00
2026-07-01,r16,Brazil,100.0,79,,,2026-07-04T15:36:56.38744+00:00
2026-07-01,r16,Canada,100.0,79,,,2026-07-04T15:36:56.38744+00:00
2026-07-01,r16,Cape Verde,7.068,79,8.45,16.872,2026-07-04T15:36:56.38744+00:00
2026-07-01,r16,Colombia,74.702,79,79.5,100.0,2026-07-04T15:36:56.38744+00:00
2026-07-01,r16,Croatia,36.626,79,30.5,60.897,2026-07-04T15:36:56.38744+00:00
2026-07-01,r16,Curacao,0.0,79,,,2026-07-04T15:36:56.38744+00:00
2026-07-01,r16,Czechia,0.0,79,,,2026-07-04T15:36:56.38744+00:00
2026-07-01,r16,DR Congo,13.176,79,,,2026-07-04T15:36:56.38744+00:00
2026-07-01,r16,Ecuador,0.0,79,,,2026-07-04T15:36:56.38744+00:00
2026-07-01,r16,Egypt,55.114,79,56.5,100.0,2026-07-04T15:36:56.38744+00:00
2026-07-01,r16,England,86.824,79,,,2026-07-04T15:36:56.38744+00:00
2026-07-01,r16,France,100.0,79,,,2026-07-04T15:36:56.38744+00:00
2026-07-01,r16,Germany,0.0,79,,,2026-07-04T15:36:56.38744+00:00
2026-07-01,r16,Ghana,25.298,79,20.5,40.931,2026-07-04T15:36:56.38744+00:00
2026-07-01,r16,Haiti,0.0,79,,,2026-07-04T15:36:56.38744+00:00
2026-07-01,r16,Iran,0.0,79,,,2026-07-04T15:36:56.38744+00:00
2026-07-01,r16,Iraq,0.0,79,,,2026-07-04T15:36:56.38744+00:00
2026-07-01,r16,Ivory Coast,0.0,79,,,2026-07-04T15:36:56.38744+00:00
2026-07-01,r16,Japan,0.0,79,,,2026-07-04T15:36:56.38744+00:00
2026-07-01,r16,Jordan,0.0,79,,,2026-07-04T15:36:56.38744+00:00
2026-07-01,r16,Mexico,100.0,79,,,2026-07-04T15:36:56.38744+00:00
2026-07-01,r16,Morocco,100.0,79,,,2026-07-04T15:36:56.38744+00:00
2026-07-01,r16,Netherlands,0.0,79,,,2026-07-04T15:36:56.38744+00:00
2026-07-01,r16,New Zealand,0.0,79,,,2026-07-04T15:36:56.38744+00:00
2026-07-01,r16,Norway,100.0,79,,,2026-07-04T15:36:56.38744+00:00
2026-07-01,r16,Panama,0.0,79,,,2026-07-04T15:36:56.38744+00:00
2026-07-01,r16,Paraguay,100.0,79,,,2026-07-04T15:36:56.38744+00:00
2026-07-01,r16,Portugal,63.374,79,69.5,100.0,2026-07-04T15:36:56.38744+00:00
2026-07-01,r16,Qatar,0.0,79,,,2026-07-04T15:36:56.38744+00:00
2026-07-01,r16,Saudi Arabia,0.0,79,,,2026-07-04T15:36:56.38744+00:00
2026-07-01,r16,Scotland,0.0,79,,,2026-07-04T15:36:56.38744+00:00
2026-07-01,r16,Senegal,48.074,79,0.05,0.1,2026-07-04T15:36:56.38744+00:00
2026-07-01,r16,South Africa,0.0,79,,,2026-07-04T15:36:56.38744+00:00
2026-07-01,r16,South Korea,0.0,79,,,2026-07-04T15:36:56.38744+00:00
2026-07-01,r16,Spain,81.056,79,86.5,100.0,2026-07-04T15:36:56.38744+00:00
2026-07-01,r16,Sweden,0.0,79,,,2026-07-04T15:36:56.38744+00:00
2026-07-01,r16,Switzerland,62.48,79,65.5,100.0,2026-07-04T15:36:56.38744+00:00
2026-07-01,r16,Tunisia,0.0,79,,,2026-07-04T15:36:56.38744+00:00
2026-07-01,r16,Turkey,0.0,79,,,2026-07-04T15:36:56.38744+00:00
2026-07-01,r16,United States,66.42,79,84.0,100.0,2026-07-04T15:36:56.38744+00:00
2026-07-01,r16,Uruguay,0.0,79,,,2026-07-04T15:36:56.38744+00:00
2026-07-01,r16,Uzbekistan,0.0,79,,,2026-07-04T15:36:56.38744+00:00
2026-07-01,sf,Algeria,4.456,79,2.45,2.298,2026-07-04T15:36:56.38744+00:00
2026-07-01,sf,Argentina,58.432,79,64.5,60.507,2026-07-04T15:36:56.38744+00:00
2026-07-01,sf,Australia,2.14,79,1.9,1.782,2026-07-04T15:36:56.38744+00:00
2026-07-01,sf,Austria,2.926,79,2.3,2.158,2026-07-04T15:36:56.38744+00:00
2026-07-01,sf,Belgium,11.124,79,13.5,12.664,2026-07-04T15:36:56.38744+00:00
2026-07-01,sf,Bosnia and Herzegovina,1.158,79,1.45,1.36,2026-07-04T15:36:56.38744+00:00
2026-07-01,sf,Brazil,34.462,79,34.5,32.364,2026-07-04T15:36:56.38744+00:00
2026-07-01,sf,Canada,9.098,79,5.4,5.066,2026-07-04T15:36:56.38744+00:00
2026-07-01,sf,Cape Verde,0.588,79,1.4,1.313,2026-07-04T15:36:56.38744+00:00
2026-07-01,sf,Colombia,15.97,79,23.0,21.576,2026-07-04T15:36:56.38744+00:00
2026-07-01,sf,Croatia,6.516,79,5.35,5.019,2026-07-04T15:36:56.38744+00:00
2026-07-01,sf,Curacao,0.0,79,,,2026-07-04T15:36:56.38744+00:00
2026-07-01,sf,Czechia,0.0,79,,,2026-07-04T15:36:56.38744+00:00
2026-07-01,sf,DR Congo,1.068,79,,,2026-07-04T15:36:56.38744+00:00
2026-07-01,sf,Ecuador,0.0,79,,,2026-07-04T15:36:56.38744+00:00
2026-07-01,sf,Egypt,3.602,79,4.0,3.752,2026-07-04T15:36:56.38744+00:00
2026-07-01,sf,England,41.978,79,33.5,31.426,2026-07-04T15:36:56.38744+00:00
2026-07-01,sf,France,66.512,79,75.5,70.826,2026-07-04T15:36:56.38744+00:00
2026-07-01,sf,Germany,0.0,79,,,2026-07-04T15:36:56.38744+00:00
2026-07-01,sf,Ghana,1.402,79,2.45,2.298,2026-07-04T15:36:56.38744+00:00
2026-07-01,sf,Haiti,0.0,79,,,2026-07-04T15:36:56.38744+00:00
2026-07-01,sf,Iran,0.0,79,,,2026-07-04T15:36:56.38744+00:00
2026-07-01,sf,Iraq,0.0,79,,,2026-07-04T15:36:56.38744+00:00
2026-07-01,sf,Ivory Coast,0.0,79,,,2026-07-04T15:36:56.38744+00:00
2026-07-01,sf,Japan,0.0,79,,,2026-07-04T15:36:56.38744+00:00
2026-07-01,sf,Jordan,0.0,79,,,2026-07-04T15:36:56.38744+00:00
2026-07-01,sf,Mexico,7.3,79,21.5,20.169,2026-07-04T15:36:56.38744+00:00
2026-07-01,sf,Morocco,18.292,79,19.6,18.386,2026-07-04T15:36:56.38744+00:00
2026-07-01,sf,Netherlands,0.0,79,,,2026-07-04T15:36:56.38744+00:00
2026-07-01,sf,New Zealand,0.0,79,,,2026-07-04T15:36:56.38744+00:00
2026-07-01,sf,Norway,15.192,79,18.5,17.355,2026-07-04T15:36:56.38744+00:00
2026-07-01,sf,Panama,0.0,79,,,2026-07-04T15:36:56.38744+00:00
2026-07-01,sf,Paraguay,6.098,79,4.2,3.94,2026-07-04T15:36:56.38744+00:00
2026-07-01,sf,Portugal,19.102,79,22.5,21.107,2026-07-04T15:36:56.38744+00:00
2026-07-01,sf,Qatar,0.0,79,,,2026-07-04T15:36:56.38744+00:00
2026-07-01,sf,Saudi Arabia,0.0,79,,,2026-07-04T15:36:56.38744+00:00
2026-07-01,sf,Scotland,0.0,79,,,2026-07-04T15:36:56.38744+00:00
2026-07-01,sf,Senegal,9.594,79,0.05,0.047,2026-07-04T15:36:56.38744+00:00
2026-07-01,sf,South Africa,0.0,79,,,2026-07-04T15:36:56.38744+00:00
2026-07-01,sf,South Korea,0.0,79,,,2026-07-04T15:36:56.38744+00:00
2026-07-01,sf,Spain,42.658,79,43.5,40.807,2026-07-04T15:36:56.38744+00:00
2026-07-01,sf,Sweden,0.0,79,,,2026-07-04T15:36:56.38744+00:00
2026-07-01,sf,Switzerland,13.41,79,8.85,8.302,2026-07-04T15:36:56.38744+00:00
2026-07-01,sf,Tunisia,0.0,79,,,2026-07-04T15:36:56.38744+00:00
2026-07-01,sf,Turkey,0.0,79,,,2026-07-04T15:36:56.38744+00:00
2026-07-01,sf,United States,6.922,79,16.5,15.478,2026-07-04T15:36:56.38744+00:00
2026-07-01,sf,Uruguay,0.0,79,,,2026-07-04T15:36:56.38744+00:00
2026-07-01,sf,Uzbekistan,0.0,79,,,2026-07-04T15:36:56.38744+00:00
2026-07-02,final,Algeria,1.044,82,1.7,1.484,2026-07-04T15:36:56.38744+00:00
2026-07-02,final,Argentina,32.386,82,39.5,34.483,2026-07-04T15:36:56.38744+00:00
2026-07-02,final,Australia,0.37,82,1.4,1.222,2026-07-04T15:36:56.38744+00:00
2026-07-02,final,Austria,0.878,82,0.4,0.318,2026-07-04T15:36:56.38744+00:00
2026-07-02,final,Belgium,7.522,82,4.85,4.234,2026-07-04T15:36:56.38744+00:00
2026-07-02,final,Bosnia and Herzegovina,0.0,82,1.4,1.113,2026-07-04T15:36:56.38744+00:00
2026-07-02,final,Brazil,17.856,82,18.5,16.15,2026-07-04T15:36:56.38744+00:00
2026-07-02,final,Canada,2.43,82,1.5,1.309,2026-07-04T15:36:56.38744+00:00
2026-07-02,final,Cape Verde,0.072,82,0.5,0.436,2026-07-04T15:36:56.38744+00:00
2026-07-02,final,Colombia,5.74,82,10.35,9.035,2026-07-04T15:36:56.38744+00:00
2026-07-02,final,Croatia,2.478,82,1.85,1.615,2026-07-04T15:36:56.38744+00:00
2026-07-02,final,Curacao,0.0,82,1.8,1.431,2026-07-04T15:36:56.38744+00:00
2026-07-02,final,Czechia,0.0,82,1.0,0.795,2026-07-04T15:36:56.38744+00:00
2026-07-02,final,DR Congo,0.0,82,0.9,0.715,2026-07-04T15:36:56.38744+00:00
2026-07-02,final,Ecuador,0.0,82,1.8,1.431,2026-07-04T15:36:56.38744+00:00
2026-07-02,final,Egypt,0.716,82,1.7,1.484,2026-07-04T15:36:56.38744+00:00
2026-07-02,final,England,29.282,82,20.5,17.896,2026-07-04T15:36:56.38744+00:00
2026-07-02,final,France,39.896,82,55.5,48.45,2026-07-04T15:36:56.38744+00:00
2026-07-02,final,Germany,0.0,82,0.1,0.079,2026-07-04T15:36:56.38744+00:00
2026-07-02,final,Ghana,0.206,82,1.05,0.917,2026-07-04T15:36:56.38744+00:00
2026-07-02,final,Haiti,0.0,82,0.5,0.397,2026-07-04T15:36:56.38744+00:00
2026-07-02,final,Iran,0.0,82,0.8,0.636,2026-07-04T15:36:56.38744+00:00
2026-07-02,final,Iraq,0.0,82,0.2,0.159,2026-07-04T15:36:56.38744+00:00
2026-07-02,final,Ivory Coast,0.0,82,0.1,0.079,2026-07-04T15:36:56.38744+00:00
2026-07-02,final,Japan,0.0,82,3.2,2.544,2026-07-04T15:36:56.38744+00:00
2026-07-02,final,Jordan,0.0,82,0.6,0.477,2026-07-04T15:36:56.38744+00:00
2026-07-02,final,Mexico,1.812,82,10.05,8.773,2026-07-04T15:36:56.38744+00:00
2026-07-02,final,Morocco,6.6,82,7.85,6.853,2026-07-04T15:36:56.38744+00:00
2026-07-02,final,Netherlands,0.0,82,0.1,0.079,2026-07-04T15:36:56.38744+00:00
2026-07-02,final,New Zealand,0.0,82,0.2,0.159,2026-07-04T15:36:56.38744+00:00
2026-07-02,final,Norway,5.686,82,4.5,3.928,2026-07-04T15:36:56.38744+00:00
2026-07-02,final,Panama,0.0,82,0.1,0.079,2026-07-04T15:36:56.38744+00:00
2026-07-02,final,Paraguay,1.506,82,1.5,1.309,2026-07-04T15:36:56.38744+00:00
2026-07-02,final,Portugal,9.6,82,15.0,13.095,2026-07-04T15:36:56.38744+00:00
2026-07-02,final,Qatar,0.0,82,0.2,0.159,2026-07-04T15:36:56.38744+00:00
2026-07-02,final,Saudi Arabia,0.0,82,1.0,0.795,2026-07-04T15:36:56.38744+00:00
2026-07-02,final,Scotland,0.0,82,0.2,0.159,2026-07-04T15:36:56.38744+00:00
2026-07-02,final,Senegal,0.0,82,0.1,0.079,2026-07-04T15:36:56.38744+00:00
2026-07-02,final,South Africa,0.0,82,0.8,0.636,2026-07-04T15:36:56.38744+00:00
2026-07-02,final,South Korea,0.0,82,0.6,0.477,2026-07-04T15:36:56.38744+00:00
2026-07-02,final,Spain,26.15,82,21.5,18.769,2026-07-04T15:36:56.38744+00:00
2026-07-02,final,Sweden,0.0,82,0.7,0.556,2026-07-04T15:36:56.38744+00:00
2026-07-02,final,Switzerland,4.83,82,3.25,2.837,2026-07-04T15:36:56.38744+00:00
2026-07-02,final,Tunisia,0.0,82,1.6,1.272,2026-07-04T15:36:56.38744+00:00
2026-07-02,final,Turkey,0.0,82,0.1,0.079,2026-07-04T15:36:56.38744+00:00
2026-07-02,final,United States,2.94,82,6.55,5.718,2026-07-04T15:36:56.38744+00:00
2026-07-02,final,Uruguay,0.0,82,2.6,2.067,2026-07-04T15:36:56.38744+00:00
2026-07-02,final,Uzbekistan,0.0,82,0.2,0.159,2026-07-04T15:36:56.38744+00:00
2026-07-02,qf,Algeria,16.2,82,10.5,10.425,2026-07-04T15:36:56.38744+00:00
2026-07-02,qf,Argentina,80.04,82,82.5,81.911,2026-07-04T15:36:56.38744+00:00
2026-07-02,qf,Australia,7.06,82,5.7,5.659,2026-07-04T15:36:56.38744+00:00
2026-07-02,qf,Austria,6.212,82,4.6,4.109,2026-07-04T15:36:56.38744+00:00
2026-07-02,qf,Belgium,59.578,82,48.7,48.352,2026-07-04T15:36:56.38744+00:00
2026-07-02,qf,Bosnia and Herzegovina,0.0,82,4.7,4.199,2026-07-04T15:36:56.38744+00:00
2026-07-02,qf,Brazil,63.744,82,65.5,65.033,2026-07-04T15:36:56.38744+00:00
2026-07-02,qf,Canada,40.244,82,28.5,28.297,2026-07-04T15:36:56.38744+00:00
2026-07-02,qf,Cape Verde,2.692,82,2.65,2.631,2026-07-04T15:36:56.38744+00:00
2026-07-02,qf,Colombia,41.11,82,51.5,51.132,2026-07-04T15:36:56.38744+00:00
2026-07-02,qf,Croatia,11.638,82,6.5,6.454,2026-07-04T15:36:56.38744+00:00
2026-07-02,qf,Curacao,0.0,82,0.9,0.804,2026-07-04T15:36:56.38744+00:00
2026-07-02,qf,Czechia,0.0,82,0.1,0.089,2026-07-04T15:36:56.38744+00:00
2026-07-02,qf,DR Congo,0.0,82,0.1,0.089,2026-07-04T15:36:56.38744+00:00
2026-07-02,qf,Ecuador,0.0,82,0.1,0.089,2026-07-04T15:36:56.38744+00:00
2026-07-02,qf,Egypt,10.208,82,12.0,11.914,2026-07-04T15:36:56.38744+00:00
2026-07-02,qf,England,79.832,82,53.5,53.118,2026-07-04T15:36:56.38744+00:00
2026-07-02,qf,France,85.154,82,92.5,91.84,2026-07-04T15:36:56.38744+00:00
2026-07-02,qf,Germany,0.0,82,32.0,28.587,2026-07-04T15:36:56.38744+00:00
2026-07-02,qf,Ghana,7.73,82,9.55,9.482,2026-07-04T15:36:56.38744+00:00
2026-07-02,qf,Haiti,0.0,82,3.6,3.216,2026-07-04T15:36:56.38744+00:00
2026-07-02,qf,Iran,0.0,82,0.4,0.357,2026-07-04T15:36:56.38744+00:00
2026-07-02,qf,Iraq,0.0,82,0.5,0.447,2026-07-04T15:36:56.38744+00:00
2026-07-02,qf,Ivory Coast,0.0,82,1.0,0.893,2026-07-04T15:36:56.38744+00:00
2026-07-02,qf,Japan,0.0,82,0.1,0.089,2026-07-04T15:36:56.38744+00:00
2026-07-02,qf,Jordan,0.0,82,,,2026-07-04T15:36:56.38744+00:00
2026-07-02,qf,Mexico,20.168,82,46.5,46.168,2026-07-04T15:36:56.38744+00:00
2026-07-02,qf,Morocco,59.756,82,71.5,70.99,2026-07-04T15:36:56.38744+00:00
2026-07-02,qf,Netherlands,0.0,82,1.0,0.893,2026-07-04T15:36:56.38744+00:00
2026-07-02,qf,New Zealand,0.0,82,0.1,0.089,2026-07-04T15:36:56.38744+00:00
2026-07-02,qf,Norway,36.256,82,34.5,34.254,2026-07-04T15:36:56.38744+00:00
2026-07-02,qf,Panama,0.0,82,3.9,3.484,2026-07-04T15:36:56.38744+00:00
2026-07-02,qf,Paraguay,14.846,82,8.15,8.092,2026-07-04T15:36:56.38744+00:00
2026-07-02,qf,Portugal,27.978,82,31.0,30.779,2026-07-04T15:36:56.38744+00:00
2026-07-02,qf,Qatar,0.0,82,5.0,4.467,2026-07-04T15:36:56.38744+00:00
2026-07-02,qf,Saudi Arabia,0.0,82,1.5,1.34,2026-07-04T15:36:56.38744+00:00
2026-07-02,qf,Scotland,0.0,82,3.5,3.127,2026-07-04T15:36:56.38744+00:00
2026-07-02,qf,Senegal,0.0,82,1.0,0.893,2026-07-04T15:36:56.38744+00:00
2026-07-02,qf,South Africa,0.0,82,2.9,2.591,2026-07-04T15:36:56.38744+00:00
2026-07-02,qf,South Korea,0.0,82,4.8,4.288,2026-07-04T15:36:56.38744+00:00
2026-07-02,qf,Spain,54.172,82,64.5,64.04,2026-07-04T15:36:56.38744+00:00
2026-07-02,qf,Sweden,0.0,82,0.1,0.089,2026-07-04T15:36:56.38744+00:00
2026-07-02,qf,Switzerland,34.96,82,29.5,29.289,2026-07-04T15:36:56.38744+00:00
2026-07-02,qf,Tunisia,0.0,82,2.5,2.233,2026-07-04T15:36:56.38744+00:00
2026-07-02,qf,Turkey,0.0,82,0.1,0.089,2026-07-04T15:36:56.38744+00:00
2026-07-02,qf,United States,40.422,82,50.5,50.14,2026-07-04T15:36:56.38744+00:00
2026-07-02,qf,Uruguay,0.0,82,9.0,8.04,2026-07-04T15:36:56.38744+00:00
2026-07-02,qf,Uzbekistan,0.0,82,0.5,0.447,2026-07-04T15:36:56.38744+00:00
2026-07-02,r16,Algeria,37.534,82,33.5,32.924,2026-07-04T15:36:56.38744+00:00
2026-07-02,r16,Argentina,93.004,82,91.5,88.12,2026-07-04T15:36:56.38744+00:00
2026-07-02,r16,Australia,44.716,82,44.0,42.607,2026-07-04T15:36:56.38744+00:00
2026-07-02,r16,Austria,18.562,82,4.1,3.97,2026-07-04T15:36:56.38744+00:00
2026-07-02,r16,Belgium,100.0,82,99.9,96.738,2026-07-04T15:36:56.38744+00:00
2026-07-02,r16,Bosnia and Herzegovina,0.0,82,3.9,3.777,2026-07-04T15:36:56.38744+00:00
2026-07-02,r16,Brazil,100.0,82,99.9,96.738,2026-07-04T15:36:56.38744+00:00
2026-07-02,r16,Canada,100.0,82,99.9,96.738,2026-07-04T15:36:56.38744+00:00
2026-07-02,r16,Cape Verde,6.996,82,7.35,7.65,2026-07-04T15:36:56.38744+00:00
2026-07-02,r16,Colombia,74.492,82,79.0,76.499,2026-07-04T15:36:56.38744+00:00
2026-07-02,r16,Croatia,36.678,82,26.0,29.05,2026-07-04T15:36:56.38744+00:00
2026-07-02,r16,Curacao,0.0,82,0.6,0.581,2026-07-04T15:36:56.38744+00:00
2026-07-02,r16,Czechia,0.0,82,4.0,3.873,2026-07-04T15:36:56.38744+00:00
2026-07-02,r16,DR Congo,0.0,82,1.0,0.968,2026-07-04T15:36:56.38744+00:00
2026-07-02,r16,Ecuador,0.0,82,2.0,1.937,2026-07-04T15:36:56.38744+00:00
2026-07-02,r16,Egypt,55.284,82,56.5,54.227,2026-07-04T15:36:56.38744+00:00
2026-07-02,r16,England,100.0,82,99.9,96.738,2026-07-04T15:36:56.38744+00:00
2026-07-02,r16,France,100.0,82,99.9,96.738,2026-07-04T15:36:56.38744+00:00
2026-07-02,r16,Germany,0.0,82,0.1,0.097,2026-07-04T15:36:56.38744+00:00
2026-07-02,r16,Ghana,25.508,82,20.5,20.335,2026-07-04T15:36:56.38744+00:00
2026-07-02,r16,Haiti,0.0,82,0.5,0.484,2026-07-04T15:36:56.38744+00:00
2026-07-02,r16,Iran,0.0,82,0.1,0.097,2026-07-04T15:36:56.38744+00:00
2026-07-02,r16,Iraq,0.0,82,1.0,0.968,2026-07-04T15:36:56.38744+00:00
2026-07-02,r16,Ivory Coast,0.0,82,4.0,3.873,2026-07-04T15:36:56.38744+00:00
2026-07-02,r16,Japan,0.0,82,0.1,0.097,2026-07-04T15:36:56.38744+00:00
2026-07-02,r16,Jordan,0.0,82,3.2,3.099,2026-07-04T15:36:56.38744+00:00
2026-07-02,r16,Mexico,100.0,82,99.9,96.738,2026-07-04T15:36:56.38744+00:00
2026-07-02,r16,Morocco,100.0,82,99.9,96.738,2026-07-04T15:36:56.38744+00:00
2026-07-02,r16,Netherlands,0.0,82,0.1,0.097,2026-07-04T15:36:56.38744+00:00
2026-07-02,r16,New Zealand,0.0,82,1.3,1.259,2026-07-04T15:36:56.38744+00:00
2026-07-02,r16,Norway,100.0,82,99.9,96.738,2026-07-04T15:36:56.38744+00:00
2026-07-02,r16,Panama,0.0,82,0.1,0.097,2026-07-04T15:36:56.38744+00:00
2026-07-02,r16,Paraguay,100.0,82,99.9,96.738,2026-07-04T15:36:56.38744+00:00
2026-07-02,r16,Portugal,63.322,82,74.0,68.753,2026-07-04T15:36:56.38744+00:00
2026-07-02,r16,Qatar,0.0,82,2.3,2.227,2026-07-04T15:36:56.38744+00:00
2026-07-02,r16,Saudi Arabia,0.0,82,3.6,3.486,2026-07-04T15:36:56.38744+00:00
2026-07-02,r16,Scotland,0.0,82,1.6,1.549,2026-07-04T15:36:56.38744+00:00
2026-07-02,r16,Senegal,0.0,82,0.1,0.097,2026-07-04T15:36:56.38744+00:00
2026-07-02,r16,South Africa,0.0,82,0.1,0.097,2026-07-04T15:36:56.38744+00:00
2026-07-02,r16,South Korea,0.0,82,13.0,12.589,2026-07-04T15:36:56.38744+00:00
2026-07-02,r16,Spain,81.438,82,99.0,95.866,2026-07-04T15:36:56.38744+00:00
2026-07-02,r16,Sweden,0.0,82,1.0,0.968,2026-07-04T15:36:56.38744+00:00
2026-07-02,r16,Switzerland,62.466,82,66.5,63.911,2026-07-04T15:36:56.38744+00:00
2026-07-02,r16,Tunisia,0.0,82,3.0,2.905,2026-07-04T15:36:56.38744+00:00
2026-07-02,r16,Turkey,0.0,82,2.0,1.937,2026-07-04T15:36:56.38744+00:00
2026-07-02,r16,United States,100.0,82,99.9,96.738,2026-07-04T15:36:56.38744+00:00
2026-07-02,r16,Uruguay,0.0,82,0.1,0.097,2026-07-04T15:36:56.38744+00:00
2026-07-02,r16,Uzbekistan,0.0,82,1.5,1.453,2026-07-04T15:36:56.38744+00:00
2026-07-02,sf,Algeria,4.398,82,2.25,2.134,2026-07-04T15:36:56.38744+00:00
2026-07-02,sf,Argentina,58.766,82,64.0,60.707,2026-07-04T15:36:56.38744+00:00
2026-07-02,sf,Australia,2.15,82,2.0,1.897,2026-07-04T15:36:56.38744+00:00
2026-07-02,sf,Austria,2.792,82,2.4,2.014,2026-07-04T15:36:56.38744+00:00
2026-07-02,sf,Belgium,19.776,82,13.45,12.758,2026-07-04T15:36:56.38744+00:00
2026-07-02,sf,Bosnia and Herzegovina,0.0,82,1.0,0.839,2026-07-04T15:36:56.38744+00:00
2026-07-02,sf,Brazil,32.44,82,33.5,31.776,2026-07-04T15:36:56.38744+00:00
2026-07-02,sf,Canada,9.248,82,4.4,4.174,2026-07-04T15:36:56.38744+00:00
2026-07-02,sf,Cape Verde,0.588,82,1.35,1.281,2026-07-04T15:36:56.38744+00:00
2026-07-02,sf,Colombia,15.636,82,22.0,20.868,2026-07-04T15:36:56.38744+00:00
2026-07-02,sf,Croatia,6.344,82,5.15,4.885,2026-07-04T15:36:56.38744+00:00
2026-07-02,sf,Curacao,0.0,82,0.1,0.084,2026-07-04T15:36:56.38744+00:00
2026-07-02,sf,Czechia,0.0,82,2.1,1.762,2026-07-04T15:36:56.38744+00:00
2026-07-02,sf,DR Congo,0.0,82,1.2,1.007,2026-07-04T15:36:56.38744+00:00
2026-07-02,sf,Ecuador,0.0,82,0.1,0.084,2026-07-04T15:36:56.38744+00:00
2026-07-02,sf,Egypt,3.628,82,4.75,4.506,2026-07-04T15:36:56.38744+00:00
2026-07-02,sf,England,48.308,82,32.5,30.828,2026-07-04T15:36:56.38744+00:00
2026-07-02,sf,France,66.452,82,74.5,70.666,2026-07-04T15:36:56.38744+00:00
2026-07-02,sf,Germany,0.0,82,18.0,15.107,2026-07-04T15:36:56.38744+00:00
2026-07-02,sf,Ghana,1.424,82,2.6,2.466,2026-07-04T15:36:56.38744+00:00
2026-07-02,sf,Haiti,0.0,82,0.5,0.42,2026-07-04T15:36:56.38744+00:00
2026-07-02,sf,Iran,0.0,82,0.7,0.587,2026-07-04T15:36:56.38744+00:00
2026-07-02,sf,Iraq,0.0,82,0.1,0.084,2026-07-04T15:36:56.38744+00:00
2026-07-02,sf,Ivory Coast,0.0,82,0.8,0.671,2026-07-04T15:36:56.38744+00:00
2026-07-02,sf,Japan,0.0,82,3.0,2.518,2026-07-04T15:36:56.38744+00:00
2026-07-02,sf,Jordan,0.0,82,1.1,0.923,2026-07-04T15:36:56.38744+00:00
2026-07-02,sf,Mexico,5.692,82,21.0,19.919,2026-07-04T15:36:56.38744+00:00
2026-07-02,sf,Morocco,18.192,82,19.4,18.402,2026-07-04T15:36:56.38744+00:00
2026-07-02,sf,Netherlands,0.0,82,0.2,0.168,2026-07-04T15:36:56.38744+00:00
2026-07-02,sf,New Zealand,0.0,82,3.3,2.77,2026-07-04T15:36:56.38744+00:00
2026-07-02,sf,Norway,13.56,82,18.0,17.074,2026-07-04T15:36:56.38744+00:00
2026-07-02,sf,Panama,0.0,82,3.0,2.518,2026-07-04T15:36:56.38744+00:00
2026-07-02,sf,Paraguay,6.108,82,4.25,4.031,2026-07-04T15:36:56.38744+00:00
2026-07-02,sf,Portugal,18.854,82,22.5,21.342,2026-07-04T15:36:56.38744+00:00
2026-07-02,sf,Qatar,0.0,82,0.9,0.755,2026-07-04T15:36:56.38744+00:00
2026-07-02,sf,Saudi Arabia,0.0,82,1.9,1.595,2026-07-04T15:36:56.38744+00:00
2026-07-02,sf,Scotland,0.0,82,1.7,1.427,2026-07-04T15:36:56.38744+00:00
2026-07-02,sf,Senegal,0.0,82,0.1,0.084,2026-07-04T15:36:56.38744+00:00
2026-07-02,sf,South Africa,0.0,82,1.1,0.923,2026-07-04T15:36:56.38744+00:00
2026-07-02,sf,South Korea,0.0,82,1.9,1.595,2026-07-04T15:36:56.38744+00:00
2026-07-02,sf,Spain,42.088,82,47.5,45.056,2026-07-04T15:36:56.38744+00:00
2026-07-02,sf,Sweden,0.0,82,0.1,0.084,2026-07-04T15:36:56.38744+00:00
2026-07-02,sf,Switzerland,13.41,82,9.1,8.632,2026-07-04T15:36:56.38744+00:00
2026-07-02,sf,Tunisia,0.0,82,1.0,0.839,2026-07-04T15:36:56.38744+00:00
2026-07-02,sf,Turkey,0.0,82,3.8,3.189,2026-07-04T15:36:56.38744+00:00
2026-07-02,sf,United States,10.146,82,17.5,16.599,2026-07-04T15:36:56.38744+00:00
2026-07-02,sf,Uruguay,0.0,82,0.3,0.252,2026-07-04T15:36:56.38744+00:00
2026-07-02,sf,Uzbekistan,0.0,82,0.6,0.504,2026-07-04T15:36:56.38744+00:00
2026-07-03,final,Algeria,0.0,85,1.1,0.861,2026-07-04T15:36:56.757081+00:00
2026-07-03,final,Argentina,31.73,85,37.5,34.795,2026-07-04T15:36:56.757081+00:00
2026-07-03,final,Australia,0.344,85,1.7,1.331,2026-07-04T15:36:56.757081+00:00
2026-07-03,final,Austria,0.0,85,0.4,0.313,2026-07-04T15:36:56.757081+00:00
2026-07-03,final,Belgium,6.946,85,3.4,3.155,2026-07-04T15:36:56.757081+00:00
2026-07-03,final,Bosnia and Herzegovina,0.0,85,1.4,1.096,2026-07-04T15:36:56.757081+00:00
2026-07-03,final,Brazil,17.91,85,18.5,17.165,2026-07-04T15:36:56.757081+00:00
2026-07-03,final,Canada,2.328,85,0.65,0.603,2026-07-04T15:36:56.757081+00:00
2026-07-03,final,Cape Verde,0.06,85,0.35,0.325,2026-07-04T15:36:56.757081+00:00
2026-07-03,final,Colombia,5.076,85,12.0,11.134,2026-07-04T15:36:56.757081+00:00
2026-07-03,final,Croatia,0.0,85,2.7,2.114,2026-07-04T15:36:56.757081+00:00
2026-07-03,final,Curacao,0.0,85,1.8,1.41,2026-07-04T15:36:56.757081+00:00
2026-07-03,final,Czechia,0.0,85,1.0,0.783,2026-07-04T15:36:56.757081+00:00
2026-07-03,final,DR Congo,0.0,85,0.9,0.705,2026-07-04T15:36:56.757081+00:00
2026-07-03,final,Ecuador,0.0,85,1.8,1.41,2026-07-04T15:36:56.757081+00:00
2026-07-03,final,Egypt,0.69,85,0.95,0.881,2026-07-04T15:36:56.757081+00:00
2026-07-03,final,England,29.078,85,17.5,16.238,2026-07-04T15:36:56.757081+00:00
2026-07-03,final,France,37.702,85,53.5,49.64,2026-07-04T15:36:56.757081+00:00
2026-07-03,final,Germany,0.0,85,0.1,0.078,2026-07-04T15:36:56.757081+00:00
2026-07-03,final,Ghana,0.166,85,0.45,0.418,2026-07-04T15:36:56.757081+00:00
2026-07-03,final,Haiti,0.0,85,0.5,0.392,2026-07-04T15:36:56.757081+00:00
2026-07-03,final,Iran,0.0,85,0.8,0.626,2026-07-04T15:36:56.757081+00:00
2026-07-03,final,Iraq,0.0,85,0.2,0.157,2026-07-04T15:36:56.757081+00:00
2026-07-03,final,Ivory Coast,0.0,85,0.1,0.078,2026-07-04T15:36:56.757081+00:00
2026-07-03,final,Japan,0.0,85,3.2,2.506,2026-07-04T15:36:56.757081+00:00
2026-07-03,final,Jordan,0.0,85,0.6,0.47,2026-07-04T15:36:56.757081+00:00
2026-07-03,final,Mexico,1.826,85,10.85,10.067,2026-07-04T15:36:56.757081+00:00
2026-07-03,final,Morocco,6.02,85,7.9,7.33,2026-07-04T15:36:56.757081+00:00
2026-07-03,final,Netherlands,0.0,85,0.1,0.078,2026-07-04T15:36:56.757081+00:00
2026-07-03,final,New Zealand,0.0,85,0.2,0.157,2026-07-04T15:36:56.757081+00:00
2026-07-03,final,Norway,5.706,85,4.8,4.454,2026-07-04T15:36:56.757081+00:00
2026-07-03,final,Panama,0.0,85,0.1,0.078,2026-07-04T15:36:56.757081+00:00
2026-07-03,final,Paraguay,1.302,85,0.7,0.65,2026-07-04T15:36:56.757081+00:00
2026-07-03,final,Portugal,13.058,85,13.5,12.526,2026-07-04T15:36:56.757081+00:00
2026-07-03,final,Qatar,0.0,85,0.2,0.157,2026-07-04T15:36:56.757081+00:00
2026-07-03,final,Saudi Arabia,0.0,85,1.0,0.783,2026-07-04T15:36:56.757081+00:00
2026-07-03,final,Scotland,0.0,85,0.2,0.157,2026-07-04T15:36:56.757081+00:00
2026-07-03,final,Senegal,0.0,85,0.1,0.078,2026-07-04T15:36:56.757081+00:00
2026-07-03,final,South Africa,0.0,85,0.8,0.626,2026-07-04T15:36:56.757081+00:00
2026-07-03,final,South Korea,0.0,85,0.6,0.47,2026-07-04T15:36:56.757081+00:00
2026-07-03,final,Spain,30.042,85,23.5,21.805,2026-07-04T15:36:56.757081+00:00
2026-07-03,final,Sweden,0.0,85,0.7,0.548,2026-07-04T15:36:56.757081+00:00
2026-07-03,final,Switzerland,7.414,85,3.85,3.572,2026-07-04T15:36:56.757081+00:00
2026-07-03,final,Tunisia,0.0,85,1.6,1.253,2026-07-04T15:36:56.757081+00:00
2026-07-03,final,Turkey,0.0,85,0.1,0.078,2026-07-04T15:36:56.757081+00:00
2026-07-03,final,United States,2.602,85,5.65,5.242,2026-07-04T15:36:56.757081+00:00
2026-07-03,final,Uruguay,0.0,85,2.6,2.036,2026-07-04T15:36:56.757081+00:00
2026-07-03,final,Uzbekistan,0.0,85,0.2,0.157,2026-07-04T15:36:56.757081+00:00
2026-07-03,qf,Algeria,0.0,85,0.1,0.09,2026-07-04T15:36:56.757081+00:00
2026-07-03,qf,Argentina,80.308,85,84.5,82.069,2026-07-04T15:36:56.38744+00:00
2026-07-03,qf,Australia,6.936,85,5.4,4.849,2026-07-04T15:36:56.38744+00:00
2026-07-03,qf,Austria,0.0,85,4.6,4.131,2026-07-04T15:36:56.757081+00:00
2026-07-03,qf,Belgium,60.088,85,50.2,48.756,2026-07-04T15:36:56.38744+00:00
2026-07-03,qf,Bosnia and Herzegovina,0.0,85,4.7,4.22,2026-07-04T15:36:56.38744+00:00
2026-07-03,qf,Brazil,63.952,85,67.5,65.558,2026-07-04T15:36:56.38744+00:00
2026-07-03,qf,Canada,40.324,85,27.5,26.709,2026-07-04T15:36:56.38744+00:00
2026-07-03,qf,Cape Verde,2.684,85,16.2,15.734,2026-07-04T15:36:56.38744+00:00
2026-07-03,qf,Colombia,37.456,85,60.5,58.759,2026-07-04T15:36:56.38744+00:00
2026-07-03,qf,Croatia,0.0,85,0.1,0.09,2026-07-04T15:36:56.757081+00:00
2026-07-03,qf,Curacao,0.0,85,0.9,0.808,2026-07-04T15:36:56.38744+00:00
2026-07-03,qf,Czechia,0.0,85,0.1,0.09,2026-07-04T15:36:56.38744+00:00
2026-07-03,qf,DR Congo,0.0,85,0.1,0.09,2026-07-04T15:36:56.757081+00:00
2026-07-03,qf,Ecuador,0.0,85,0.1,0.09,2026-07-04T15:36:56.38744+00:00
2026-07-03,qf,Egypt,10.072,85,14.5,14.083,2026-07-04T15:36:56.38744+00:00
2026-07-03,qf,England,79.87,85,53.5,51.961,2026-07-04T15:36:56.38744+00:00
2026-07-03,qf,France,84.888,85,92.5,89.839,2026-07-04T15:36:56.38744+00:00
2026-07-03,qf,Germany,0.0,85,32.0,28.735,2026-07-04T15:36:56.38744+00:00
2026-07-03,qf,Ghana,6.716,85,6.45,6.264,2026-07-04T15:36:56.38744+00:00
2026-07-03,qf,Haiti,0.0,85,3.6,3.233,2026-07-04T15:36:56.38744+00:00
2026-07-03,qf,Iran,0.0,85,0.4,0.359,2026-07-04T15:36:56.38744+00:00
2026-07-03,qf,Iraq,0.0,85,0.5,0.449,2026-07-04T15:36:56.757081+00:00
2026-07-03,qf,Ivory Coast,0.0,85,1.0,0.898,2026-07-04T15:36:56.38744+00:00
2026-07-03,qf,Japan,0.0,85,0.1,0.09,2026-07-04T15:36:56.38744+00:00
2026-07-03,qf,Jordan,0.0,85,,,2026-07-04T15:36:56.757081+00:00
2026-07-03,qf,Mexico,20.13,85,46.5,45.162,2026-07-04T15:36:56.38744+00:00
2026-07-03,qf,Morocco,59.676,85,72.5,70.414,2026-07-04T15:36:56.38744+00:00
2026-07-03,qf,Netherlands,0.0,85,1.0,0.898,2026-07-04T15:36:56.38744+00:00
2026-07-03,qf,New Zealand,0.0,85,0.1,0.09,2026-07-04T15:36:56.757081+00:00
2026-07-03,qf,Norway,36.048,85,33.5,32.536,2026-07-04T15:36:56.38744+00:00
2026-07-03,qf,Panama,0.0,85,3.9,3.502,2026-07-04T15:36:56.757081+00:00
2026-07-03,qf,Paraguay,15.112,85,7.35,7.139,2026-07-04T15:36:56.38744+00:00
2026-07-03,qf,Portugal,37.84,85,34.5,33.507,2026-07-04T15:36:56.38744+00:00
2026-07-03,qf,Qatar,0.0,85,5.0,4.49,2026-07-04T15:36:56.38744+00:00
2026-07-03,qf,Saudi Arabia,0.0,85,1.5,1.347,2026-07-04T15:36:56.757081+00:00
2026-07-03,qf,Scotland,0.0,85,3.5,3.143,2026-07-04T15:36:56.38744+00:00
2026-07-03,qf,Senegal,0.0,85,1.0,0.898,2026-07-04T15:36:56.757081+00:00
2026-07-03,qf,South Africa,0.0,85,2.9,2.604,2026-07-04T15:36:56.38744+00:00
2026-07-03,qf,South Korea,0.0,85,4.8,4.31,2026-07-04T15:36:56.38744+00:00
2026-07-03,qf,Spain,62.16,85,66.0,64.101,2026-07-04T15:36:56.38744+00:00
2026-07-03,qf,Sweden,0.0,85,0.1,0.09,2026-07-04T15:36:56.38744+00:00
2026-07-03,qf,Switzerland,55.828,85,40.5,39.335,2026-07-04T15:36:56.38744+00:00
2026-07-03,qf,Tunisia,0.0,85,2.5,2.245,2026-07-04T15:36:56.38744+00:00
2026-07-03,qf,Turkey,0.0,85,0.1,0.09,2026-07-04T15:36:56.38744+00:00
2026-07-03,qf,United States,39.912,85,49.5,48.076,2026-07-04T15:36:56.38744+00:00
2026-07-03,qf,Uruguay,0.0,85,9.0,8.082,2026-07-04T15:36:56.757081+00:00
2026-07-03,qf,Uzbekistan,0.0,85,0.5,0.449,2026-07-04T15:36:56.757081+00:00
2026-07-03,r16,Algeria,0.0,85,3.0,2.9,2026-07-04T15:36:56.38744+00:00
2026-07-03,r16,Argentina,92.978,85,77.05,89.899,2026-07-04T15:36:56.38744+00:00
2026-07-03,r16,Australia,44.84,85,42.0,40.599,2026-07-04T15:36:56.38744+00:00
2026-07-03,r16,Austria,0.0,85,0.4,0.387,2026-07-04T15:36:56.38744+00:00
2026-07-03,r16,Belgium,100.0,85,99.9,96.568,2026-07-04T15:36:56.38744+00:00
2026-07-03,r16,Bosnia and Herzegovina,0.0,85,3.9,3.77,2026-07-04T15:36:56.38744+00:00
2026-07-03,r16,Brazil,100.0,85,99.9,96.568,2026-07-04T15:36:56.38744+00:00
2026-07-03,r16,Canada,100.0,85,99.9,96.568,2026-07-04T15:36:56.38744+00:00
2026-07-03,r16,Cape Verde,7.022,85,22.25,6.573,2026-07-04T15:36:56.38744+00:00
2026-07-03,r16,Colombia,74.21,85,81.0,78.299,2026-07-04T15:36:56.38744+00:00
2026-07-03,r16,Croatia,0.0,85,1.0,0.967,2026-07-04T15:36:56.38744+00:00
2026-07-03,r16,Curacao,0.0,85,0.6,0.58,2026-07-04T15:36:56.38744+00:00
2026-07-03,r16,Czechia,0.0,85,4.0,3.867,2026-07-04T15:36:56.38744+00:00
2026-07-03,r16,DR Congo,0.0,85,1.0,0.967,2026-07-04T15:36:56.38744+00:00
2026-07-03,r16,Ecuador,0.0,85,2.0,1.933,2026-07-04T15:36:56.38744+00:00
2026-07-03,r16,Egypt,55.16,85,59.0,57.032,2026-07-04T15:36:56.38744+00:00
2026-07-03,r16,England,100.0,85,99.9,96.568,2026-07-04T15:36:56.38744+00:00
2026-07-03,r16,France,100.0,85,99.9,96.568,2026-07-04T15:36:56.38744+00:00
2026-07-03,r16,Germany,0.0,85,0.1,0.097,2026-07-04T15:36:56.38744+00:00
2026-07-03,r16,Ghana,25.79,85,19.0,19.333,2026-07-04T15:36:56.38744+00:00
2026-07-03,r16,Haiti,0.0,85,0.5,0.483,2026-07-04T15:36:56.38744+00:00
2026-07-03,r16,Iran,0.0,85,0.1,0.097,2026-07-04T15:36:56.38744+00:00
2026-07-03,r16,Iraq,0.0,85,1.0,0.967,2026-07-04T15:36:56.38744+00:00
2026-07-03,r16,Ivory Coast,0.0,85,4.0,3.867,2026-07-04T15:36:56.38744+00:00
2026-07-03,r16,Japan,0.0,85,0.1,0.097,2026-07-04T15:36:56.38744+00:00
2026-07-03,r16,Jordan,0.0,85,3.2,3.093,2026-07-04T15:36:56.38744+00:00
2026-07-03,r16,Mexico,100.0,85,99.9,96.568,2026-07-04T15:36:56.38744+00:00
2026-07-03,r16,Morocco,100.0,85,99.9,96.568,2026-07-04T15:36:56.38744+00:00
2026-07-03,r16,Netherlands,0.0,85,0.1,0.097,2026-07-04T15:36:56.38744+00:00
2026-07-03,r16,New Zealand,0.0,85,1.3,1.257,2026-07-04T15:36:56.38744+00:00
2026-07-03,r16,Norway,100.0,85,99.9,96.568,2026-07-04T15:36:56.38744+00:00
2026-07-03,r16,Panama,0.0,85,0.1,0.097,2026-07-04T15:36:56.38744+00:00
2026-07-03,r16,Paraguay,100.0,85,99.9,96.568,2026-07-04T15:36:56.38744+00:00
2026-07-03,r16,Portugal,100.0,85,99.9,96.568,2026-07-04T15:36:56.38744+00:00
2026-07-03,r16,Qatar,0.0,85,2.3,2.223,2026-07-04T15:36:56.38744+00:00
2026-07-03,r16,Saudi Arabia,0.0,85,3.6,3.48,2026-07-04T15:36:56.38744+00:00
2026-07-03,r16,Scotland,0.0,85,1.6,1.547,2026-07-04T15:36:56.38744+00:00
2026-07-03,r16,Senegal,0.0,85,0.1,0.097,2026-07-04T15:36:56.38744+00:00
2026-07-03,r16,South Africa,0.0,85,0.1,0.097,2026-07-04T15:36:56.38744+00:00
2026-07-03,r16,South Korea,0.0,85,13.0,12.566,2026-07-04T15:36:56.38744+00:00
2026-07-03,r16,Spain,100.0,85,99.9,96.568,2026-07-04T15:36:56.38744+00:00
2026-07-03,r16,Sweden,0.0,85,1.0,0.967,2026-07-04T15:36:56.38744+00:00
2026-07-03,r16,Switzerland,100.0,85,99.9,96.568,2026-07-04T15:36:56.38744+00:00
2026-07-03,r16,Tunisia,0.0,85,3.0,2.9,2026-07-04T15:36:56.38744+00:00
2026-07-03,r16,Turkey,0.0,85,2.0,1.933,2026-07-04T15:36:56.38744+00:00
2026-07-03,r16,United States,100.0,85,99.9,96.568,2026-07-04T15:36:56.38744+00:00
2026-07-03,r16,Uruguay,0.0,85,0.1,0.097,2026-07-04T15:36:56.38744+00:00
2026-07-03,r16,Uzbekistan,0.0,85,1.5,1.45,2026-07-04T15:36:56.38744+00:00
2026-07-03,sf,Algeria,0.0,85,1.7,1.407,2026-07-04T15:36:56.757081+00:00
2026-07-03,sf,Argentina,57.206,85,63.5,59.263,2026-07-04T15:36:56.757081+00:00
2026-07-03,sf,Australia,2.006,85,2.3,1.904,2026-07-04T15:36:56.757081+00:00
2026-07-03,sf,Austria,0.0,85,2.4,1.987,2026-07-04T15:36:56.757081+00:00
2026-07-03,sf,Belgium,18.058,85,14.3,13.346,2026-07-04T15:36:56.757081+00:00
2026-07-03,sf,Bosnia and Herzegovina,0.0,85,1.0,0.828,2026-07-04T15:36:56.757081+00:00
2026-07-03,sf,Brazil,32.352,85,35.5,33.131,2026-07-04T15:36:56.757081+00:00
2026-07-03,sf,Canada,9.164,85,4.35,4.06,2026-07-04T15:36:56.757081+00:00
2026-07-03,sf,Cape Verde,0.596,85,5.8,5.413,2026-07-04T15:36:56.757081+00:00
2026-07-03,sf,Colombia,14.514,85,24.5,22.865,2026-07-04T15:36:56.757081+00:00
2026-07-03,sf,Croatia,0.0,85,1.3,1.076,2026-07-04T15:36:56.757081+00:00
2026-07-03,sf,Curacao,0.0,85,0.1,0.083,2026-07-04T15:36:56.757081+00:00
2026-07-03,sf,Czechia,0.0,85,2.1,1.738,2026-07-04T15:36:56.757081+00:00
2026-07-03,sf,DR Congo,0.0,85,1.2,0.993,2026-07-04T15:36:56.757081+00:00
2026-07-03,sf,Ecuador,0.0,85,0.1,0.083,2026-07-04T15:36:56.757081+00:00
2026-07-03,sf,Egypt,3.318,85,4.65,4.34,2026-07-04T15:36:56.757081+00:00
2026-07-03,sf,England,48.232,85,31.5,29.398,2026-07-04T15:36:56.757081+00:00
2026-07-03,sf,France,66.384,85,77.5,72.329,2026-07-04T15:36:56.757081+00:00
2026-07-03,sf,Germany,0.0,85,18.0,14.901,2026-07-04T15:36:56.757081+00:00
2026-07-03,sf,Ghana,1.198,85,2.6,2.427,2026-07-04T15:36:56.757081+00:00
2026-07-03,sf,Haiti,0.0,85,0.5,0.414,2026-07-04T15:36:56.757081+00:00
2026-07-03,sf,Iran,0.0,85,0.7,0.579,2026-07-04T15:36:56.757081+00:00
2026-07-03,sf,Iraq,0.0,85,0.1,0.083,2026-07-04T15:36:56.757081+00:00
2026-07-03,sf,Ivory Coast,0.0,85,0.8,0.662,2026-07-04T15:36:56.757081+00:00
2026-07-03,sf,Japan,0.0,85,3.0,2.483,2026-07-04T15:36:56.757081+00:00
2026-07-03,sf,Jordan,0.0,85,1.1,0.911,2026-07-04T15:36:56.757081+00:00
2026-07-03,sf,Mexico,5.882,85,22.5,20.999,2026-07-04T15:36:56.757081+00:00
2026-07-03,sf,Morocco,18.308,85,18.35,17.126,2026-07-04T15:36:56.757081+00:00
2026-07-03,sf,Netherlands,0.0,85,0.2,0.166,2026-07-04T15:36:56.757081+00:00
2026-07-03,sf,New Zealand,0.0,85,3.3,2.732,2026-07-04T15:36:56.757081+00:00
2026-07-03,sf,Norway,13.534,85,15.5,14.466,2026-07-04T15:36:56.757081+00:00
2026-07-03,sf,Panama,0.0,85,3.0,2.483,2026-07-04T15:36:56.757081+00:00
2026-07-03,sf,Paraguay,6.144,85,3.25,3.033,2026-07-04T15:36:56.757081+00:00
2026-07-03,sf,Portugal,25.382,85,23.5,21.932,2026-07-04T15:36:56.757081+00:00
2026-07-03,sf,Qatar,0.0,85,0.9,0.745,2026-07-04T15:36:56.757081+00:00
2026-07-03,sf,Saudi Arabia,0.0,85,1.9,1.573,2026-07-04T15:36:56.757081+00:00
2026-07-03,sf,Scotland,0.0,85,1.7,1.407,2026-07-04T15:36:56.757081+00:00
2026-07-03,sf,Senegal,0.0,85,0.1,0.083,2026-07-04T15:36:56.757081+00:00
2026-07-03,sf,South Africa,0.0,85,1.1,0.911,2026-07-04T15:36:56.757081+00:00
2026-07-03,sf,South Korea,0.0,85,1.9,1.573,2026-07-04T15:36:56.757081+00:00
2026-07-03,sf,Spain,47.938,85,50.5,47.13,2026-07-04T15:36:56.757081+00:00
2026-07-03,sf,Sweden,0.0,85,0.1,0.083,2026-07-04T15:36:56.757081+00:00
2026-07-03,sf,Switzerland,21.162,85,13.3,12.413,2026-07-04T15:36:56.757081+00:00
2026-07-03,sf,Tunisia,0.0,85,1.0,0.828,2026-07-04T15:36:56.757081+00:00
2026-07-03,sf,Turkey,0.0,85,3.8,3.146,2026-07-04T15:36:56.757081+00:00
2026-07-03,sf,United States,8.622,85,17.5,16.332,2026-07-04T15:36:56.757081+00:00
2026-07-03,sf,Uruguay,0.0,85,0.3,0.248,2026-07-04T15:36:56.757081+00:00
2026-07-03,sf,Uzbekistan,0.0,85,0.6,0.497,2026-07-04T15:36:56.757081+00:00
2026-07-04,final,Algeria,0.0,88,1.1,0.879,2026-07-04T15:36:56.757081+00:00
2026-07-04,final,Argentina,32.924,88,39.0,31.15,2026-07-04T15:36:56.757081+00:00
2026-07-04,final,Australia,0.0,88,0.5,0.399,2026-07-04T15:36:56.757081+00:00
2026-07-04,final,Austria,0.0,88,0.4,0.319,2026-07-04T15:36:56.757081+00:00
2026-07-04,final,Belgium,6.8,88,4.1,3.275,2026-07-04T15:36:56.757081+00:00
2026-07-04,final,Bosnia and Herzegovina,0.0,88,1.4,1.118,2026-07-04T15:36:56.757081+00:00
2026-07-04,final,Brazil,17.418,88,19.0,15.176,2026-07-04T15:36:56.757081+00:00
2026-07-04,final,Canada,2.312,88,0.8,0.639,2026-07-04T15:36:56.757081+00:00
2026-07-04,final,Cape Verde,0.0,88,2.0,1.597,2026-07-04T15:36:56.757081+00:00
2026-07-04,final,Colombia,6.588,88,12.2,9.744,2026-07-04T15:36:56.757081+00:00
2026-07-04,final,Croatia,0.0,88,2.7,2.157,2026-07-04T15:36:56.757081+00:00
2026-07-04,final,Curacao,0.0,88,1.8,1.438,2026-07-04T15:36:56.757081+00:00
2026-07-04,final,Czechia,0.0,88,1.0,0.799,2026-07-04T15:36:56.757081+00:00
2026-07-04,final,DR Congo,0.0,88,0.9,0.719,2026-07-04T15:36:56.757081+00:00
2026-07-04,final,Ecuador,0.0,88,1.8,1.438,2026-07-04T15:36:56.757081+00:00
2026-07-04,final,Egypt,0.914,88,1.2,0.958,2026-07-04T15:36:56.757081+00:00
2026-07-04,final,England,28.794,88,19.0,15.176,2026-07-04T15:36:56.757081+00:00
2026-07-04,final,France,37.804,88,53.0,42.332,2026-07-04T15:36:56.757081+00:00
2026-07-04,final,Germany,0.0,88,0.1,0.08,2026-07-04T15:36:56.757081+00:00
2026-07-04,final,Ghana,0.0,88,1.5,1.198,2026-07-04T15:36:56.757081+00:00
2026-07-04,final,Haiti,0.0,88,0.5,0.399,2026-07-04T15:36:56.757081+00:00
2026-07-04,final,Iran,0.0,88,0.8,0.639,2026-07-04T15:36:56.757081+00:00
2026-07-04,final,Iraq,0.0,88,0.2,0.16,2026-07-04T15:36:56.757081+00:00
2026-07-04,final,Ivory Coast,0.0,88,0.1,0.08,2026-07-04T15:36:56.757081+00:00
2026-07-04,final,Japan,0.0,88,3.2,2.556,2026-07-04T15:36:56.757081+00:00
2026-07-04,final,Jordan,0.0,88,0.6,0.479,2026-07-04T15:36:56.757081+00:00
2026-07-04,final,Mexico,1.638,88,10.8,8.626,2026-07-04T15:36:56.757081+00:00
2026-07-04,final,Morocco,5.914,88,8.4,6.709,2026-07-04T15:36:56.757081+00:00
2026-07-04,final,Netherlands,0.0,88,0.1,0.08,2026-07-04T15:36:56.757081+00:00
2026-07-04,final,New Zealand,0.0,88,0.2,0.16,2026-07-04T15:36:56.757081+00:00
2026-07-04,final,Norway,5.57,88,5.2,4.153,2026-07-04T15:36:56.757081+00:00
2026-07-04,final,Panama,0.0,88,0.1,0.08,2026-07-04T15:36:56.757081+00:00
2026-07-04,final,Paraguay,1.18,88,1.2,0.958,2026-07-04T15:36:56.757081+00:00
2026-07-04,final,Portugal,13.196,88,14.0,11.182,2026-07-04T15:36:56.757081+00:00
2026-07-04,final,Qatar,0.0,88,0.2,0.16,2026-07-04T15:36:56.757081+00:00
2026-07-04,final,Saudi Arabia,0.0,88,1.0,0.799,2026-07-04T15:36:56.757081+00:00
2026-07-04,final,Scotland,0.0,88,0.2,0.16,2026-07-04T15:36:56.757081+00:00
2026-07-04,final,Senegal,0.0,88,0.1,0.08,2026-07-04T15:36:56.757081+00:00
2026-07-04,final,South Africa,0.0,88,0.8,0.639,2026-07-04T15:36:56.757081+00:00
2026-07-04,final,South Korea,0.0,88,0.6,0.479,2026-07-04T15:36:56.757081+00:00
2026-07-04,final,Spain,30.084,88,24.0,19.169,2026-07-04T15:36:56.757081+00:00
2026-07-04,final,Sweden,0.0,88,0.7,0.559,2026-07-04T15:36:56.757081+00:00
2026-07-04,final,Switzerland,6.154,88,3.8,3.035,2026-07-04T15:36:56.757081+00:00
2026-07-04,final,Tunisia,0.0,88,1.6,1.278,2026-07-04T15:36:56.757081+00:00
2026-07-04,final,Turkey,0.0,88,0.1,0.08,2026-07-04T15:36:56.757081+00:00
2026-07-04,final,United States,2.71,88,5.6,4.473,2026-07-04T15:36:56.757081+00:00
2026-07-04,final,Uruguay,0.0,88,2.6,2.077,2026-07-04T15:36:56.757081+00:00
2026-07-04,final,Uzbekistan,0.0,88,0.2,0.16,2026-07-04T15:36:56.757081+00:00
2026-07-04,qf,Algeria,0.0,88,0.1,0.089,2026-07-04T15:36:56.757081+00:00
2026-07-04,qf,Argentina,84.828,88,84.0,75.117,2026-07-04T15:36:56.757081+00:00
2026-07-04,qf,Australia,0.0,88,6.6,5.902,2026-07-04T15:36:56.757081+00:00
2026-07-04,qf,Austria,0.0,88,4.6,4.114,2026-07-04T15:36:56.757081+00:00
2026-07-04,qf,Belgium,59.44,88,50.4,45.07,2026-07-04T15:36:56.757081+00:00
2026-07-04,qf,Bosnia and Herzegovina,0.0,88,4.7,4.203,2026-07-04T15:36:56.757081+00:00
2026-07-04,qf,Brazil,63.694,88,67.0,59.915,2026-07-04T15:36:56.757081+00:00
2026-07-04,qf,Canada,40.236,88,27.0,24.145,2026-07-04T15:36:56.757081+00:00
2026-07-04,qf,Cape Verde,0.0,88,0.2,0.179,2026-07-04T15:36:56.757081+00:00
2026-07-04,qf,Colombia,50.406,88,60.0,53.655,2026-07-04T15:36:56.757081+00:00
2026-07-04,qf,Croatia,0.0,88,0.1,0.089,2026-07-04T15:36:56.757081+00:00
2026-07-04,qf,Curacao,0.0,88,0.9,0.805,2026-07-04T15:36:56.757081+00:00
2026-07-04,qf,Czechia,0.0,88,0.1,0.089,2026-07-04T15:36:56.757081+00:00
2026-07-04,qf,DR Congo,0.0,88,0.1,0.089,2026-07-04T15:36:56.757081+00:00
2026-07-04,qf,Ecuador,0.0,88,0.1,0.089,2026-07-04T15:36:56.757081+00:00
2026-07-04,qf,Egypt,15.172,88,15.0,13.414,2026-07-04T15:36:56.757081+00:00
2026-07-04,qf,England,80.01,88,54.0,48.29,2026-07-04T15:36:56.757081+00:00
2026-07-04,qf,France,84.864,88,93.0,83.166,2026-07-04T15:36:56.757081+00:00
2026-07-04,qf,Germany,0.0,88,32.0,28.616,2026-07-04T15:36:56.757081+00:00
2026-07-04,qf,Ghana,0.0,88,0.1,0.089,2026-07-04T15:36:56.757081+00:00
2026-07-04,qf,Haiti,0.0,88,3.6,3.219,2026-07-04T15:36:56.757081+00:00
2026-07-04,qf,Iran,0.0,88,0.4,0.358,2026-07-04T15:36:56.757081+00:00
2026-07-04,qf,Iraq,0.0,88,0.5,0.447,2026-07-04T15:36:56.757081+00:00
2026-07-04,qf,Ivory Coast,0.0,88,1.0,0.894,2026-07-04T15:36:56.757081+00:00
2026-07-04,qf,Japan,0.0,88,0.1,0.089,2026-07-04T15:36:56.757081+00:00
2026-07-04,qf,Jordan,0.0,88,,,2026-07-04T15:36:56.757081+00:00
2026-07-04,qf,Mexico,19.99,88,48.0,42.924,2026-07-04T15:36:56.757081+00:00
2026-07-04,qf,Morocco,59.764,88,73.0,65.281,2026-07-04T15:36:56.757081+00:00
2026-07-04,qf,Netherlands,0.0,88,1.0,0.894,2026-07-04T15:36:56.757081+00:00
2026-07-04,qf,New Zealand,0.0,88,0.1,0.089,2026-07-04T15:36:56.757081+00:00
2026-07-04,qf,Norway,36.306,88,34.0,30.405,2026-07-04T15:36:56.757081+00:00
2026-07-04,qf,Panama,0.0,88,3.9,3.488,2026-07-04T15:36:56.757081+00:00
2026-07-04,qf,Paraguay,15.136,88,8.1,7.243,2026-07-04T15:36:56.757081+00:00
2026-07-04,qf,Portugal,37.91,88,34.0,30.405,2026-07-04T15:36:56.757081+00:00
2026-07-04,qf,Qatar,0.0,88,5.0,4.471,2026-07-04T15:36:56.757081+00:00
2026-07-04,qf,Saudi Arabia,0.0,88,1.5,1.341,2026-07-04T15:36:56.757081+00:00
2026-07-04,qf,Scotland,0.0,88,3.5,3.13,2026-07-04T15:36:56.757081+00:00
2026-07-04,qf,Senegal,0.0,88,1.0,0.894,2026-07-04T15:36:56.757081+00:00
2026-07-04,qf,South Africa,0.0,88,2.9,2.593,2026-07-04T15:36:56.757081+00:00
2026-07-04,qf,South Korea,0.0,88,4.8,4.292,2026-07-04T15:36:56.757081+00:00
2026-07-04,qf,Spain,62.09,88,66.0,59.021,2026-07-04T15:36:56.757081+00:00
2026-07-04,qf,Sweden,0.0,88,0.1,0.089,2026-07-04T15:36:56.757081+00:00
2026-07-04,qf,Switzerland,49.594,88,41.0,36.664,2026-07-04T15:36:56.757081+00:00
2026-07-04,qf,Tunisia,0.0,88,2.5,2.236,2026-07-04T15:36:56.757081+00:00
2026-07-04,qf,Turkey,0.0,88,0.1,0.089,2026-07-04T15:36:56.757081+00:00
2026-07-04,qf,United States,40.56,88,49.0,43.818,2026-07-04T15:36:56.757081+00:00
2026-07-04,qf,Uruguay,0.0,88,9.0,8.048,2026-07-04T15:36:56.757081+00:00
2026-07-04,qf,Uzbekistan,0.0,88,0.5,0.447,2026-07-04T15:36:56.757081+00:00
2026-07-04,r16,Algeria,0.0,88,3.0,2.903,2026-07-04T15:36:56.757081+00:00
2026-07-04,r16,Argentina,100.0,88,99.9,96.674,2026-07-04T15:36:56.757081+00:00
2026-07-04,r16,Australia,0.0,88,0.1,0.097,2026-07-04T15:36:56.757081+00:00
2026-07-04,r16,Austria,0.0,88,0.4,0.387,2026-07-04T15:36:56.757081+00:00
2026-07-04,r16,Belgium,100.0,88,99.9,96.674,2026-07-04T15:36:56.757081+00:00
2026-07-04,r16,Bosnia and Herzegovina,0.0,88,3.9,3.774,2026-07-04T15:36:56.757081+00:00
2026-07-04,r16,Brazil,100.0,88,99.9,96.674,2026-07-04T15:36:56.757081+00:00
2026-07-04,r16,Canada,100.0,88,99.9,96.674,2026-07-04T15:36:56.757081+00:00
2026-07-04,r16,Cape Verde,0.0,88,0.1,0.097,2026-07-04T15:36:56.757081+00:00
2026-07-04,r16,Colombia,100.0,88,99.9,96.674,2026-07-04T15:36:56.757081+00:00
2026-07-04,r16,Croatia,0.0,88,1.0,0.968,2026-07-04T15:36:56.757081+00:00
2026-07-04,r16,Curacao,0.0,88,0.6,0.581,2026-07-04T15:36:56.757081+00:00
2026-07-04,r16,Czechia,0.0,88,4.0,3.871,2026-07-04T15:36:56.757081+00:00
2026-07-04,r16,DR Congo,0.0,88,1.0,0.968,2026-07-04T15:36:56.757081+00:00
2026-07-04,r16,Ecuador,0.0,88,2.0,1.935,2026-07-04T15:36:56.757081+00:00
2026-07-04,r16,Egypt,100.0,88,99.9,96.674,2026-07-04T15:36:56.757081+00:00
2026-07-04,r16,England,100.0,88,99.9,96.674,2026-07-04T15:36:56.757081+00:00
2026-07-04,r16,France,100.0,88,99.9,96.674,2026-07-04T15:36:56.757081+00:00
2026-07-04,r16,Germany,0.0,88,0.1,0.097,2026-07-04T15:36:56.757081+00:00
2026-07-04,r16,Ghana,0.0,88,0.1,0.097,2026-07-04T15:36:56.757081+00:00
2026-07-04,r16,Haiti,0.0,88,0.5,0.484,2026-07-04T15:36:56.757081+00:00
2026-07-04,r16,Iran,0.0,88,0.1,0.097,2026-07-04T15:36:56.757081+00:00
2026-07-04,r16,Iraq,0.0,88,1.0,0.968,2026-07-04T15:36:56.757081+00:00
2026-07-04,r16,Ivory Coast,0.0,88,4.0,3.871,2026-07-04T15:36:56.757081+00:00
2026-07-04,r16,Japan,0.0,88,0.1,0.097,2026-07-04T15:36:56.757081+00:00
2026-07-04,r16,Jordan,0.0,88,3.2,3.097,2026-07-04T15:36:56.757081+00:00
2026-07-04,r16,Mexico,100.0,88,99.9,96.674,2026-07-04T15:36:56.757081+00:00
2026-07-04,r16,Morocco,100.0,88,99.9,96.674,2026-07-04T15:36:56.757081+00:00
2026-07-04,r16,Netherlands,0.0,88,0.1,0.097,2026-07-04T15:36:56.757081+00:00
2026-07-04,r16,New Zealand,0.0,88,1.3,1.258,2026-07-04T15:36:56.757081+00:00
2026-07-04,r16,Norway,100.0,88,99.9,96.674,2026-07-04T15:36:56.757081+00:00
2026-07-04,r16,Panama,0.0,88,0.1,0.097,2026-07-04T15:36:56.757081+00:00
2026-07-04,r16,Paraguay,100.0,88,99.9,96.674,2026-07-04T15:36:56.757081+00:00
2026-07-04,r16,Portugal,100.0,88,99.9,96.674,2026-07-04T15:36:56.757081+00:00
2026-07-04,r16,Qatar,0.0,88,2.3,2.226,2026-07-04T15:36:56.757081+00:00
2026-07-04,r16,Saudi Arabia,0.0,88,3.6,3.484,2026-07-04T15:36:56.757081+00:00
2026-07-04,r16,Scotland,0.0,88,1.6,1.548,2026-07-04T15:36:56.757081+00:00
2026-07-04,r16,Senegal,0.0,88,0.1,0.097,2026-07-04T15:36:56.757081+00:00
2026-07-04,r16,South Africa,0.0,88,0.1,0.097,2026-07-04T15:36:56.757081+00:00
2026-07-04,r16,South Korea,0.0,88,13.0,12.58,2026-07-04T15:36:56.757081+00:00
2026-07-04,r16,Spain,100.0,88,99.9,96.674,2026-07-04T15:36:56.757081+00:00
2026-07-04,r16,Sweden,0.0,88,1.0,0.968,2026-07-04T15:36:56.757081+00:00
2026-07-04,r16,Switzerland,100.0,88,99.9,96.674,2026-07-04T15:36:56.757081+00:00
2026-07-04,r16,Tunisia,0.0,88,3.0,2.903,2026-07-04T15:36:56.757081+00:00
2026-07-04,r16,Turkey,0.0,88,2.0,1.935,2026-07-04T15:36:56.757081+00:00
2026-07-04,r16,United States,100.0,88,99.9,96.674,2026-07-04T15:36:56.757081+00:00
2026-07-04,r16,Uruguay,0.0,88,0.1,0.097,2026-07-04T15:36:56.757081+00:00
2026-07-04,r16,Uzbekistan,0.0,88,1.5,1.452,2026-07-04T15:36:56.757081+00:00
2026-07-04,sf,Algeria,0.0,88,1.7,1.413,2026-07-04T15:36:56.757081+00:00
2026-07-04,sf,Argentina,59.54,88,62.0,51.538,2026-07-04T15:36:56.757081+00:00
2026-07-04,sf,Australia,0.0,88,2.8,2.328,2026-07-04T15:36:56.757081+00:00
2026-07-04,sf,Austria,0.0,88,2.4,1.995,2026-07-04T15:36:56.757081+00:00
2026-07-04,sf,Belgium,17.472,88,14.8,12.303,2026-07-04T15:36:56.757081+00:00
2026-07-04,sf,Bosnia and Herzegovina,0.0,88,1.0,0.831,2026-07-04T15:36:56.757081+00:00
2026-07-04,sf,Brazil,32.19,88,36.0,29.925,2026-07-04T15:36:56.757081+00:00
2026-07-04,sf,Canada,9.23,88,4.1,3.408,2026-07-04T15:36:56.757081+00:00
2026-07-04,sf,Cape Verde,0.0,88,1.1,0.914,2026-07-04T15:36:56.757081+00:00
2026-07-04,sf,Colombia,18.008,88,24.0,19.95,2026-07-04T15:36:56.757081+00:00
2026-07-04,sf,Croatia,0.0,88,1.3,1.081,2026-07-04T15:36:56.757081+00:00
2026-07-04,sf,Curacao,0.0,88,0.1,0.083,2026-07-04T15:36:56.757081+00:00
2026-07-04,sf,Czechia,0.0,88,2.1,1.746,2026-07-04T15:36:56.757081+00:00
2026-07-04,sf,DR Congo,0.0,88,1.2,0.998,2026-07-04T15:36:56.757081+00:00
2026-07-04,sf,Ecuador,0.0,88,0.1,0.083,2026-07-04T15:36:56.757081+00:00
2026-07-04,sf,Egypt,4.906,88,4.4,3.658,2026-07-04T15:36:56.757081+00:00
2026-07-04,sf,England,48.308,88,33.0,27.431,2026-07-04T15:36:56.757081+00:00
2026-07-04,sf,France,66.312,88,78.0,64.838,2026-07-04T15:36:56.757081+00:00
2026-07-04,sf,Germany,0.0,88,18.0,14.963,2026-07-04T15:36:56.757081+00:00
2026-07-04,sf,Ghana,0.0,88,1.8,1.496,2026-07-04T15:36:56.757081+00:00
2026-07-04,sf,Haiti,0.0,88,0.5,0.416,2026-07-04T15:36:56.757081+00:00
2026-07-04,sf,Iran,0.0,88,0.7,0.582,2026-07-04T15:36:56.757081+00:00
2026-07-04,sf,Iraq,0.0,88,0.1,0.083,2026-07-04T15:36:56.757081+00:00
2026-07-04,sf,Ivory Coast,0.0,88,0.8,0.665,2026-07-04T15:36:56.757081+00:00
2026-07-04,sf,Japan,0.0,88,3.0,2.494,2026-07-04T15:36:56.757081+00:00
2026-07-04,sf,Jordan,0.0,88,1.1,0.914,2026-07-04T15:36:56.757081+00:00
2026-07-04,sf,Mexico,5.792,88,23.0,19.119,2026-07-04T15:36:56.757081+00:00
2026-07-04,sf,Morocco,18.5,88,19.9,16.542,2026-07-04T15:36:56.757081+00:00
2026-07-04,sf,Netherlands,0.0,88,0.2,0.166,2026-07-04T15:36:56.757081+00:00
2026-07-04,sf,New Zealand,0.0,88,3.3,2.743,2026-07-04T15:36:56.757081+00:00
2026-07-04,sf,Norway,13.71,88,16.0,13.3,2026-07-04T15:36:56.757081+00:00
2026-07-04,sf,Panama,0.0,88,3.0,2.494,2026-07-04T15:36:56.757081+00:00
2026-07-04,sf,Paraguay,5.958,88,2.6,2.161,2026-07-04T15:36:56.757081+00:00
2026-07-04,sf,Portugal,25.5,88,22.0,18.288,2026-07-04T15:36:56.757081+00:00
2026-07-04,sf,Qatar,0.0,88,0.9,0.748,2026-07-04T15:36:56.757081+00:00
2026-07-04,sf,Saudi Arabia,0.0,88,1.9,1.579,2026-07-04T15:36:56.757081+00:00
2026-07-04,sf,Scotland,0.0,88,1.7,1.413,2026-07-04T15:36:56.757081+00:00
2026-07-04,sf,Senegal,0.0,88,0.1,0.083,2026-07-04T15:36:56.757081+00:00
2026-07-04,sf,South Africa,0.0,88,1.1,0.914,2026-07-04T15:36:56.757081+00:00
2026-07-04,sf,South Korea,0.0,88,1.9,1.579,2026-07-04T15:36:56.757081+00:00
2026-07-04,sf,Spain,48.122,88,51.0,42.394,2026-07-04T15:36:56.757081+00:00
2026-07-04,sf,Sweden,0.0,88,0.1,0.083,2026-07-04T15:36:56.757081+00:00
2026-07-04,sf,Switzerland,17.546,88,13.7,11.388,2026-07-04T15:36:56.757081+00:00
2026-07-04,sf,Tunisia,0.0,88,1.0,0.831,2026-07-04T15:36:56.757081+00:00
2026-07-04,sf,Turkey,0.0,88,3.8,3.159,2026-07-04T15:36:56.757081+00:00
2026-07-04,sf,United States,8.906,88,17.0,14.131,2026-07-04T15:36:56.757081+00:00
2026-07-04,sf,Uruguay,0.0,88,0.3,0.249,2026-07-04T15:36:56.757081+00:00
2026-07-04,sf,Uzbekistan,0.0,88,0.6,0.499,2026-07-04T15:36:56.757081+00:00
2026-07-05,final,Algeria,0.0,90,1.1,0.895,2026-07-05T10:53:25.775505+00:00
2026-07-05,final,Argentina,32.895,90,38.0,30.932,2026-07-05T10:53:25.775505+00:00
2026-07-05,final,Australia,0.0,90,0.5,0.407,2026-07-05T10:53:25.775505+00:00
2026-07-05,final,Austria,0.0,90,0.4,0.326,2026-07-05T10:53:25.775505+00:00
2026-07-05,final,Belgium,6.054,90,3.6,2.93,2026-07-05T10:53:25.775505+00:00
2026-07-05,final,Bosnia and Herzegovina,0.0,90,1.4,1.14,2026-07-05T10:53:25.775505+00:00
2026-07-05,final,Brazil,17.382,90,19.0,15.466,2026-07-05T10:53:25.775505+00:00
2026-07-05,final,Canada,0.0,90,1.7,1.384,2026-07-05T10:53:25.775505+00:00
2026-07-05,final,Cape Verde,0.0,90,2.0,1.628,2026-07-05T10:53:25.775505+00:00
2026-07-05,final,Colombia,6.578,90,11.9,9.687,2026-07-05T10:53:25.775505+00:00
2026-07-05,final,Croatia,0.0,90,2.7,2.198,2026-07-05T10:53:25.775505+00:00
2026-07-05,final,Curacao,0.0,90,1.8,1.465,2026-07-05T10:53:25.775505+00:00
2026-07-05,final,Czechia,0.0,90,1.0,0.814,2026-07-05T10:53:25.775505+00:00
2026-07-05,final,DR Congo,0.0,90,0.9,0.733,2026-07-05T10:53:25.775505+00:00
2026-07-05,final,Ecuador,0.0,90,1.8,1.465,2026-07-05T10:53:25.775505+00:00
2026-07-05,final,Egypt,0.924,90,0.8,0.651,2026-07-05T10:53:25.775505+00:00
2026-07-05,final,England,28.727,90,18.0,14.652,2026-07-05T10:53:25.775505+00:00
2026-07-05,final,France,42.947,90,55.0,44.77,2026-07-05T10:53:25.775505+00:00
2026-07-05,final,Germany,0.0,90,0.1,0.081,2026-07-05T10:53:25.775505+00:00
2026-07-05,final,Ghana,0.0,90,1.5,1.221,2026-07-05T10:53:25.775505+00:00
2026-07-05,final,Haiti,0.0,90,0.5,0.407,2026-07-05T10:53:25.775505+00:00
2026-07-05,final,Iran,0.0,90,0.8,0.651,2026-07-05T10:53:25.775505+00:00
2026-07-05,final,Iraq,0.0,90,0.2,0.163,2026-07-05T10:53:25.775505+00:00
2026-07-05,final,Ivory Coast,0.0,90,0.1,0.081,2026-07-05T10:53:25.775505+00:00
2026-07-05,final,Japan,0.0,90,3.2,2.605,2026-07-05T10:53:25.775505+00:00
2026-07-05,final,Jordan,0.0,90,0.6,0.488,2026-07-05T10:53:25.775505+00:00
2026-07-05,final,Mexico,1.706,90,9.5,7.733,2026-07-05T10:53:25.775505+00:00
2026-07-05,final,Morocco,8.256,90,9.8,7.977,2026-07-05T10:53:25.775505+00:00
2026-07-05,final,Netherlands,0.0,90,0.1,0.081,2026-07-05T10:53:25.775505+00:00
2026-07-05,final,New Zealand,0.0,90,0.2,0.163,2026-07-05T10:53:25.775505+00:00
2026-07-05,final,Norway,5.573,90,5.2,4.233,2026-07-05T10:53:25.775505+00:00
2026-07-05,final,Panama,0.0,90,0.1,0.081,2026-07-05T10:53:25.775505+00:00
2026-07-05,final,Paraguay,0.0,90,0.1,0.081,2026-07-05T10:53:25.775505+00:00
2026-07-05,final,Portugal,12.165,90,12.0,9.768,2026-07-05T10:53:25.775505+00:00
2026-07-05,final,Qatar,0.0,90,0.2,0.163,2026-07-05T10:53:25.775505+00:00
2026-07-05,final,Saudi Arabia,0.0,90,1.0,0.814,2026-07-05T10:53:25.775505+00:00
2026-07-05,final,Scotland,0.0,90,0.2,0.163,2026-07-05T10:53:25.775505+00:00
2026-07-05,final,Senegal,0.0,90,0.1,0.081,2026-07-05T10:53:25.775505+00:00
2026-07-05,final,South Africa,0.0,90,0.8,0.651,2026-07-05T10:53:25.775505+00:00
2026-07-05,final,South Korea,0.0,90,0.6,0.488,2026-07-05T10:53:25.775505+00:00
2026-07-05,final,Spain,28.323,90,22.0,17.908,2026-07-05T10:53:25.775505+00:00
2026-07-05,final,Sweden,0.0,90,0.7,0.57,2026-07-05T10:53:25.775505+00:00
2026-07-05,final,Switzerland,6.215,90,4.3,3.5,2026-07-05T10:53:25.775505+00:00
2026-07-05,final,Tunisia,0.0,90,1.6,1.302,2026-07-05T10:53:25.775505+00:00
2026-07-05,final,Turkey,0.0,90,0.1,0.081,2026-07-05T10:53:25.775505+00:00
2026-07-05,final,United States,2.254,90,5.7,4.64,2026-07-05T10:53:25.775505+00:00
2026-07-05,final,Uruguay,0.0,90,2.6,2.116,2026-07-05T10:53:25.775505+00:00
2026-07-05,final,Uzbekistan,0.0,90,0.2,0.163,2026-07-05T10:53:25.775505+00:00
2026-07-05,qf,Algeria,0.0,90,0.1,0.089,2026-07-05T10:53:25.775505+00:00
2026-07-05,qf,Argentina,84.825,90,86.0,76.657,2026-07-05T10:53:25.775505+00:00
2026-07-05,qf,Australia,0.0,90,6.6,5.883,2026-07-05T10:53:25.775505+00:00
2026-07-05,qf,Austria,0.0,90,4.6,4.1,2026-07-05T10:53:25.775505+00:00
2026-07-05,qf,Belgium,59.704,90,50.4,44.925,2026-07-05T10:53:25.775505+00:00
2026-07-05,qf,Bosnia and Herzegovina,0.0,90,4.7,4.189,2026-07-05T10:53:25.775505+00:00
2026-07-05,qf,Brazil,63.653,90,70.0,62.396,2026-07-05T10:53:25.775505+00:00
2026-07-05,qf,Canada,0.0,90,0.1,0.089,2026-07-05T10:53:25.775505+00:00
2026-07-05,qf,Cape Verde,0.0,90,0.2,0.178,2026-07-05T10:53:25.775505+00:00
2026-07-05,qf,Colombia,50.625,90,62.0,55.265,2026-07-05T10:53:25.775505+00:00
2026-07-05,qf,Croatia,0.0,90,0.1,0.089,2026-07-05T10:53:25.775505+00:00
2026-07-05,qf,Curacao,0.0,90,0.9,0.802,2026-07-05T10:53:25.775505+00:00
2026-07-05,qf,Czechia,0.0,90,0.1,0.089,2026-07-05T10:53:25.775505+00:00
2026-07-05,qf,DR Congo,0.0,90,0.1,0.089,2026-07-05T10:53:25.775505+00:00
2026-07-05,qf,Ecuador,0.0,90,0.1,0.089,2026-07-05T10:53:25.775505+00:00
2026-07-05,qf,Egypt,15.175,90,15.0,13.37,2026-07-05T10:53:25.775505+00:00
2026-07-05,qf,England,79.844,90,54.0,48.134,2026-07-05T10:53:25.775505+00:00
2026-07-05,qf,France,100.0,90,99.9,89.047,2026-07-05T10:53:25.775505+00:00
2026-07-05,qf,Germany,0.0,90,32.0,28.524,2026-07-05T10:53:25.775505+00:00
2026-07-05,qf,Ghana,0.0,90,0.1,0.089,2026-07-05T10:53:25.775505+00:00
2026-07-05,qf,Haiti,0.0,90,3.6,3.209,2026-07-05T10:53:25.775505+00:00
2026-07-05,qf,Iran,0.0,90,0.4,0.357,2026-07-05T10:53:25.775505+00:00
2026-07-05,qf,Iraq,0.0,90,0.5,0.446,2026-07-05T10:53:25.775505+00:00
2026-07-05,qf,Ivory Coast,0.0,90,1.0,0.891,2026-07-05T10:53:25.775505+00:00
2026-07-05,qf,Japan,0.0,90,0.1,0.089,2026-07-05T10:53:25.775505+00:00
2026-07-05,qf,Jordan,0.0,90,,,2026-07-05T10:53:25.775505+00:00
2026-07-05,qf,Mexico,20.157,90,47.0,41.894,2026-07-05T10:53:25.775505+00:00
2026-07-05,qf,Morocco,100.0,90,99.9,89.047,2026-07-05T10:53:25.775505+00:00
2026-07-05,qf,Netherlands,0.0,90,1.0,0.891,2026-07-05T10:53:25.775505+00:00
2026-07-05,qf,New Zealand,0.0,90,0.1,0.089,2026-07-05T10:53:25.775505+00:00
2026-07-05,qf,Norway,36.347,90,30.0,26.741,2026-07-05T10:53:25.775505+00:00
2026-07-05,qf,Panama,0.0,90,3.9,3.476,2026-07-05T10:53:25.775505+00:00
2026-07-05,qf,Paraguay,0.0,90,0.1,0.089,2026-07-05T10:53:25.775505+00:00
2026-07-05,qf,Portugal,38.132,90,34.0,30.306,2026-07-05T10:53:25.775505+00:00
2026-07-05,qf,Qatar,0.0,90,5.0,4.457,2026-07-05T10:53:25.775505+00:00
2026-07-05,qf,Saudi Arabia,0.0,90,1.5,1.337,2026-07-05T10:53:25.775505+00:00
2026-07-05,qf,Scotland,0.0,90,3.5,3.12,2026-07-05T10:53:25.775505+00:00
2026-07-05,qf,Senegal,0.0,90,1.0,0.891,2026-07-05T10:53:25.775505+00:00
2026-07-05,qf,South Africa,0.0,90,2.9,2.585,2026-07-05T10:53:25.775505+00:00
2026-07-05,qf,South Korea,0.0,90,4.8,4.279,2026-07-05T10:53:25.775505+00:00
2026-07-05,qf,Spain,61.868,90,67.0,59.721,2026-07-05T10:53:25.775505+00:00
2026-07-05,qf,Sweden,0.0,90,0.1,0.089,2026-07-05T10:53:25.775505+00:00
2026-07-05,qf,Switzerland,49.375,90,40.0,35.655,2026-07-05T10:53:25.775505+00:00
2026-07-05,qf,Tunisia,0.0,90,2.5,2.228,2026-07-05T10:53:25.775505+00:00
2026-07-05,qf,Turkey,0.0,90,0.1,0.089,2026-07-05T10:53:25.775505+00:00
2026-07-05,qf,United States,40.296,90,51.0,45.46,2026-07-05T10:53:25.775505+00:00
2026-07-05,qf,Uruguay,0.0,90,9.0,8.022,2026-07-05T10:53:25.775505+00:00
2026-07-05,qf,Uzbekistan,0.0,90,0.5,0.446,2026-07-05T10:53:25.775505+00:00
2026-07-05,r16,Algeria,0.0,90,3.0,2.903,2026-07-05T10:53:25.775505+00:00
2026-07-05,r16,Argentina,100.0,90,99.9,96.674,2026-07-05T10:53:25.775505+00:00
2026-07-05,r16,Australia,0.0,90,0.1,0.097,2026-07-05T10:53:25.775505+00:00
2026-07-05,r16,Austria,0.0,90,0.4,0.387,2026-07-05T10:53:25.775505+00:00
2026-07-05,r16,Belgium,100.0,90,99.9,96.674,2026-07-05T10:53:25.775505+00:00
2026-07-05,r16,Bosnia and Herzegovina,0.0,90,3.9,3.774,2026-07-05T10:53:25.775505+00:00
2026-07-05,r16,Brazil,100.0,90,99.9,96.674,2026-07-05T10:53:25.775505+00:00
2026-07-05,r16,Canada,100.0,90,99.9,96.674,2026-07-05T10:53:25.775505+00:00
2026-07-05,r16,Cape Verde,0.0,90,0.1,0.097,2026-07-05T10:53:25.775505+00:00
2026-07-05,r16,Colombia,100.0,90,99.9,96.674,2026-07-05T10:53:25.775505+00:00
2026-07-05,r16,Croatia,0.0,90,1.0,0.968,2026-07-05T10:53:25.775505+00:00
2026-07-05,r16,Curacao,0.0,90,0.6,0.581,2026-07-05T10:53:25.775505+00:00
2026-07-05,r16,Czechia,0.0,90,4.0,3.871,2026-07-05T10:53:25.775505+00:00
2026-07-05,r16,DR Congo,0.0,90,1.0,0.968,2026-07-05T10:53:25.775505+00:00
2026-07-05,r16,Ecuador,0.0,90,2.0,1.935,2026-07-05T10:53:25.775505+00:00
2026-07-05,r16,Egypt,100.0,90,99.9,96.674,2026-07-05T10:53:25.775505+00:00
2026-07-05,r16,England,100.0,90,99.9,96.674,2026-07-05T10:53:25.775505+00:00
2026-07-05,r16,France,100.0,90,99.9,96.674,2026-07-05T10:53:25.775505+00:00
2026-07-05,r16,Germany,0.0,90,0.1,0.097,2026-07-05T10:53:25.775505+00:00
2026-07-05,r16,Ghana,0.0,90,0.1,0.097,2026-07-05T10:53:25.775505+00:00
2026-07-05,r16,Haiti,0.0,90,0.5,0.484,2026-07-05T10:53:25.775505+00:00
2026-07-05,r16,Iran,0.0,90,0.1,0.097,2026-07-05T10:53:25.775505+00:00
2026-07-05,r16,Iraq,0.0,90,1.0,0.968,2026-07-05T10:53:25.775505+00:00
2026-07-05,r16,Ivory Coast,0.0,90,4.0,3.871,2026-07-05T10:53:25.775505+00:00
2026-07-05,r16,Japan,0.0,90,0.1,0.097,2026-07-05T10:53:25.775505+00:00
2026-07-05,r16,Jordan,0.0,90,3.2,3.097,2026-07-05T10:53:25.775505+00:00
2026-07-05,r16,Mexico,100.0,90,99.9,96.674,2026-07-05T10:53:25.775505+00:00
2026-07-05,r16,Morocco,100.0,90,99.9,96.674,2026-07-05T10:53:25.775505+00:00
2026-07-05,r16,Netherlands,0.0,90,0.1,0.097,2026-07-05T10:53:25.775505+00:00
2026-07-05,r16,New Zealand,0.0,90,1.3,1.258,2026-07-05T10:53:25.775505+00:00
2026-07-05,r16,Norway,100.0,90,99.9,96.674,2026-07-05T10:53:25.775505+00:00
2026-07-05,r16,Panama,0.0,90,0.1,0.097,2026-07-05T10:53:25.775505+00:00
2026-07-05,r16,Paraguay,100.0,90,99.9,96.674,2026-07-05T10:53:25.775505+00:00
2026-07-05,r16,Portugal,100.0,90,99.9,96.674,2026-07-05T10:53:25.775505+00:00
2026-07-05,r16,Qatar,0.0,90,2.3,2.226,2026-07-05T10:53:25.775505+00:00
2026-07-05,r16,Saudi Arabia,0.0,90,3.6,3.484,2026-07-05T10:53:25.775505+00:00
2026-07-05,r16,Scotland,0.0,90,1.6,1.548,2026-07-05T10:53:25.775505+00:00
2026-07-05,r16,Senegal,0.0,90,0.1,0.097,2026-07-05T10:53:25.775505+00:00
2026-07-05,r16,South Africa,0.0,90,0.1,0.097,2026-07-05T10:53:25.775505+00:00
2026-07-05,r16,South Korea,0.0,90,13.0,12.58,2026-07-05T10:53:25.775505+00:00
2026-07-05,r16,Spain,100.0,90,99.9,96.674,2026-07-05T10:53:25.775505+00:00
2026-07-05,r16,Sweden,0.0,90,1.0,0.968,2026-07-05T10:53:25.775505+00:00
2026-07-05,r16,Switzerland,100.0,90,99.9,96.674,2026-07-05T10:53:25.775505+00:00
2026-07-05,r16,Tunisia,0.0,90,3.0,2.903,2026-07-05T10:53:25.775505+00:00
2026-07-05,r16,Turkey,0.0,90,2.0,1.935,2026-07-05T10:53:25.775505+00:00
2026-07-05,r16,United States,100.0,90,99.9,96.674,2026-07-05T10:53:25.775505+00:00
2026-07-05,r16,Uruguay,0.0,90,0.1,0.097,2026-07-05T10:53:25.775505+00:00
2026-07-05,r16,Uzbekistan,0.0,90,1.5,1.452,2026-07-05T10:53:25.775505+00:00
2026-07-05,sf,Algeria,0.0,90,1.7,1.456,2026-07-05T10:53:25.775505+00:00
2026-07-05,sf,Argentina,59.25,90,62.0,53.094,2026-07-05T10:53:25.775505+00:00
2026-07-05,sf,Australia,0.0,90,2.8,2.398,2026-07-05T10:53:25.775505+00:00
2026-07-05,sf,Austria,0.0,90,2.4,2.055,2026-07-05T10:53:25.775505+00:00
2026-07-05,sf,Belgium,17.698,90,14.3,12.246,2026-07-05T10:53:25.775505+00:00
2026-07-05,sf,Bosnia and Herzegovina,0.0,90,1.0,0.856,2026-07-05T10:53:25.775505+00:00
2026-07-05,sf,Brazil,32.154,90,36.0,30.829,2026-07-05T10:53:25.775505+00:00
2026-07-05,sf,Canada,0.0,90,1.4,1.199,2026-07-05T10:53:25.775505+00:00
2026-07-05,sf,Cape Verde,0.0,90,1.1,0.942,2026-07-05T10:53:25.775505+00:00
2026-07-05,sf,Colombia,18.377,90,24.0,20.552,2026-07-05T10:53:25.775505+00:00
2026-07-05,sf,Croatia,0.0,90,1.3,1.113,2026-07-05T10:53:25.775505+00:00
2026-07-05,sf,Curacao,0.0,90,0.1,0.086,2026-07-05T10:53:25.775505+00:00
2026-07-05,sf,Czechia,0.0,90,2.1,1.798,2026-07-05T10:53:25.775505+00:00
2026-07-05,sf,DR Congo,0.0,90,1.2,1.028,2026-07-05T10:53:25.775505+00:00
2026-07-05,sf,Ecuador,0.0,90,0.1,0.086,2026-07-05T10:53:25.775505+00:00
2026-07-05,sf,Egypt,4.722,90,3.8,3.254,2026-07-05T10:53:25.775505+00:00
2026-07-05,sf,England,48.262,90,29.0,24.834,2026-07-05T10:53:25.775505+00:00
2026-07-05,sf,France,74.767,90,78.0,66.795,2026-07-05T10:53:25.775505+00:00
2026-07-05,sf,Germany,0.0,90,18.0,15.414,2026-07-05T10:53:25.775505+00:00
2026-07-05,sf,Ghana,0.0,90,1.8,1.541,2026-07-05T10:53:25.775505+00:00
2026-07-05,sf,Haiti,0.0,90,0.5,0.428,2026-07-05T10:53:25.775505+00:00
2026-07-05,sf,Iran,0.0,90,0.7,0.599,2026-07-05T10:53:25.775505+00:00
2026-07-05,sf,Iraq,0.0,90,0.1,0.086,2026-07-05T10:53:25.775505+00:00
2026-07-05,sf,Ivory Coast,0.0,90,0.8,0.685,2026-07-05T10:53:25.775505+00:00
2026-07-05,sf,Japan,0.0,90,3.0,2.569,2026-07-05T10:53:25.775505+00:00
2026-07-05,sf,Jordan,0.0,90,1.1,0.942,2026-07-05T10:53:25.775505+00:00
2026-07-05,sf,Mexico,5.892,90,23.0,19.696,2026-07-05T10:53:25.775505+00:00
2026-07-05,sf,Morocco,25.233,90,22.0,18.84,2026-07-05T10:53:25.775505+00:00
2026-07-05,sf,Netherlands,0.0,90,0.2,0.171,2026-07-05T10:53:25.775505+00:00
2026-07-05,sf,New Zealand,0.0,90,3.3,2.826,2026-07-05T10:53:25.775505+00:00
2026-07-05,sf,Norway,13.692,90,13.0,11.133,2026-07-05T10:53:25.775505+00:00
2026-07-05,sf,Panama,0.0,90,3.0,2.569,2026-07-05T10:53:25.775505+00:00
2026-07-05,sf,Paraguay,0.0,90,0.1,0.086,2026-07-05T10:53:25.775505+00:00
2026-07-05,sf,Portugal,25.644,90,21.0,17.983,2026-07-05T10:53:25.775505+00:00
2026-07-05,sf,Qatar,0.0,90,0.9,0.771,2026-07-05T10:53:25.775505+00:00
2026-07-05,sf,Saudi Arabia,0.0,90,1.9,1.627,2026-07-05T10:53:25.775505+00:00
2026-07-05,sf,Scotland,0.0,90,1.7,1.456,2026-07-05T10:53:25.775505+00:00
2026-07-05,sf,Senegal,0.0,90,0.1,0.086,2026-07-05T10:53:25.775505+00:00
2026-07-05,sf,South Africa,0.0,90,1.1,0.942,2026-07-05T10:53:25.775505+00:00
2026-07-05,sf,South Korea,0.0,90,1.9,1.627,2026-07-05T10:53:25.775505+00:00
2026-07-05,sf,Spain,48.013,90,51.0,43.674,2026-07-05T10:53:25.775505+00:00
2026-07-05,sf,Sweden,0.0,90,0.1,0.086,2026-07-05T10:53:25.775505+00:00
2026-07-05,sf,Switzerland,17.65,90,11.8,10.105,2026-07-05T10:53:25.775505+00:00
2026-07-05,sf,Tunisia,0.0,90,1.0,0.856,2026-07-05T10:53:25.775505+00:00
2026-07-05,sf,Turkey,0.0,90,3.8,3.254,2026-07-05T10:53:25.775505+00:00
2026-07-05,sf,United States,8.645,90,17.0,14.558,2026-07-05T10:53:25.775505+00:00
2026-07-05,sf,Uruguay,0.0,90,0.3,0.257,2026-07-05T10:53:25.775505+00:00
2026-07-05,sf,Uzbekistan,0.0,90,0.6,0.514,2026-07-05T10:53:25.775505+00:00
2026-07-06,final,Algeria,0.0,92,1.1,0.89,2026-07-06T12:39:57.90765+00:00
2026-07-06,final,Argentina,32.71,92,36.0,29.138,2026-07-06T12:39:57.90765+00:00
2026-07-06,final,Australia,0.0,92,0.5,0.405,2026-07-06T12:39:57.90765+00:00
2026-07-06,final,Austria,0.0,92,0.4,0.324,2026-07-06T12:39:57.90765+00:00
2026-07-06,final,Belgium,6.056,92,2.6,2.104,2026-07-06T12:39:57.90765+00:00
2026-07-06,final,Bosnia and Herzegovina,0.0,92,1.4,1.133,2026-07-06T12:39:57.90765+00:00
2026-07-06,final,Brazil,0.0,92,0.2,0.162,2026-07-06T12:39:57.90765+00:00
2026-07-06,final,Canada,0.0,92,1.7,1.376,2026-07-06T12:39:57.90765+00:00
2026-07-06,final,Cape Verde,0.0,92,2.0,1.619,2026-07-06T12:39:57.90765+00:00
2026-07-06,final,Colombia,6.544,92,11.0,8.903,2026-07-06T12:39:57.90765+00:00
2026-07-06,final,Croatia,0.0,92,2.7,2.185,2026-07-06T12:39:57.90765+00:00
2026-07-06,final,Curacao,0.0,92,1.8,1.457,2026-07-06T12:39:57.90765+00:00
2026-07-06,final,Czechia,0.0,92,1.0,0.809,2026-07-06T12:39:57.90765+00:00
2026-07-06,final,DR Congo,0.0,92,0.9,0.728,2026-07-06T12:39:57.90765+00:00
2026-07-06,final,Ecuador,0.0,92,1.8,1.457,2026-07-06T12:39:57.90765+00:00
2026-07-06,final,Egypt,0.945,92,1.5,1.214,2026-07-06T12:39:57.90765+00:00
2026-07-06,final,England,40.96,92,35.0,28.329,2026-07-06T12:39:57.90765+00:00
2026-07-06,final,France,42.928,92,55.0,44.516,2026-07-06T12:39:57.90765+00:00
2026-07-06,final,Germany,0.0,92,0.1,0.081,2026-07-06T12:39:57.90765+00:00
2026-07-06,final,Ghana,0.0,92,1.5,1.214,2026-07-06T12:39:57.90765+00:00
2026-07-06,final,Haiti,0.0,92,0.5,0.405,2026-07-06T12:39:57.90765+00:00
2026-07-06,final,Iran,0.0,92,0.8,0.648,2026-07-06T12:39:57.90765+00:00
2026-07-06,final,Iraq,0.0,92,0.2,0.162,2026-07-06T12:39:57.90765+00:00
2026-07-06,final,Ivory Coast,0.0,92,0.1,0.081,2026-07-06T12:39:57.90765+00:00
2026-07-06,final,Japan,0.0,92,3.2,2.59,2026-07-06T12:39:57.90765+00:00
2026-07-06,final,Jordan,0.0,92,0.6,0.486,2026-07-06T12:39:57.90765+00:00
2026-07-06,final,Mexico,0.0,92,3.6,2.914,2026-07-06T12:39:57.90765+00:00
2026-07-06,final,Morocco,8.215,92,9.7,7.851,2026-07-06T12:39:57.90765+00:00
2026-07-06,final,Netherlands,0.0,92,0.1,0.081,2026-07-06T12:39:57.90765+00:00
2026-07-06,final,New Zealand,0.0,92,0.2,0.162,2026-07-06T12:39:57.90765+00:00
2026-07-06,final,Norway,12.699,92,15.3,12.384,2026-07-06T12:39:57.90765+00:00
2026-07-06,final,Panama,0.0,92,0.1,0.081,2026-07-06T12:39:57.90765+00:00
2026-07-06,final,Paraguay,0.0,92,0.1,0.081,2026-07-06T12:39:57.90765+00:00
2026-07-06,final,Portugal,12.148,92,12.0,9.713,2026-07-06T12:39:57.90765+00:00
2026-07-06,final,Qatar,0.0,92,0.2,0.162,2026-07-06T12:39:57.90765+00:00
2026-07-06,final,Saudi Arabia,0.0,92,1.0,0.809,2026-07-06T12:39:57.90765+00:00
2026-07-06,final,Scotland,0.0,92,0.2,0.162,2026-07-06T12:39:57.90765+00:00
2026-07-06,final,Senegal,0.0,92,0.1,0.081,2026-07-06T12:39:57.90765+00:00
2026-07-06,final,South Africa,0.0,92,0.8,0.648,2026-07-06T12:39:57.90765+00:00
2026-07-06,final,South Korea,0.0,92,0.6,0.486,2026-07-06T12:39:57.90765+00:00
2026-07-06,final,Spain,28.408,92,23.0,18.616,2026-07-06T12:39:57.90765+00:00
2026-07-06,final,Sweden,0.0,92,0.7,0.567,2026-07-06T12:39:57.90765+00:00
2026-07-06,final,Switzerland,6.141,92,4.5,3.642,2026-07-06T12:39:57.90765+00:00
2026-07-06,final,Tunisia,0.0,92,1.6,1.295,2026-07-06T12:39:57.90765+00:00
2026-07-06,final,Turkey,0.0,92,0.1,0.081,2026-07-06T12:39:57.90765+00:00
2026-07-06,final,United States,2.246,92,6.8,5.504,2026-07-06T12:39:57.90765+00:00
2026-07-06,final,Uruguay,0.0,92,2.6,2.104,2026-07-06T12:39:57.90765+00:00
2026-07-06,final,Uzbekistan,0.0,92,0.2,0.162,2026-07-06T12:39:57.90765+00:00
2026-07-06,qf,Algeria,0.0,92,0.1,0.089,2026-07-06T12:39:57.90765+00:00
2026-07-06,qf,Argentina,84.835,92,86.0,76.949,2026-07-06T12:39:57.90765+00:00
2026-07-06,qf,Australia,0.0,92,6.6,5.905,2026-07-06T12:39:57.90765+00:00
2026-07-06,qf,Austria,0.0,92,4.6,4.116,2026-07-06T12:39:57.90765+00:00
2026-07-06,qf,Belgium,59.715,92,47.0,42.053,2026-07-06T12:39:57.90765+00:00
2026-07-06,qf,Bosnia and Herzegovina,0.0,92,4.7,4.205,2026-07-06T12:39:57.90765+00:00
2026-07-06,qf,Brazil,0.0,92,0.1,0.089,2026-07-06T12:39:57.90765+00:00
2026-07-06,qf,Canada,0.0,92,0.1,0.089,2026-07-06T12:39:57.90765+00:00
2026-07-06,qf,Cape Verde,0.0,92,0.2,0.179,2026-07-06T12:39:57.90765+00:00
2026-07-06,qf,Colombia,50.545,92,62.0,55.475,2026-07-06T12:39:57.90765+00:00
2026-07-06,qf,Croatia,0.0,92,0.1,0.089,2026-07-06T12:39:57.90765+00:00
2026-07-06,qf,Curacao,0.0,92,0.9,0.805,2026-07-06T12:39:57.90765+00:00
2026-07-06,qf,Czechia,0.0,92,0.1,0.089,2026-07-06T12:39:57.90765+00:00
2026-07-06,qf,DR Congo,0.0,92,0.1,0.089,2026-07-06T12:39:57.90765+00:00
2026-07-06,qf,Ecuador,0.0,92,0.1,0.089,2026-07-06T12:39:57.90765+00:00
2026-07-06,qf,Egypt,15.165,92,14.0,12.527,2026-07-06T12:39:57.90765+00:00
2026-07-06,qf,England,100.0,92,99.9,89.386,2026-07-06T12:39:57.90765+00:00
2026-07-06,qf,France,100.0,92,99.9,89.386,2026-07-06T12:39:57.90765+00:00
2026-07-06,qf,Germany,0.0,92,32.0,28.632,2026-07-06T12:39:57.90765+00:00
2026-07-06,qf,Ghana,0.0,92,0.1,0.089,2026-07-06T12:39:57.90765+00:00
2026-07-06,qf,Haiti,0.0,92,3.6,3.221,2026-07-06T12:39:57.90765+00:00
2026-07-06,qf,Iran,0.0,92,0.4,0.358,2026-07-06T12:39:57.90765+00:00
2026-07-06,qf,Iraq,0.0,92,0.5,0.447,2026-07-06T12:39:57.90765+00:00
2026-07-06,qf,Ivory Coast,0.0,92,1.0,0.895,2026-07-06T12:39:57.90765+00:00
2026-07-06,qf,Japan,0.0,92,0.1,0.089,2026-07-06T12:39:57.90765+00:00
2026-07-06,qf,Jordan,0.0,92,,,2026-07-06T12:39:57.90765+00:00
2026-07-06,qf,Mexico,0.0,92,0.1,0.089,2026-07-06T12:39:57.90765+00:00
2026-07-06,qf,Morocco,100.0,92,99.9,89.386,2026-07-06T12:39:57.90765+00:00
2026-07-06,qf,Netherlands,0.0,92,1.0,0.895,2026-07-06T12:39:57.90765+00:00
2026-07-06,qf,New Zealand,0.0,92,0.1,0.089,2026-07-06T12:39:57.90765+00:00
2026-07-06,qf,Norway,100.0,92,99.9,89.386,2026-07-06T12:39:57.90765+00:00
2026-07-06,qf,Panama,0.0,92,3.9,3.49,2026-07-06T12:39:57.90765+00:00
2026-07-06,qf,Paraguay,0.0,92,0.1,0.089,2026-07-06T12:39:57.90765+00:00
2026-07-06,qf,Portugal,38.009,92,34.0,30.422,2026-07-06T12:39:57.90765+00:00
2026-07-06,qf,Qatar,0.0,92,5.0,4.474,2026-07-06T12:39:57.90765+00:00
2026-07-06,qf,Saudi Arabia,0.0,92,1.5,1.342,2026-07-06T12:39:57.90765+00:00
2026-07-06,qf,Scotland,0.0,92,3.5,3.132,2026-07-06T12:39:57.90765+00:00
2026-07-06,qf,Senegal,0.0,92,1.0,0.895,2026-07-06T12:39:57.90765+00:00
2026-07-06,qf,South Africa,0.0,92,2.9,2.595,2026-07-06T12:39:57.90765+00:00
2026-07-06,qf,South Korea,0.0,92,4.8,4.295,2026-07-06T12:39:57.90765+00:00
2026-07-06,qf,Spain,61.991,92,66.0,59.054,2026-07-06T12:39:57.90765+00:00
2026-07-06,qf,Sweden,0.0,92,0.1,0.089,2026-07-06T12:39:57.90765+00:00
2026-07-06,qf,Switzerland,49.455,92,40.0,35.79,2026-07-06T12:39:57.90765+00:00
2026-07-06,qf,Tunisia,0.0,92,2.5,2.237,2026-07-06T12:39:57.90765+00:00
2026-07-06,qf,Turkey,0.0,92,0.1,0.089,2026-07-06T12:39:57.90765+00:00
2026-07-06,qf,United States,40.285,92,54.0,48.317,2026-07-06T12:39:57.90765+00:00
2026-07-06,qf,Uruguay,0.0,92,9.0,8.053,2026-07-06T12:39:57.90765+00:00
2026-07-06,qf,Uzbekistan,0.0,92,0.5,0.447,2026-07-06T12:39:57.90765+00:00
2026-07-06,r16,Algeria,0.0,92,3.0,2.903,2026-07-06T12:39:57.90765+00:00
2026-07-06,r16,Argentina,100.0,92,99.9,96.674,2026-07-06T12:39:57.90765+00:00
2026-07-06,r16,Australia,0.0,92,0.1,0.097,2026-07-06T12:39:57.90765+00:00
2026-07-06,r16,Austria,0.0,92,0.4,0.387,2026-07-06T12:39:57.90765+00:00
2026-07-06,r16,Belgium,100.0,92,99.9,96.674,2026-07-06T12:39:57.90765+00:00
2026-07-06,r16,Bosnia and Herzegovina,0.0,92,3.9,3.774,2026-07-06T12:39:57.90765+00:00
2026-07-06,r16,Brazil,100.0,92,99.9,96.674,2026-07-06T12:39:57.90765+00:00
2026-07-06,r16,Canada,100.0,92,99.9,96.674,2026-07-06T12:39:57.90765+00:00
2026-07-06,r16,Cape Verde,0.0,92,0.1,0.097,2026-07-06T12:39:57.90765+00:00
2026-07-06,r16,Colombia,100.0,92,99.9,96.674,2026-07-06T12:39:57.90765+00:00
2026-07-06,r16,Croatia,0.0,92,1.0,0.968,2026-07-06T12:39:57.90765+00:00
2026-07-06,r16,Curacao,0.0,92,0.6,0.581,2026-07-06T12:39:57.90765+00:00
2026-07-06,r16,Czechia,0.0,92,4.0,3.871,2026-07-06T12:39:57.90765+00:00
2026-07-06,r16,DR Congo,0.0,92,1.0,0.968,2026-07-06T12:39:57.90765+00:00
2026-07-06,r16,Ecuador,0.0,92,2.0,1.935,2026-07-06T12:39:57.90765+00:00
2026-07-06,r16,Egypt,100.0,92,99.9,96.674,2026-07-06T12:39:57.90765+00:00
2026-07-06,r16,England,100.0,92,99.9,96.674,2026-07-06T12:39:57.90765+00:00
2026-07-06,r16,France,100.0,92,99.9,96.674,2026-07-06T12:39:57.90765+00:00
2026-07-06,r16,Germany,0.0,92,0.1,0.097,2026-07-06T12:39:57.90765+00:00
2026-07-06,r16,Ghana,0.0,92,0.1,0.097,2026-07-06T12:39:57.90765+00:00
2026-07-06,r16,Haiti,0.0,92,0.5,0.484,2026-07-06T12:39:57.90765+00:00
2026-07-06,r16,Iran,0.0,92,0.1,0.097,2026-07-06T12:39:57.90765+00:00
2026-07-06,r16,Iraq,0.0,92,1.0,0.968,2026-07-06T12:39:57.90765+00:00
2026-07-06,r16,Ivory Coast,0.0,92,4.0,3.871,2026-07-06T12:39:57.90765+00:00
2026-07-06,r16,Japan,0.0,92,0.1,0.097,2026-07-06T12:39:57.90765+00:00
2026-07-06,r16,Jordan,0.0,92,3.2,3.097,2026-07-06T12:39:57.90765+00:00
2026-07-06,r16,Mexico,100.0,92,99.9,96.674,2026-07-06T12:39:57.90765+00:00
2026-07-06,r16,Morocco,100.0,92,99.9,96.674,2026-07-06T12:39:57.90765+00:00
2026-07-06,r16,Netherlands,0.0,92,0.1,0.097,2026-07-06T12:39:57.90765+00:00
2026-07-06,r16,New Zealand,0.0,92,1.3,1.258,2026-07-06T12:39:57.90765+00:00
2026-07-06,r16,Norway,100.0,92,99.9,96.674,2026-07-06T12:39:57.90765+00:00
2026-07-06,r16,Panama,0.0,92,0.1,0.097,2026-07-06T12:39:57.90765+00:00
2026-07-06,r16,Paraguay,100.0,92,99.9,96.674,2026-07-06T12:39:57.90765+00:00
2026-07-06,r16,Portugal,100.0,92,99.9,96.674,2026-07-06T12:39:57.90765+00:00
2026-07-06,r16,Qatar,0.0,92,2.3,2.226,2026-07-06T12:39:57.90765+00:00
2026-07-06,r16,Saudi Arabia,0.0,92,3.6,3.484,2026-07-06T12:39:57.90765+00:00
2026-07-06,r16,Scotland,0.0,92,1.6,1.548,2026-07-06T12:39:57.90765+00:00
2026-07-06,r16,Senegal,0.0,92,0.1,0.097,2026-07-06T12:39:57.90765+00:00
2026-07-06,r16,South Africa,0.0,92,0.1,0.097,2026-07-06T12:39:57.90765+00:00
2026-07-06,r16,South Korea,0.0,92,13.0,12.58,2026-07-06T12:39:57.90765+00:00
2026-07-06,r16,Spain,100.0,92,99.9,96.674,2026-07-06T12:39:57.90765+00:00
2026-07-06,r16,Sweden,0.0,92,1.0,0.968,2026-07-06T12:39:57.90765+00:00
2026-07-06,r16,Switzerland,100.0,92,99.9,96.674,2026-07-06T12:39:57.90765+00:00
2026-07-06,r16,Tunisia,0.0,92,3.0,2.903,2026-07-06T12:39:57.90765+00:00
2026-07-06,r16,Turkey,0.0,92,2.0,1.935,2026-07-06T12:39:57.90765+00:00
2026-07-06,r16,United States,100.0,92,99.9,96.674,2026-07-06T12:39:57.90765+00:00
2026-07-06,r16,Uruguay,0.0,92,0.1,0.097,2026-07-06T12:39:57.90765+00:00
2026-07-06,r16,Uzbekistan,0.0,92,1.5,1.452,2026-07-06T12:39:57.90765+00:00
2026-07-06,sf,Algeria,0.0,92,1.7,1.443,2026-07-06T12:39:57.90765+00:00
2026-07-06,sf,Argentina,59.233,92,64.0,54.306,2026-07-06T12:39:57.90765+00:00
2026-07-06,sf,Australia,0.0,92,2.8,2.376,2026-07-06T12:39:57.90765+00:00
2026-07-06,sf,Austria,0.0,92,2.4,2.036,2026-07-06T12:39:57.90765+00:00
2026-07-06,sf,Belgium,17.725,92,12.5,10.607,2026-07-06T12:39:57.90765+00:00
2026-07-06,sf,Bosnia and Herzegovina,0.0,92,1.0,0.849,2026-07-06T12:39:57.90765+00:00
2026-07-06,sf,Brazil,0.0,92,0.1,0.085,2026-07-06T12:39:57.90765+00:00
2026-07-06,sf,Canada,0.0,92,1.4,1.188,2026-07-06T12:39:57.90765+00:00
2026-07-06,sf,Cape Verde,0.0,92,1.1,0.933,2026-07-06T12:39:57.90765+00:00
2026-07-06,sf,Colombia,18.349,92,25.0,21.213,2026-07-06T12:39:57.90765+00:00
2026-07-06,sf,Croatia,0.0,92,1.3,1.103,2026-07-06T12:39:57.90765+00:00
2026-07-06,sf,Curacao,0.0,92,0.1,0.085,2026-07-06T12:39:57.90765+00:00
2026-07-06,sf,Czechia,0.0,92,2.1,1.782,2026-07-06T12:39:57.90765+00:00
2026-07-06,sf,DR Congo,0.0,92,1.2,1.018,2026-07-06T12:39:57.90765+00:00
2026-07-06,sf,Ecuador,0.0,92,0.1,0.085,2026-07-06T12:39:57.90765+00:00
2026-07-06,sf,Egypt,4.806,92,2.7,2.291,2026-07-06T12:39:57.90765+00:00
2026-07-06,sf,England,68.922,92,66.0,56.003,2026-07-06T12:39:57.90765+00:00
2026-07-06,sf,France,74.816,92,79.0,67.034,2026-07-06T12:39:57.90765+00:00
2026-07-06,sf,Germany,0.0,92,18.0,15.274,2026-07-06T12:39:57.90765+00:00
2026-07-06,sf,Ghana,0.0,92,1.8,1.527,2026-07-06T12:39:57.90765+00:00
2026-07-06,sf,Haiti,0.0,92,0.5,0.424,2026-07-06T12:39:57.90765+00:00
2026-07-06,sf,Iran,0.0,92,0.7,0.594,2026-07-06T12:39:57.90765+00:00
2026-07-06,sf,Iraq,0.0,92,0.1,0.085,2026-07-06T12:39:57.90765+00:00
2026-07-06,sf,Ivory Coast,0.0,92,0.8,0.679,2026-07-06T12:39:57.90765+00:00
2026-07-06,sf,Japan,0.0,92,3.0,2.546,2026-07-06T12:39:57.90765+00:00
2026-07-06,sf,Jordan,0.0,92,1.1,0.933,2026-07-06T12:39:57.90765+00:00
2026-07-06,sf,Mexico,0.0,92,0.1,0.085,2026-07-06T12:39:57.90765+00:00
2026-07-06,sf,Morocco,25.184,92,21.8,18.498,2026-07-06T12:39:57.90765+00:00
2026-07-06,sf,Netherlands,0.0,92,0.2,0.17,2026-07-06T12:39:57.90765+00:00
2026-07-06,sf,New Zealand,0.0,92,3.3,2.8,2026-07-06T12:39:57.90765+00:00
2026-07-06,sf,Norway,31.078,92,36.0,30.547,2026-07-06T12:39:57.90765+00:00
2026-07-06,sf,Panama,0.0,92,3.0,2.546,2026-07-06T12:39:57.90765+00:00
2026-07-06,sf,Paraguay,0.0,92,0.1,0.085,2026-07-06T12:39:57.90765+00:00
2026-07-06,sf,Portugal,25.519,92,23.0,19.516,2026-07-06T12:39:57.90765+00:00
2026-07-06,sf,Qatar,0.0,92,0.9,0.764,2026-07-06T12:39:57.90765+00:00
2026-07-06,sf,Saudi Arabia,0.0,92,1.9,1.612,2026-07-06T12:39:57.90765+00:00
2026-07-06,sf,Scotland,0.0,92,1.7,1.443,2026-07-06T12:39:57.90765+00:00
2026-07-06,sf,Senegal,0.0,92,0.1,0.085,2026-07-06T12:39:57.90765+00:00
2026-07-06,sf,South Africa,0.0,92,1.1,0.933,2026-07-06T12:39:57.90765+00:00
2026-07-06,sf,South Korea,0.0,92,1.9,1.612,2026-07-06T12:39:57.90765+00:00
2026-07-06,sf,Spain,48.111,92,51.0,43.275,2026-07-06T12:39:57.90765+00:00
2026-07-06,sf,Sweden,0.0,92,0.1,0.085,2026-07-06T12:39:57.90765+00:00
2026-07-06,sf,Switzerland,17.611,92,11.0,9.334,2026-07-06T12:39:57.90765+00:00
2026-07-06,sf,Tunisia,0.0,92,1.0,0.849,2026-07-06T12:39:57.90765+00:00
2026-07-06,sf,Turkey,0.0,92,3.8,3.224,2026-07-06T12:39:57.90765+00:00
2026-07-06,sf,United States,8.644,92,18.0,15.274,2026-07-06T12:39:57.90765+00:00
2026-07-06,sf,Uruguay,0.0,92,0.3,0.255,2026-07-06T12:39:57.90765+00:00
2026-07-06,sf,Uzbekistan,0.0,92,0.6,0.509,2026-07-06T12:39:57.90765+00:00
2026-07-07,final,Algeria,0.0,94,1.1,0.901,2026-07-07T11:40:46.705857+00:00
2026-07-07,final,Argentina,32.706,94,38.0,31.135,2026-07-07T11:40:46.705857+00:00
2026-07-07,final,Australia,0.0,94,0.5,0.41,2026-07-07T11:40:46.705857+00:00
2026-07-07,final,Austria,0.0,94,0.4,0.328,2026-07-07T11:40:46.705857+00:00
2026-07-07,final,Belgium,8.7,94,7.2,5.899,2026-07-07T11:40:46.705857+00:00
2026-07-07,final,Bosnia and Herzegovina,0.0,94,1.4,1.147,2026-07-07T11:40:46.705857+00:00
2026-07-07,final,Brazil,0.0,94,0.2,0.164,2026-07-07T11:40:46.705857+00:00
2026-07-07,final,Canada,0.0,94,1.7,1.393,2026-07-07T11:40:46.705857+00:00
2026-07-07,final,Cape Verde,0.0,94,2.0,1.639,2026-07-07T11:40:46.705857+00:00
2026-07-07,final,Colombia,6.511,94,10.7,8.767,2026-07-07T11:40:46.705857+00:00
2026-07-07,final,Croatia,0.0,94,2.7,2.212,2026-07-07T11:40:46.705857+00:00
2026-07-07,final,Curacao,0.0,94,1.8,1.475,2026-07-07T11:40:46.705857+00:00
2026-07-07,final,Czechia,0.0,94,1.0,0.819,2026-07-07T11:40:46.705857+00:00
2026-07-07,final,DR Congo,0.0,94,0.9,0.737,2026-07-07T11:40:46.705857+00:00
2026-07-07,final,Ecuador,0.0,94,1.8,1.475,2026-07-07T11:40:46.705857+00:00
2026-07-07,final,Egypt,0.933,94,1.0,0.819,2026-07-07T11:40:46.705857+00:00
2026-07-07,final,England,40.923,94,36.0,29.496,2026-07-07T11:40:46.705857+00:00
2026-07-07,final,France,39.835,94,54.0,44.244,2026-07-07T11:40:46.705857+00:00
2026-07-07,final,Germany,0.0,94,0.1,0.082,2026-07-07T11:40:46.705857+00:00
2026-07-07,final,Ghana,0.0,94,1.5,1.229,2026-07-07T11:40:46.705857+00:00
2026-07-07,final,Haiti,0.0,94,0.5,0.41,2026-07-07T11:40:46.705857+00:00
2026-07-07,final,Iran,0.0,94,0.8,0.655,2026-07-07T11:40:46.705857+00:00
2026-07-07,final,Iraq,0.0,94,0.2,0.164,2026-07-07T11:40:46.705857+00:00
2026-07-07,final,Ivory Coast,0.0,94,0.1,0.082,2026-07-07T11:40:46.705857+00:00
2026-07-07,final,Japan,0.0,94,3.2,2.622,2026-07-07T11:40:46.705857+00:00
2026-07-07,final,Jordan,0.0,94,0.6,0.492,2026-07-07T11:40:46.705857+00:00
2026-07-07,final,Mexico,0.0,94,3.6,2.95,2026-07-07T11:40:46.705857+00:00
2026-07-07,final,Morocco,7.3,94,8.9,7.292,2026-07-07T11:40:46.705857+00:00
2026-07-07,final,Netherlands,0.0,94,0.1,0.082,2026-07-07T11:40:46.705857+00:00
2026-07-07,final,New Zealand,0.0,94,0.2,0.164,2026-07-07T11:40:46.705857+00:00
2026-07-07,final,Norway,12.663,94,14.7,12.044,2026-07-07T11:40:46.705857+00:00
2026-07-07,final,Panama,0.0,94,0.1,0.082,2026-07-07T11:40:46.705857+00:00
2026-07-07,final,Paraguay,0.0,94,0.1,0.082,2026-07-07T11:40:46.705857+00:00
2026-07-07,final,Portugal,0.0,94,1.0,0.819,2026-07-07T11:40:46.705857+00:00
2026-07-07,final,Qatar,0.0,94,0.2,0.164,2026-07-07T11:40:46.705857+00:00
2026-07-07,final,Saudi Arabia,0.0,94,1.0,0.819,2026-07-07T11:40:46.705857+00:00
2026-07-07,final,Scotland,0.0,94,0.2,0.164,2026-07-07T11:40:46.705857+00:00
2026-07-07,final,Senegal,0.0,94,0.1,0.082,2026-07-07T11:40:46.705857+00:00
2026-07-07,final,South Africa,0.0,94,0.8,0.655,2026-07-07T11:40:46.705857+00:00
2026-07-07,final,South Korea,0.0,94,0.6,0.492,2026-07-07T11:40:46.705857+00:00
2026-07-07,final,Spain,44.164,94,34.0,27.857,2026-07-07T11:40:46.705857+00:00
2026-07-07,final,Sweden,0.0,94,0.7,0.574,2026-07-07T11:40:46.705857+00:00
2026-07-07,final,Switzerland,6.264,94,3.8,3.113,2026-07-07T11:40:46.705857+00:00
2026-07-07,final,Tunisia,0.0,94,1.6,1.311,2026-07-07T11:40:46.705857+00:00
2026-07-07,final,Turkey,0.0,94,0.1,0.082,2026-07-07T11:40:46.705857+00:00
2026-07-07,final,United States,0.0,94,0.1,0.082,2026-07-07T11:40:46.705857+00:00
2026-07-07,final,Uruguay,0.0,94,2.6,2.13,2026-07-07T11:40:46.705857+00:00
2026-07-07,final,Uzbekistan,0.0,94,0.2,0.164,2026-07-07T11:40:46.705857+00:00
2026-07-07,qf,Algeria,0.0,94,0.1,0.089,2026-07-07T11:40:46.705857+00:00
2026-07-07,qf,Argentina,84.786,94,86.0,76.897,2026-07-07T11:40:46.705857+00:00
2026-07-07,qf,Australia,0.0,94,6.6,5.901,2026-07-07T11:40:46.705857+00:00
2026-07-07,qf,Austria,0.0,94,4.6,4.113,2026-07-07T11:40:46.705857+00:00
2026-07-07,qf,Belgium,100.0,94,99.9,89.326,2026-07-07T11:40:46.705857+00:00
2026-07-07,qf,Bosnia and Herzegovina,0.0,94,4.7,4.203,2026-07-07T11:40:46.705857+00:00
2026-07-07,qf,Brazil,0.0,94,0.1,0.089,2026-07-07T11:40:46.705857+00:00
2026-07-07,qf,Canada,0.0,94,0.1,0.089,2026-07-07T11:40:46.705857+00:00
2026-07-07,qf,Cape Verde,0.0,94,0.2,0.179,2026-07-07T11:40:46.705857+00:00
2026-07-07,qf,Colombia,50.536,94,60.0,53.649,2026-07-07T11:40:46.705857+00:00
2026-07-07,qf,Croatia,0.0,94,0.1,0.089,2026-07-07T11:40:46.705857+00:00
2026-07-07,qf,Curacao,0.0,94,0.9,0.805,2026-07-07T11:40:46.705857+00:00
2026-07-07,qf,Czechia,0.0,94,0.1,0.089,2026-07-07T11:40:46.705857+00:00
2026-07-07,qf,DR Congo,0.0,94,0.1,0.089,2026-07-07T11:40:46.705857+00:00
2026-07-07,qf,Ecuador,0.0,94,0.1,0.089,2026-07-07T11:40:46.705857+00:00
2026-07-07,qf,Egypt,15.214,94,15.0,13.412,2026-07-07T11:40:46.705857+00:00
2026-07-07,qf,England,100.0,94,99.9,89.326,2026-07-07T11:40:46.705857+00:00
2026-07-07,qf,France,100.0,94,99.9,89.326,2026-07-07T11:40:46.705857+00:00
2026-07-07,qf,Germany,0.0,94,32.0,28.613,2026-07-07T11:40:46.705857+00:00
2026-07-07,qf,Ghana,0.0,94,0.1,0.089,2026-07-07T11:40:46.705857+00:00
2026-07-07,qf,Haiti,0.0,94,3.6,3.219,2026-07-07T11:40:46.705857+00:00
2026-07-07,qf,Iran,0.0,94,0.4,0.358,2026-07-07T11:40:46.705857+00:00
2026-07-07,qf,Iraq,0.0,94,0.5,0.447,2026-07-07T11:40:46.705857+00:00
2026-07-07,qf,Ivory Coast,0.0,94,1.0,0.894,2026-07-07T11:40:46.705857+00:00
2026-07-07,qf,Japan,0.0,94,0.1,0.089,2026-07-07T11:40:46.705857+00:00
2026-07-07,qf,Jordan,0.0,94,,,2026-07-07T11:40:46.705857+00:00
2026-07-07,qf,Mexico,0.0,94,0.1,0.089,2026-07-07T11:40:46.705857+00:00
2026-07-07,qf,Morocco,100.0,94,99.9,89.326,2026-07-07T11:40:46.705857+00:00
2026-07-07,qf,Netherlands,0.0,94,1.0,0.894,2026-07-07T11:40:46.705857+00:00
2026-07-07,qf,New Zealand,0.0,94,0.1,0.089,2026-07-07T11:40:46.705857+00:00
2026-07-07,qf,Norway,100.0,94,99.9,89.326,2026-07-07T11:40:46.705857+00:00
2026-07-07,qf,Panama,0.0,94,3.9,3.487,2026-07-07T11:40:46.705857+00:00
2026-07-07,qf,Paraguay,0.0,94,0.1,0.089,2026-07-07T11:40:46.705857+00:00
2026-07-07,qf,Portugal,0.0,94,2.7,2.414,2026-07-07T11:40:46.705857+00:00
2026-07-07,qf,Qatar,0.0,94,5.0,4.471,2026-07-07T11:40:46.705857+00:00
2026-07-07,qf,Saudi Arabia,0.0,94,1.5,1.341,2026-07-07T11:40:46.705857+00:00
2026-07-07,qf,Scotland,0.0,94,3.5,3.13,2026-07-07T11:40:46.705857+00:00
2026-07-07,qf,Senegal,0.0,94,1.0,0.894,2026-07-07T11:40:46.705857+00:00
2026-07-07,qf,South Africa,0.0,94,2.9,2.593,2026-07-07T11:40:46.705857+00:00
2026-07-07,qf,South Korea,0.0,94,4.8,4.292,2026-07-07T11:40:46.705857+00:00
2026-07-07,qf,Spain,100.0,94,99.9,89.326,2026-07-07T11:40:46.705857+00:00
2026-07-07,qf,Sweden,0.0,94,0.1,0.089,2026-07-07T11:40:46.705857+00:00
2026-07-07,qf,Switzerland,49.463,94,40.0,35.766,2026-07-07T11:40:46.705857+00:00
2026-07-07,qf,Tunisia,0.0,94,2.5,2.235,2026-07-07T11:40:46.705857+00:00
2026-07-07,qf,Turkey,0.0,94,0.1,0.089,2026-07-07T11:40:46.705857+00:00
2026-07-07,qf,United States,0.0,94,0.1,0.089,2026-07-07T11:40:46.705857+00:00
2026-07-07,qf,Uruguay,0.0,94,9.0,8.047,2026-07-07T11:40:46.705857+00:00
2026-07-07,qf,Uzbekistan,0.0,94,0.5,0.447,2026-07-07T11:40:46.705857+00:00
2026-07-07,r16,Algeria,0.0,94,3.0,2.903,2026-07-07T11:40:46.705857+00:00
2026-07-07,r16,Argentina,100.0,94,99.9,96.674,2026-07-07T11:40:46.705857+00:00
2026-07-07,r16,Australia,0.0,94,0.1,0.097,2026-07-07T11:40:46.705857+00:00
2026-07-07,r16,Austria,0.0,94,0.4,0.387,2026-07-07T11:40:46.705857+00:00
2026-07-07,r16,Belgium,100.0,94,99.9,96.674,2026-07-07T11:40:46.705857+00:00
2026-07-07,r16,Bosnia and Herzegovina,0.0,94,3.9,3.774,2026-07-07T11:40:46.705857+00:00
2026-07-07,r16,Brazil,100.0,94,99.9,96.674,2026-07-07T11:40:46.705857+00:00
2026-07-07,r16,Canada,100.0,94,99.9,96.674,2026-07-07T11:40:46.705857+00:00
2026-07-07,r16,Cape Verde,0.0,94,0.1,0.097,2026-07-07T11:40:46.705857+00:00
2026-07-07,r16,Colombia,100.0,94,99.9,96.674,2026-07-07T11:40:46.705857+00:00
2026-07-07,r16,Croatia,0.0,94,1.0,0.968,2026-07-07T11:40:46.705857+00:00
2026-07-07,r16,Curacao,0.0,94,0.6,0.581,2026-07-07T11:40:46.705857+00:00
2026-07-07,r16,Czechia,0.0,94,4.0,3.871,2026-07-07T11:40:46.705857+00:00
2026-07-07,r16,DR Congo,0.0,94,1.0,0.968,2026-07-07T11:40:46.705857+00:00
2026-07-07,r16,Ecuador,0.0,94,2.0,1.935,2026-07-07T11:40:46.705857+00:00
2026-07-07,r16,Egypt,100.0,94,99.9,96.674,2026-07-07T11:40:46.705857+00:00
2026-07-07,r16,England,100.0,94,99.9,96.674,2026-07-07T11:40:46.705857+00:00
2026-07-07,r16,France,100.0,94,99.9,96.674,2026-07-07T11:40:46.705857+00:00
2026-07-07,r16,Germany,0.0,94,0.1,0.097,2026-07-07T11:40:46.705857+00:00
2026-07-07,r16,Ghana,0.0,94,0.1,0.097,2026-07-07T11:40:46.705857+00:00
2026-07-07,r16,Haiti,0.0,94,0.5,0.484,2026-07-07T11:40:46.705857+00:00
2026-07-07,r16,Iran,0.0,94,0.1,0.097,2026-07-07T11:40:46.705857+00:00
2026-07-07,r16,Iraq,0.0,94,1.0,0.968,2026-07-07T11:40:46.705857+00:00
2026-07-07,r16,Ivory Coast,0.0,94,4.0,3.871,2026-07-07T11:40:46.705857+00:00
2026-07-07,r16,Japan,0.0,94,0.1,0.097,2026-07-07T11:40:46.705857+00:00
2026-07-07,r16,Jordan,0.0,94,3.2,3.097,2026-07-07T11:40:46.705857+00:00
2026-07-07,r16,Mexico,100.0,94,99.9,96.674,2026-07-07T11:40:46.705857+00:00
2026-07-07,r16,Morocco,100.0,94,99.9,96.674,2026-07-07T11:40:46.705857+00:00
2026-07-07,r16,Netherlands,0.0,94,0.1,0.097,2026-07-07T11:40:46.705857+00:00
2026-07-07,r16,New Zealand,0.0,94,1.3,1.258,2026-07-07T11:40:46.705857+00:00
2026-07-07,r16,Norway,100.0,94,99.9,96.674,2026-07-07T11:40:46.705857+00:00
2026-07-07,r16,Panama,0.0,94,0.1,0.097,2026-07-07T11:40:46.705857+00:00
2026-07-07,r16,Paraguay,100.0,94,99.9,96.674,2026-07-07T11:40:46.705857+00:00
2026-07-07,r16,Portugal,100.0,94,99.9,96.674,2026-07-07T11:40:46.705857+00:00
2026-07-07,r16,Qatar,0.0,94,2.3,2.226,2026-07-07T11:40:46.705857+00:00
2026-07-07,r16,Saudi Arabia,0.0,94,3.6,3.484,2026-07-07T11:40:46.705857+00:00
2026-07-07,r16,Scotland,0.0,94,1.6,1.548,2026-07-07T11:40:46.705857+00:00
2026-07-07,r16,Senegal,0.0,94,0.1,0.097,2026-07-07T11:40:46.705857+00:00
2026-07-07,r16,South Africa,0.0,94,0.1,0.097,2026-07-07T11:40:46.705857+00:00
2026-07-07,r16,South Korea,0.0,94,13.0,12.58,2026-07-07T11:40:46.705857+00:00
2026-07-07,r16,Spain,100.0,94,99.9,96.674,2026-07-07T11:40:46.705857+00:00
2026-07-07,r16,Sweden,0.0,94,1.0,0.968,2026-07-07T11:40:46.705857+00:00
2026-07-07,r16,Switzerland,100.0,94,99.9,96.674,2026-07-07T11:40:46.705857+00:00
2026-07-07,r16,Tunisia,0.0,94,3.0,2.903,2026-07-07T11:40:46.705857+00:00
2026-07-07,r16,Turkey,0.0,94,2.0,1.935,2026-07-07T11:40:46.705857+00:00
2026-07-07,r16,United States,100.0,94,99.9,96.674,2026-07-07T11:40:46.705857+00:00
2026-07-07,r16,Uruguay,0.0,94,0.1,0.097,2026-07-07T11:40:46.705857+00:00
2026-07-07,r16,Uzbekistan,0.0,94,1.5,1.452,2026-07-07T11:40:46.705857+00:00
2026-07-07,sf,Algeria,0.0,94,1.7,1.447,2026-07-07T11:40:46.705857+00:00
2026-07-07,sf,Argentina,59.179,94,63.0,53.64,2026-07-07T11:40:46.705857+00:00
2026-07-07,sf,Australia,0.0,94,2.8,2.384,2026-07-07T11:40:46.705857+00:00
2026-07-07,sf,Austria,0.0,94,2.4,2.043,2026-07-07T11:40:46.705857+00:00
2026-07-07,sf,Belgium,25.397,94,26.4,22.478,2026-07-07T11:40:46.705857+00:00
2026-07-07,sf,Bosnia and Herzegovina,0.0,94,1.0,0.851,2026-07-07T11:40:46.705857+00:00
2026-07-07,sf,Brazil,0.0,94,0.1,0.085,2026-07-07T11:40:46.705857+00:00
2026-07-07,sf,Canada,0.0,94,1.4,1.192,2026-07-07T11:40:46.705857+00:00
2026-07-07,sf,Cape Verde,0.0,94,1.1,0.937,2026-07-07T11:40:46.705857+00:00
2026-07-07,sf,Colombia,18.288,94,25.0,21.286,2026-07-07T11:40:46.705857+00:00
2026-07-07,sf,Croatia,0.0,94,1.3,1.107,2026-07-07T11:40:46.705857+00:00
2026-07-07,sf,Curacao,0.0,94,0.1,0.085,2026-07-07T11:40:46.705857+00:00
2026-07-07,sf,Czechia,0.0,94,2.1,1.788,2026-07-07T11:40:46.705857+00:00
2026-07-07,sf,DR Congo,0.0,94,1.2,1.022,2026-07-07T11:40:46.705857+00:00
2026-07-07,sf,Ecuador,0.0,94,0.1,0.085,2026-07-07T11:40:46.705857+00:00
2026-07-07,sf,Egypt,4.784,94,3.6,3.065,2026-07-07T11:40:46.705857+00:00
2026-07-07,sf,England,68.902,94,65.0,55.343,2026-07-07T11:40:46.705857+00:00
2026-07-07,sf,France,74.753,94,78.0,66.411,2026-07-07T11:40:46.705857+00:00
2026-07-07,sf,Germany,0.0,94,18.0,15.326,2026-07-07T11:40:46.705857+00:00
2026-07-07,sf,Ghana,0.0,94,1.8,1.533,2026-07-07T11:40:46.705857+00:00
2026-07-07,sf,Haiti,0.0,94,0.5,0.426,2026-07-07T11:40:46.705857+00:00
2026-07-07,sf,Iran,0.0,94,0.7,0.596,2026-07-07T11:40:46.705857+00:00
2026-07-07,sf,Iraq,0.0,94,0.1,0.085,2026-07-07T11:40:46.705857+00:00
2026-07-07,sf,Ivory Coast,0.0,94,0.8,0.681,2026-07-07T11:40:46.705857+00:00
2026-07-07,sf,Japan,0.0,94,3.0,2.554,2026-07-07T11:40:46.705857+00:00
2026-07-07,sf,Jordan,0.0,94,1.1,0.937,2026-07-07T11:40:46.705857+00:00
2026-07-07,sf,Mexico,0.0,94,0.1,0.085,2026-07-07T11:40:46.705857+00:00
2026-07-07,sf,Morocco,25.247,94,22.6,19.242,2026-07-07T11:40:46.705857+00:00
2026-07-07,sf,Netherlands,0.0,94,0.2,0.17,2026-07-07T11:40:46.705857+00:00
2026-07-07,sf,New Zealand,0.0,94,3.3,2.81,2026-07-07T11:40:46.705857+00:00
2026-07-07,sf,Norway,31.098,94,35.0,29.8,2026-07-07T11:40:46.705857+00:00
2026-07-07,sf,Panama,0.0,94,3.0,2.554,2026-07-07T11:40:46.705857+00:00
2026-07-07,sf,Paraguay,0.0,94,0.1,0.085,2026-07-07T11:40:46.705857+00:00
2026-07-07,sf,Portugal,0.0,94,5.9,5.023,2026-07-07T11:40:46.705857+00:00
2026-07-07,sf,Qatar,0.0,94,0.9,0.766,2026-07-07T11:40:46.705857+00:00
2026-07-07,sf,Saudi Arabia,0.0,94,1.9,1.618,2026-07-07T11:40:46.705857+00:00
2026-07-07,sf,Scotland,0.0,94,1.7,1.447,2026-07-07T11:40:46.705857+00:00
2026-07-07,sf,Senegal,0.0,94,0.1,0.085,2026-07-07T11:40:46.705857+00:00
2026-07-07,sf,South Africa,0.0,94,1.1,0.937,2026-07-07T11:40:46.705857+00:00
2026-07-07,sf,South Korea,0.0,94,1.9,1.618,2026-07-07T11:40:46.705857+00:00
2026-07-07,sf,Spain,74.603,94,74.0,63.006,2026-07-07T11:40:46.705857+00:00
2026-07-07,sf,Sweden,0.0,94,0.1,0.085,2026-07-07T11:40:46.705857+00:00
2026-07-07,sf,Switzerland,17.749,94,9.8,8.344,2026-07-07T11:40:46.705857+00:00
2026-07-07,sf,Tunisia,0.0,94,1.0,0.851,2026-07-07T11:40:46.705857+00:00
2026-07-07,sf,Turkey,0.0,94,3.8,3.235,2026-07-07T11:40:46.705857+00:00
2026-07-07,sf,United States,0.0,94,0.1,0.085,2026-07-07T11:40:46.705857+00:00
2026-07-07,sf,Uruguay,0.0,94,0.3,0.255,2026-07-07T11:40:46.705857+00:00
2026-07-07,sf,Uzbekistan,0.0,94,0.6,0.511,2026-07-07T11:40:46.705857+00:00
2026-07-08,final,Algeria,0.0,96,1.1,0.906,2026-07-08T10:51:18.618417+00:00
2026-07-08,final,Argentina,38.752,96,40.6,33.457,2026-07-08T10:51:18.618417+00:00
2026-07-08,final,Australia,0.0,96,0.5,0.412,2026-07-08T10:51:18.618417+00:00
2026-07-08,final,Austria,0.0,96,0.4,0.33,2026-07-08T10:51:18.618417+00:00
2026-07-08,final,Belgium,8.684,96,6.8,5.604,2026-07-08T10:51:18.618417+00:00
2026-07-08,final,Bosnia and Herzegovina,0.0,96,1.4,1.154,2026-07-08T10:51:18.618417+00:00
2026-07-08,final,Brazil,0.0,96,0.2,0.165,2026-07-08T10:51:18.618417+00:00
2026-07-08,final,Canada,0.0,96,1.7,1.401,2026-07-08T10:51:18.618417+00:00
2026-07-08,final,Cape Verde,0.0,96,2.0,1.648,2026-07-08T10:51:18.618417+00:00
2026-07-08,final,Colombia,0.0,96,0.1,0.082,2026-07-08T10:51:18.618417+00:00
2026-07-08,final,Croatia,0.0,96,2.7,2.225,2026-07-08T10:51:18.618417+00:00
2026-07-08,final,Curacao,0.0,96,1.8,1.483,2026-07-08T10:51:18.618417+00:00
2026-07-08,final,Czechia,0.0,96,1.0,0.824,2026-07-08T10:51:18.618417+00:00
2026-07-08,final,DR Congo,0.0,96,0.9,0.742,2026-07-08T10:51:18.618417+00:00
2026-07-08,final,Ecuador,0.0,96,1.8,1.483,2026-07-08T10:51:18.618417+00:00
2026-07-08,final,Egypt,0.0,96,0.8,0.659,2026-07-08T10:51:18.618417+00:00
2026-07-08,final,England,39.035,96,39.0,32.138,2026-07-08T10:51:18.618417+00:00
2026-07-08,final,France,39.915,96,53.0,43.675,2026-07-08T10:51:18.618417+00:00
2026-07-08,final,Germany,0.0,96,0.1,0.082,2026-07-08T10:51:18.618417+00:00
2026-07-08,final,Ghana,0.0,96,1.5,1.236,2026-07-08T10:51:18.618417+00:00
2026-07-08,final,Haiti,0.0,96,0.5,0.412,2026-07-08T10:51:18.618417+00:00
2026-07-08,final,Iran,0.0,96,0.8,0.659,2026-07-08T10:51:18.618417+00:00
2026-07-08,final,Iraq,0.0,96,0.2,0.165,2026-07-08T10:51:18.618417+00:00
2026-07-08,final,Ivory Coast,0.0,96,0.1,0.082,2026-07-08T10:51:18.618417+00:00
2026-07-08,final,Japan,0.0,96,3.2,2.637,2026-07-08T10:51:18.618417+00:00
2026-07-08,final,Jordan,0.0,96,0.6,0.494,2026-07-08T10:51:18.618417+00:00
2026-07-08,final,Mexico,0.0,96,3.6,2.967,2026-07-08T10:51:18.618417+00:00
2026-07-08,final,Morocco,7.243,96,7.9,6.51,2026-07-08T10:51:18.618417+00:00
2026-07-08,final,Netherlands,0.0,96,0.1,0.082,2026-07-08T10:51:18.618417+00:00
2026-07-08,final,New Zealand,0.0,96,0.2,0.165,2026-07-08T10:51:18.618417+00:00
2026-07-08,final,Norway,11.713,96,14.6,12.031,2026-07-08T10:51:18.618417+00:00
2026-07-08,final,Panama,0.0,96,0.1,0.082,2026-07-08T10:51:18.618417+00:00
2026-07-08,final,Paraguay,0.0,96,0.1,0.082,2026-07-08T10:51:18.618417+00:00
2026-07-08,final,Portugal,0.0,96,1.0,0.824,2026-07-08T10:51:18.618417+00:00
2026-07-08,final,Qatar,0.0,96,0.2,0.165,2026-07-08T10:51:18.618417+00:00
2026-07-08,final,Saudi Arabia,0.0,96,1.0,0.824,2026-07-08T10:51:18.618417+00:00
2026-07-08,final,Scotland,0.0,96,0.2,0.165,2026-07-08T10:51:18.618417+00:00
2026-07-08,final,Senegal,0.0,96,0.1,0.082,2026-07-08T10:51:18.618417+00:00
2026-07-08,final,South Africa,0.0,96,0.8,0.659,2026-07-08T10:51:18.618417+00:00
2026-07-08,final,South Korea,0.0,96,0.6,0.494,2026-07-08T10:51:18.618417+00:00
2026-07-08,final,Spain,44.158,96,37.0,30.49,2026-07-08T10:51:18.618417+00:00
2026-07-08,final,Sweden,0.0,96,0.7,0.577,2026-07-08T10:51:18.618417+00:00
2026-07-08,final,Switzerland,10.5,96,7.1,5.851,2026-07-08T10:51:18.618417+00:00
2026-07-08,final,Tunisia,0.0,96,1.6,1.319,2026-07-08T10:51:18.618417+00:00
2026-07-08,final,Turkey,0.0,96,0.1,0.082,2026-07-08T10:51:18.618417+00:00
2026-07-08,final,United States,0.0,96,0.1,0.082,2026-07-08T10:51:18.618417+00:00
2026-07-08,final,Uruguay,0.0,96,2.6,2.143,2026-07-08T10:51:18.618417+00:00
2026-07-08,final,Uzbekistan,0.0,96,0.2,0.165,2026-07-08T10:51:18.618417+00:00
2026-07-08,qf,Algeria,0.0,96,0.1,0.09,2026-07-08T10:51:18.618417+00:00
2026-07-08,qf,Argentina,100.0,96,99.9,89.426,2026-07-08T10:51:18.618417+00:00
2026-07-08,qf,Australia,0.0,96,6.6,5.908,2026-07-08T10:51:18.618417+00:00
2026-07-08,qf,Austria,0.0,96,4.6,4.118,2026-07-08T10:51:18.618417+00:00
2026-07-08,qf,Belgium,100.0,96,99.9,89.426,2026-07-08T10:51:18.618417+00:00
2026-07-08,qf,Bosnia and Herzegovina,0.0,96,4.7,4.207,2026-07-08T10:51:18.618417+00:00
2026-07-08,qf,Brazil,0.0,96,0.1,0.09,2026-07-08T10:51:18.618417+00:00
2026-07-08,qf,Canada,0.0,96,0.1,0.09,2026-07-08T10:51:18.618417+00:00
2026-07-08,qf,Cape Verde,0.0,96,0.2,0.179,2026-07-08T10:51:18.618417+00:00
2026-07-08,qf,Colombia,0.0,96,0.1,0.09,2026-07-08T10:51:18.618417+00:00
2026-07-08,qf,Croatia,0.0,96,0.1,0.09,2026-07-08T10:51:18.618417+00:00
2026-07-08,qf,Curacao,0.0,96,0.9,0.806,2026-07-08T10:51:18.618417+00:00
2026-07-08,qf,Czechia,0.0,96,0.1,0.09,2026-07-08T10:51:18.618417+00:00
2026-07-08,qf,DR Congo,0.0,96,0.1,0.09,2026-07-08T10:51:18.618417+00:00
2026-07-08,qf,Ecuador,0.0,96,0.1,0.09,2026-07-08T10:51:18.618417+00:00
2026-07-08,qf,Egypt,0.0,96,0.1,0.09,2026-07-08T10:51:18.618417+00:00
2026-07-08,qf,England,100.0,96,99.9,89.426,2026-07-08T10:51:18.618417+00:00
2026-07-08,qf,France,100.0,96,99.9,89.426,2026-07-08T10:51:18.618417+00:00
2026-07-08,qf,Germany,0.0,96,32.0,28.645,2026-07-08T10:51:18.618417+00:00
2026-07-08,qf,Ghana,0.0,96,0.1,0.09,2026-07-08T10:51:18.618417+00:00
2026-07-08,qf,Haiti,0.0,96,3.6,3.223,2026-07-08T10:51:18.618417+00:00
2026-07-08,qf,Iran,0.0,96,0.4,0.358,2026-07-08T10:51:18.618417+00:00
2026-07-08,qf,Iraq,0.0,96,0.5,0.448,2026-07-08T10:51:18.618417+00:00
2026-07-08,qf,Ivory Coast,0.0,96,1.0,0.895,2026-07-08T10:51:18.618417+00:00
2026-07-08,qf,Japan,0.0,96,0.1,0.09,2026-07-08T10:51:18.618417+00:00
2026-07-08,qf,Jordan,0.0,96,,,2026-07-08T10:51:18.618417+00:00
2026-07-08,qf,Mexico,0.0,96,0.1,0.09,2026-07-08T10:51:18.618417+00:00
2026-07-08,qf,Morocco,100.0,96,99.9,89.426,2026-07-08T10:51:18.618417+00:00
2026-07-08,qf,Netherlands,0.0,96,1.0,0.895,2026-07-08T10:51:18.618417+00:00
2026-07-08,qf,New Zealand,0.0,96,0.1,0.09,2026-07-08T10:51:18.618417+00:00
2026-07-08,qf,Norway,100.0,96,99.9,89.426,2026-07-08T10:51:18.618417+00:00
2026-07-08,qf,Panama,0.0,96,3.9,3.491,2026-07-08T10:51:18.618417+00:00
2026-07-08,qf,Paraguay,0.0,96,0.1,0.09,2026-07-08T10:51:18.618417+00:00
2026-07-08,qf,Portugal,0.0,96,2.7,2.417,2026-07-08T10:51:18.618417+00:00
2026-07-08,qf,Qatar,0.0,96,5.0,4.476,2026-07-08T10:51:18.618417+00:00
2026-07-08,qf,Saudi Arabia,0.0,96,1.5,1.343,2026-07-08T10:51:18.618417+00:00
2026-07-08,qf,Scotland,0.0,96,3.5,3.133,2026-07-08T10:51:18.618417+00:00
2026-07-08,qf,Senegal,0.0,96,1.0,0.895,2026-07-08T10:51:18.618417+00:00
2026-07-08,qf,South Africa,0.0,96,2.9,2.596,2026-07-08T10:51:18.618417+00:00
2026-07-08,qf,South Korea,0.0,96,4.8,4.297,2026-07-08T10:51:18.618417+00:00
2026-07-08,qf,Spain,100.0,96,99.9,89.426,2026-07-08T10:51:18.618417+00:00
2026-07-08,qf,Sweden,0.0,96,0.1,0.09,2026-07-08T10:51:18.618417+00:00
2026-07-08,qf,Switzerland,100.0,96,99.9,89.426,2026-07-08T10:51:18.618417+00:00
2026-07-08,qf,Tunisia,0.0,96,2.5,2.238,2026-07-08T10:51:18.618417+00:00
2026-07-08,qf,Turkey,0.0,96,0.1,0.09,2026-07-08T10:51:18.618417+00:00
2026-07-08,qf,United States,0.0,96,0.1,0.09,2026-07-08T10:51:18.618417+00:00
2026-07-08,qf,Uruguay,0.0,96,9.0,8.056,2026-07-08T10:51:18.618417+00:00
2026-07-08,qf,Uzbekistan,0.0,96,0.5,0.448,2026-07-08T10:51:18.618417+00:00
2026-07-08,r16,Algeria,0.0,96,3.0,2.903,2026-07-08T10:51:18.618417+00:00
2026-07-08,r16,Argentina,100.0,96,99.9,96.674,2026-07-08T10:51:18.618417+00:00
2026-07-08,r16,Australia,0.0,96,0.1,0.097,2026-07-08T10:51:18.618417+00:00
2026-07-08,r16,Austria,0.0,96,0.4,0.387,2026-07-08T10:51:18.618417+00:00
2026-07-08,r16,Belgium,100.0,96,99.9,96.674,2026-07-08T10:51:18.618417+00:00
2026-07-08,r16,Bosnia and Herzegovina,0.0,96,3.9,3.774,2026-07-08T10:51:18.618417+00:00
2026-07-08,r16,Brazil,100.0,96,99.9,96.674,2026-07-08T10:51:18.618417+00:00
2026-07-08,r16,Canada,100.0,96,99.9,96.674,2026-07-08T10:51:18.618417+00:00
2026-07-08,r16,Cape Verde,0.0,96,0.1,0.097,2026-07-08T10:51:18.618417+00:00
2026-07-08,r16,Colombia,100.0,96,99.9,96.674,2026-07-08T10:51:18.618417+00:00
2026-07-08,r16,Croatia,0.0,96,1.0,0.968,2026-07-08T10:51:18.618417+00:00
2026-07-08,r16,Curacao,0.0,96,0.6,0.581,2026-07-08T10:51:18.618417+00:00
2026-07-08,r16,Czechia,0.0,96,4.0,3.871,2026-07-08T10:51:18.618417+00:00
2026-07-08,r16,DR Congo,0.0,96,1.0,0.968,2026-07-08T10:51:18.618417+00:00
2026-07-08,r16,Ecuador,0.0,96,2.0,1.935,2026-07-08T10:51:18.618417+00:00
2026-07-08,r16,Egypt,100.0,96,99.9,96.674,2026-07-08T10:51:18.618417+00:00
2026-07-08,r16,England,100.0,96,99.9,96.674,2026-07-08T10:51:18.618417+00:00
2026-07-08,r16,France,100.0,96,99.9,96.674,2026-07-08T10:51:18.618417+00:00
2026-07-08,r16,Germany,0.0,96,0.1,0.097,2026-07-08T10:51:18.618417+00:00
2026-07-08,r16,Ghana,0.0,96,0.1,0.097,2026-07-08T10:51:18.618417+00:00
2026-07-08,r16,Haiti,0.0,96,0.5,0.484,2026-07-08T10:51:18.618417+00:00
2026-07-08,r16,Iran,0.0,96,0.1,0.097,2026-07-08T10:51:18.618417+00:00
2026-07-08,r16,Iraq,0.0,96,1.0,0.968,2026-07-08T10:51:18.618417+00:00
2026-07-08,r16,Ivory Coast,0.0,96,4.0,3.871,2026-07-08T10:51:18.618417+00:00
2026-07-08,r16,Japan,0.0,96,0.1,0.097,2026-07-08T10:51:18.618417+00:00
2026-07-08,r16,Jordan,0.0,96,3.2,3.097,2026-07-08T10:51:18.618417+00:00
2026-07-08,r16,Mexico,100.0,96,99.9,96.674,2026-07-08T10:51:18.618417+00:00
2026-07-08,r16,Morocco,100.0,96,99.9,96.674,2026-07-08T10:51:18.618417+00:00
2026-07-08,r16,Netherlands,0.0,96,0.1,0.097,2026-07-08T10:51:18.618417+00:00
2026-07-08,r16,New Zealand,0.0,96,1.3,1.258,2026-07-08T10:51:18.618417+00:00
2026-07-08,r16,Norway,100.0,96,99.9,96.674,2026-07-08T10:51:18.618417+00:00
2026-07-08,r16,Panama,0.0,96,0.1,0.097,2026-07-08T10:51:18.618417+00:00
2026-07-08,r16,Paraguay,100.0,96,99.9,96.674,2026-07-08T10:51:18.618417+00:00
2026-07-08,r16,Portugal,100.0,96,99.9,96.674,2026-07-08T10:51:18.618417+00:00
2026-07-08,r16,Qatar,0.0,96,2.3,2.226,2026-07-08T10:51:18.618417+00:00
2026-07-08,r16,Saudi Arabia,0.0,96,3.6,3.484,2026-07-08T10:51:18.618417+00:00
2026-07-08,r16,Scotland,0.0,96,1.6,1.548,2026-07-08T10:51:18.618417+00:00
2026-07-08,r16,Senegal,0.0,96,0.1,0.097,2026-07-08T10:51:18.618417+00:00
2026-07-08,r16,South Africa,0.0,96,0.1,0.097,2026-07-08T10:51:18.618417+00:00
2026-07-08,r16,South Korea,0.0,96,13.0,12.58,2026-07-08T10:51:18.618417+00:00
2026-07-08,r16,Spain,100.0,96,99.9,96.674,2026-07-08T10:51:18.618417+00:00
2026-07-08,r16,Sweden,0.0,96,1.0,0.968,2026-07-08T10:51:18.618417+00:00
2026-07-08,r16,Switzerland,100.0,96,99.9,96.674,2026-07-08T10:51:18.618417+00:00
2026-07-08,r16,Tunisia,0.0,96,3.0,2.903,2026-07-08T10:51:18.618417+00:00
2026-07-08,r16,Turkey,0.0,96,2.0,1.935,2026-07-08T10:51:18.618417+00:00
2026-07-08,r16,United States,100.0,96,99.9,96.674,2026-07-08T10:51:18.618417+00:00
2026-07-08,r16,Uruguay,0.0,96,0.1,0.097,2026-07-08T10:51:18.618417+00:00
2026-07-08,r16,Uzbekistan,0.0,96,1.5,1.452,2026-07-08T10:51:18.618417+00:00
2026-07-08,sf,Algeria,0.0,96,1.7,1.441,2026-07-08T10:51:18.618417+00:00
2026-07-08,sf,Argentina,70.057,96,74.0,62.738,2026-07-08T10:51:18.618417+00:00
2026-07-08,sf,Australia,0.0,96,2.8,2.374,2026-07-08T10:51:18.618417+00:00
2026-07-08,sf,Austria,0.0,96,2.4,2.035,2026-07-08T10:51:18.618417+00:00
2026-07-08,sf,Belgium,25.338,96,25.5,21.619,2026-07-08T10:51:18.618417+00:00
2026-07-08,sf,Bosnia and Herzegovina,0.0,96,1.0,0.848,2026-07-08T10:51:18.618417+00:00
2026-07-08,sf,Brazil,0.0,96,0.1,0.085,2026-07-08T10:51:18.618417+00:00
2026-07-08,sf,Canada,0.0,96,1.4,1.187,2026-07-08T10:51:18.618417+00:00
2026-07-08,sf,Cape Verde,0.0,96,1.1,0.933,2026-07-08T10:51:18.618417+00:00
2026-07-08,sf,Colombia,0.0,96,0.1,0.085,2026-07-08T10:51:18.618417+00:00
2026-07-08,sf,Croatia,0.0,96,1.3,1.102,2026-07-08T10:51:18.618417+00:00
2026-07-08,sf,Curacao,0.0,96,0.1,0.085,2026-07-08T10:51:18.618417+00:00
2026-07-08,sf,Czechia,0.0,96,2.1,1.78,2026-07-08T10:51:18.618417+00:00
2026-07-08,sf,DR Congo,0.0,96,1.2,1.017,2026-07-08T10:51:18.618417+00:00
2026-07-08,sf,Ecuador,0.0,96,0.1,0.085,2026-07-08T10:51:18.618417+00:00
2026-07-08,sf,Egypt,0.0,96,0.2,0.17,2026-07-08T10:51:18.618417+00:00
2026-07-08,sf,England,68.926,96,66.0,55.956,2026-07-08T10:51:18.618417+00:00
2026-07-08,sf,France,74.827,96,78.0,66.13,2026-07-08T10:51:18.618417+00:00
2026-07-08,sf,Germany,0.0,96,18.0,15.261,2026-07-08T10:51:18.618417+00:00
2026-07-08,sf,Ghana,0.0,96,1.8,1.526,2026-07-08T10:51:18.618417+00:00
2026-07-08,sf,Haiti,0.0,96,0.5,0.424,2026-07-08T10:51:18.618417+00:00
2026-07-08,sf,Iran,0.0,96,0.7,0.593,2026-07-08T10:51:18.618417+00:00
2026-07-08,sf,Iraq,0.0,96,0.1,0.085,2026-07-08T10:51:18.618417+00:00
2026-07-08,sf,Ivory Coast,0.0,96,0.8,0.678,2026-07-08T10:51:18.618417+00:00
2026-07-08,sf,Japan,0.0,96,3.0,2.543,2026-07-08T10:51:18.618417+00:00
2026-07-08,sf,Jordan,0.0,96,1.1,0.933,2026-07-08T10:51:18.618417+00:00
2026-07-08,sf,Mexico,0.0,96,0.1,0.085,2026-07-08T10:51:18.618417+00:00
2026-07-08,sf,Morocco,25.173,96,22.4,18.991,2026-07-08T10:51:18.618417+00:00
2026-07-08,sf,Netherlands,0.0,96,0.2,0.17,2026-07-08T10:51:18.618417+00:00
2026-07-08,sf,New Zealand,0.0,96,3.3,2.798,2026-07-08T10:51:18.618417+00:00
2026-07-08,sf,Norway,31.074,96,35.0,29.674,2026-07-08T10:51:18.618417+00:00
2026-07-08,sf,Panama,0.0,96,3.0,2.543,2026-07-08T10:51:18.618417+00:00
2026-07-08,sf,Paraguay,0.0,96,0.1,0.085,2026-07-08T10:51:18.618417+00:00
2026-07-08,sf,Portugal,0.0,96,5.9,5.002,2026-07-08T10:51:18.618417+00:00
2026-07-08,sf,Qatar,0.0,96,0.9,0.763,2026-07-08T10:51:18.618417+00:00
2026-07-08,sf,Saudi Arabia,0.0,96,1.9,1.611,2026-07-08T10:51:18.618417+00:00
2026-07-08,sf,Scotland,0.0,96,1.7,1.441,2026-07-08T10:51:18.618417+00:00
2026-07-08,sf,Senegal,0.0,96,0.1,0.085,2026-07-08T10:51:18.618417+00:00
2026-07-08,sf,South Africa,0.0,96,1.1,0.933,2026-07-08T10:51:18.618417+00:00
2026-07-08,sf,South Korea,0.0,96,1.9,1.611,2026-07-08T10:51:18.618417+00:00
2026-07-08,sf,Spain,74.662,96,76.0,64.434,2026-07-08T10:51:18.618417+00:00
2026-07-08,sf,Sweden,0.0,96,0.1,0.085,2026-07-08T10:51:18.618417+00:00
2026-07-08,sf,Switzerland,29.943,96,27.2,23.061,2026-07-08T10:51:18.618417+00:00
2026-07-08,sf,Tunisia,0.0,96,1.0,0.848,2026-07-08T10:51:18.618417+00:00
2026-07-08,sf,Turkey,0.0,96,3.8,3.222,2026-07-08T10:51:18.618417+00:00
2026-07-08,sf,United States,0.0,96,0.1,0.085,2026-07-08T10:51:18.618417+00:00
2026-07-08,sf,Uruguay,0.0,96,0.3,0.254,2026-07-08T10:51:18.618417+00:00
2026-07-08,sf,Uzbekistan,0.0,96,0.6,0.509,2026-07-08T10:51:18.618417+00:00
2026-07-09,final,Algeria,0.0,96,1.1,0.904,2026-07-09T11:46:51.715171+00:00
2026-07-09,final,Argentina,38.752,96,40.8,33.525,2026-07-09T11:46:51.715171+00:00
2026-07-09,final,Australia,0.0,96,0.5,0.411,2026-07-09T11:46:51.715171+00:00
2026-07-09,final,Austria,0.0,96,0.4,0.329,2026-07-09T11:46:51.715171+00:00
2026-07-09,final,Belgium,8.684,96,6.7,5.505,2026-07-09T11:46:51.715171+00:00
2026-07-09,final,Bosnia and Herzegovina,0.0,96,1.4,1.15,2026-07-09T11:46:51.715171+00:00
2026-07-09,final,Brazil,0.0,96,0.2,0.164,2026-07-09T11:46:51.715171+00:00
2026-07-09,final,Canada,0.0,96,1.7,1.397,2026-07-09T11:46:51.715171+00:00
2026-07-09,final,Cape Verde,0.0,96,2.0,1.643,2026-07-09T11:46:51.715171+00:00
2026-07-09,final,Colombia,0.0,96,0.1,0.082,2026-07-09T11:46:51.715171+00:00
2026-07-09,final,Croatia,0.0,96,2.7,2.219,2026-07-09T11:46:51.715171+00:00
2026-07-09,final,Curacao,0.0,96,1.8,1.479,2026-07-09T11:46:51.715171+00:00
2026-07-09,final,Czechia,0.0,96,1.0,0.822,2026-07-09T11:46:51.715171+00:00
2026-07-09,final,DR Congo,0.0,96,0.9,0.74,2026-07-09T11:46:51.715171+00:00
2026-07-09,final,Ecuador,0.0,96,1.8,1.479,2026-07-09T11:46:51.715171+00:00
2026-07-09,final,Egypt,0.0,96,0.8,0.657,2026-07-09T11:46:51.715171+00:00
2026-07-09,final,England,39.035,96,39.0,32.046,2026-07-09T11:46:51.715171+00:00
2026-07-09,final,France,39.915,96,53.0,43.55,2026-07-09T11:46:51.715171+00:00
2026-07-09,final,Germany,0.0,96,0.1,0.082,2026-07-09T11:46:51.715171+00:00
2026-07-09,final,Ghana,0.0,96,1.5,1.233,2026-07-09T11:46:51.715171+00:00
2026-07-09,final,Haiti,0.0,96,0.5,0.411,2026-07-09T11:46:51.715171+00:00
2026-07-09,final,Iran,0.0,96,0.8,0.657,2026-07-09T11:46:51.715171+00:00
2026-07-09,final,Iraq,0.0,96,0.2,0.164,2026-07-09T11:46:51.715171+00:00
2026-07-09,final,Ivory Coast,0.0,96,0.1,0.082,2026-07-09T11:46:51.715171+00:00
2026-07-09,final,Japan,0.0,96,3.2,2.629,2026-07-09T11:46:51.715171+00:00
2026-07-09,final,Jordan,0.0,96,0.6,0.493,2026-07-09T11:46:51.715171+00:00
2026-07-09,final,Mexico,0.0,96,3.6,2.958,2026-07-09T11:46:51.715171+00:00
2026-07-09,final,Morocco,7.243,96,8.9,7.313,2026-07-09T11:46:51.715171+00:00
2026-07-09,final,Netherlands,0.0,96,0.1,0.082,2026-07-09T11:46:51.715171+00:00
2026-07-09,final,New Zealand,0.0,96,0.2,0.164,2026-07-09T11:46:51.715171+00:00
2026-07-09,final,Norway,11.713,96,14.1,11.586,2026-07-09T11:46:51.715171+00:00
2026-07-09,final,Panama,0.0,96,0.1,0.082,2026-07-09T11:46:51.715171+00:00
2026-07-09,final,Paraguay,0.0,96,0.1,0.082,2026-07-09T11:46:51.715171+00:00
2026-07-09,final,Portugal,0.0,96,1.0,0.822,2026-07-09T11:46:51.715171+00:00
2026-07-09,final,Qatar,0.0,96,0.2,0.164,2026-07-09T11:46:51.715171+00:00
2026-07-09,final,Saudi Arabia,0.0,96,1.0,0.822,2026-07-09T11:46:51.715171+00:00
2026-07-09,final,Scotland,0.0,96,0.2,0.164,2026-07-09T11:46:51.715171+00:00
2026-07-09,final,Senegal,0.0,96,0.1,0.082,2026-07-09T11:46:51.715171+00:00
2026-07-09,final,South Africa,0.0,96,0.8,0.657,2026-07-09T11:46:51.715171+00:00
2026-07-09,final,South Korea,0.0,96,0.6,0.493,2026-07-09T11:46:51.715171+00:00
2026-07-09,final,Spain,44.158,96,37.0,30.403,2026-07-09T11:46:51.715171+00:00
2026-07-09,final,Sweden,0.0,96,0.7,0.575,2026-07-09T11:46:51.715171+00:00
2026-07-09,final,Switzerland,10.5,96,7.2,5.916,2026-07-09T11:46:51.715171+00:00
2026-07-09,final,Tunisia,0.0,96,1.6,1.315,2026-07-09T11:46:51.715171+00:00
2026-07-09,final,Turkey,0.0,96,0.1,0.082,2026-07-09T11:46:51.715171+00:00
2026-07-09,final,United States,0.0,96,0.1,0.082,2026-07-09T11:46:51.715171+00:00
2026-07-09,final,Uruguay,0.0,96,2.6,2.136,2026-07-09T11:46:51.715171+00:00
2026-07-09,final,Uzbekistan,0.0,96,0.2,0.164,2026-07-09T11:46:51.715171+00:00
2026-07-09,qf,Algeria,0.0,96,0.1,0.09,2026-07-09T11:46:51.715171+00:00
2026-07-09,qf,Argentina,100.0,96,99.9,89.426,2026-07-09T11:46:51.715171+00:00
2026-07-09,qf,Australia,0.0,96,6.6,5.908,2026-07-09T11:46:51.715171+00:00
2026-07-09,qf,Austria,0.0,96,4.6,4.118,2026-07-09T11:46:51.715171+00:00
2026-07-09,qf,Belgium,100.0,96,99.9,89.426,2026-07-09T11:46:51.715171+00:00
2026-07-09,qf,Bosnia and Herzegovina,0.0,96,4.7,4.207,2026-07-09T11:46:51.715171+00:00
2026-07-09,qf,Brazil,0.0,96,0.1,0.09,2026-07-09T11:46:51.715171+00:00
2026-07-09,qf,Canada,0.0,96,0.1,0.09,2026-07-09T11:46:51.715171+00:00
2026-07-09,qf,Cape Verde,0.0,96,0.2,0.179,2026-07-09T11:46:51.715171+00:00
2026-07-09,qf,Colombia,0.0,96,0.1,0.09,2026-07-09T11:46:51.715171+00:00
2026-07-09,qf,Croatia,0.0,96,0.1,0.09,2026-07-09T11:46:51.715171+00:00
2026-07-09,qf,Curacao,0.0,96,0.9,0.806,2026-07-09T11:46:51.715171+00:00
2026-07-09,qf,Czechia,0.0,96,0.1,0.09,2026-07-09T11:46:51.715171+00:00
2026-07-09,qf,DR Congo,0.0,96,0.1,0.09,2026-07-09T11:46:51.715171+00:00
2026-07-09,qf,Ecuador,0.0,96,0.1,0.09,2026-07-09T11:46:51.715171+00:00
2026-07-09,qf,Egypt,0.0,96,0.1,0.09,2026-07-09T11:46:51.715171+00:00
2026-07-09,qf,England,100.0,96,99.9,89.426,2026-07-09T11:46:51.715171+00:00
2026-07-09,qf,France,100.0,96,99.9,89.426,2026-07-09T11:46:51.715171+00:00
2026-07-09,qf,Germany,0.0,96,32.0,28.645,2026-07-09T11:46:51.715171+00:00
2026-07-09,qf,Ghana,0.0,96,0.1,0.09,2026-07-09T11:46:51.715171+00:00
2026-07-09,qf,Haiti,0.0,96,3.6,3.223,2026-07-09T11:46:51.715171+00:00
2026-07-09,qf,Iran,0.0,96,0.4,0.358,2026-07-09T11:46:51.715171+00:00
2026-07-09,qf,Iraq,0.0,96,0.5,0.448,2026-07-09T11:46:51.715171+00:00
2026-07-09,qf,Ivory Coast,0.0,96,1.0,0.895,2026-07-09T11:46:51.715171+00:00
2026-07-09,qf,Japan,0.0,96,0.1,0.09,2026-07-09T11:46:51.715171+00:00
2026-07-09,qf,Jordan,0.0,96,,,2026-07-09T11:46:51.715171+00:00
2026-07-09,qf,Mexico,0.0,96,0.1,0.09,2026-07-09T11:46:51.715171+00:00
2026-07-09,qf,Morocco,100.0,96,99.9,89.426,2026-07-09T11:46:51.715171+00:00
2026-07-09,qf,Netherlands,0.0,96,1.0,0.895,2026-07-09T11:46:51.715171+00:00
2026-07-09,qf,New Zealand,0.0,96,0.1,0.09,2026-07-09T11:46:51.715171+00:00
2026-07-09,qf,Norway,100.0,96,99.9,89.426,2026-07-09T11:46:51.715171+00:00
2026-07-09,qf,Panama,0.0,96,3.9,3.491,2026-07-09T11:46:51.715171+00:00
2026-07-09,qf,Paraguay,0.0,96,0.1,0.09,2026-07-09T11:46:51.715171+00:00
2026-07-09,qf,Portugal,0.0,96,2.7,2.417,2026-07-09T11:46:51.715171+00:00
2026-07-09,qf,Qatar,0.0,96,5.0,4.476,2026-07-09T11:46:51.715171+00:00
2026-07-09,qf,Saudi Arabia,0.0,96,1.5,1.343,2026-07-09T11:46:51.715171+00:00
2026-07-09,qf,Scotland,0.0,96,3.5,3.133,2026-07-09T11:46:51.715171+00:00
2026-07-09,qf,Senegal,0.0,96,1.0,0.895,2026-07-09T11:46:51.715171+00:00
2026-07-09,qf,South Africa,0.0,96,2.9,2.596,2026-07-09T11:46:51.715171+00:00
2026-07-09,qf,South Korea,0.0,96,4.8,4.297,2026-07-09T11:46:51.715171+00:00
2026-07-09,qf,Spain,100.0,96,99.9,89.426,2026-07-09T11:46:51.715171+00:00
2026-07-09,qf,Sweden,0.0,96,0.1,0.09,2026-07-09T11:46:51.715171+00:00
2026-07-09,qf,Switzerland,100.0,96,99.9,89.426,2026-07-09T11:46:51.715171+00:00
2026-07-09,qf,Tunisia,0.0,96,2.5,2.238,2026-07-09T11:46:51.715171+00:00
2026-07-09,qf,Turkey,0.0,96,0.1,0.09,2026-07-09T11:46:51.715171+00:00
2026-07-09,qf,United States,0.0,96,0.1,0.09,2026-07-09T11:46:51.715171+00:00
2026-07-09,qf,Uruguay,0.0,96,9.0,8.056,2026-07-09T11:46:51.715171+00:00
2026-07-09,qf,Uzbekistan,0.0,96,0.5,0.448,2026-07-09T11:46:51.715171+00:00
2026-07-09,r16,Algeria,0.0,96,3.0,2.903,2026-07-09T11:46:51.715171+00:00
2026-07-09,r16,Argentina,100.0,96,99.9,96.674,2026-07-09T11:46:51.715171+00:00
2026-07-09,r16,Australia,0.0,96,0.1,0.097,2026-07-09T11:46:51.715171+00:00
2026-07-09,r16,Austria,0.0,96,0.4,0.387,2026-07-09T11:46:51.715171+00:00
2026-07-09,r16,Belgium,100.0,96,99.9,96.674,2026-07-09T11:46:51.715171+00:00
2026-07-09,r16,Bosnia and Herzegovina,0.0,96,3.9,3.774,2026-07-09T11:46:51.715171+00:00
2026-07-09,r16,Brazil,100.0,96,99.9,96.674,2026-07-09T11:46:51.715171+00:00
2026-07-09,r16,Canada,100.0,96,99.9,96.674,2026-07-09T11:46:51.715171+00:00
2026-07-09,r16,Cape Verde,0.0,96,0.1,0.097,2026-07-09T11:46:51.715171+00:00
2026-07-09,r16,Colombia,100.0,96,99.9,96.674,2026-07-09T11:46:51.715171+00:00
2026-07-09,r16,Croatia,0.0,96,1.0,0.968,2026-07-09T11:46:51.715171+00:00
2026-07-09,r16,Curacao,0.0,96,0.6,0.581,2026-07-09T11:46:51.715171+00:00
2026-07-09,r16,Czechia,0.0,96,4.0,3.871,2026-07-09T11:46:51.715171+00:00
2026-07-09,r16,DR Congo,0.0,96,1.0,0.968,2026-07-09T11:46:51.715171+00:00
2026-07-09,r16,Ecuador,0.0,96,2.0,1.935,2026-07-09T11:46:51.715171+00:00
2026-07-09,r16,Egypt,100.0,96,99.9,96.674,2026-07-09T11:46:51.715171+00:00
2026-07-09,r16,England,100.0,96,99.9,96.674,2026-07-09T11:46:51.715171+00:00
2026-07-09,r16,France,100.0,96,99.9,96.674,2026-07-09T11:46:51.715171+00:00
2026-07-09,r16,Germany,0.0,96,0.1,0.097,2026-07-09T11:46:51.715171+00:00
2026-07-09,r16,Ghana,0.0,96,0.1,0.097,2026-07-09T11:46:51.715171+00:00
2026-07-09,r16,Haiti,0.0,96,0.5,0.484,2026-07-09T11:46:51.715171+00:00
2026-07-09,r16,Iran,0.0,96,0.1,0.097,2026-07-09T11:46:51.715171+00:00
2026-07-09,r16,Iraq,0.0,96,1.0,0.968,2026-07-09T11:46:51.715171+00:00
2026-07-09,r16,Ivory Coast,0.0,96,4.0,3.871,2026-07-09T11:46:51.715171+00:00
2026-07-09,r16,Japan,0.0,96,0.1,0.097,2026-07-09T11:46:51.715171+00:00
2026-07-09,r16,Jordan,0.0,96,3.2,3.097,2026-07-09T11:46:51.715171+00:00
2026-07-09,r16,Mexico,100.0,96,99.9,96.674,2026-07-09T11:46:51.715171+00:00
2026-07-09,r16,Morocco,100.0,96,99.9,96.674,2026-07-09T11:46:51.715171+00:00
2026-07-09,r16,Netherlands,0.0,96,0.1,0.097,2026-07-09T11:46:51.715171+00:00
2026-07-09,r16,New Zealand,0.0,96,1.3,1.258,2026-07-09T11:46:51.715171+00:00
2026-07-09,r16,Norway,100.0,96,99.9,96.674,2026-07-09T11:46:51.715171+00:00
2026-07-09,r16,Panama,0.0,96,0.1,0.097,2026-07-09T11:46:51.715171+00:00
2026-07-09,r16,Paraguay,100.0,96,99.9,96.674,2026-07-09T11:46:51.715171+00:00
2026-07-09,r16,Portugal,100.0,96,99.9,96.674,2026-07-09T11:46:51.715171+00:00
2026-07-09,r16,Qatar,0.0,96,2.3,2.226,2026-07-09T11:46:51.715171+00:00
2026-07-09,r16,Saudi Arabia,0.0,96,3.6,3.484,2026-07-09T11:46:51.715171+00:00
2026-07-09,r16,Scotland,0.0,96,1.6,1.548,2026-07-09T11:46:51.715171+00:00
2026-07-09,r16,Senegal,0.0,96,0.1,0.097,2026-07-09T11:46:51.715171+00:00
2026-07-09,r16,South Africa,0.0,96,0.1,0.097,2026-07-09T11:46:51.715171+00:00
2026-07-09,r16,South Korea,0.0,96,13.0,12.58,2026-07-09T11:46:51.715171+00:00
2026-07-09,r16,Spain,100.0,96,99.9,96.674,2026-07-09T11:46:51.715171+00:00
2026-07-09,r16,Sweden,0.0,96,1.0,0.968,2026-07-09T11:46:51.715171+00:00
2026-07-09,r16,Switzerland,100.0,96,99.9,96.674,2026-07-09T11:46:51.715171+00:00
2026-07-09,r16,Tunisia,0.0,96,3.0,2.903,2026-07-09T11:46:51.715171+00:00
2026-07-09,r16,Turkey,0.0,96,2.0,1.935,2026-07-09T11:46:51.715171+00:00
2026-07-09,r16,United States,100.0,96,99.9,96.674,2026-07-09T11:46:51.715171+00:00
2026-07-09,r16,Uruguay,0.0,96,0.1,0.097,2026-07-09T11:46:51.715171+00:00
2026-07-09,r16,Uzbekistan,0.0,96,1.5,1.452,2026-07-09T11:46:51.715171+00:00
2026-07-09,sf,Algeria,0.0,96,1.7,1.453,2026-07-09T11:46:51.715171+00:00
2026-07-09,sf,Argentina,70.057,96,74.0,63.234,2026-07-09T11:46:51.715171+00:00
2026-07-09,sf,Australia,0.0,96,2.8,2.393,2026-07-09T11:46:51.715171+00:00
2026-07-09,sf,Austria,0.0,96,2.4,2.051,2026-07-09T11:46:51.715171+00:00
2026-07-09,sf,Belgium,25.338,96,25.4,21.705,2026-07-09T11:46:51.715171+00:00
2026-07-09,sf,Bosnia and Herzegovina,0.0,96,1.0,0.855,2026-07-09T11:46:51.715171+00:00
2026-07-09,sf,Brazil,0.0,96,0.1,0.085,2026-07-09T11:46:51.715171+00:00
2026-07-09,sf,Canada,0.0,96,1.4,1.196,2026-07-09T11:46:51.715171+00:00
2026-07-09,sf,Cape Verde,0.0,96,1.1,0.94,2026-07-09T11:46:51.715171+00:00
2026-07-09,sf,Colombia,0.0,96,0.1,0.085,2026-07-09T11:46:51.715171+00:00
2026-07-09,sf,Croatia,0.0,96,1.3,1.111,2026-07-09T11:46:51.715171+00:00
2026-07-09,sf,Curacao,0.0,96,0.1,0.085,2026-07-09T11:46:51.715171+00:00
2026-07-09,sf,Czechia,0.0,96,2.1,1.794,2026-07-09T11:46:51.715171+00:00
2026-07-09,sf,DR Congo,0.0,96,1.2,1.025,2026-07-09T11:46:51.715171+00:00
2026-07-09,sf,Ecuador,0.0,96,0.1,0.085,2026-07-09T11:46:51.715171+00:00
2026-07-09,sf,Egypt,0.0,96,0.2,0.171,2026-07-09T11:46:51.715171+00:00
2026-07-09,sf,England,68.926,96,65.0,55.544,2026-07-09T11:46:51.715171+00:00
2026-07-09,sf,France,74.827,96,78.0,66.652,2026-07-09T11:46:51.715171+00:00
2026-07-09,sf,Germany,0.0,96,18.0,15.381,2026-07-09T11:46:51.715171+00:00
2026-07-09,sf,Ghana,0.0,96,1.8,1.538,2026-07-09T11:46:51.715171+00:00
2026-07-09,sf,Haiti,0.0,96,0.5,0.427,2026-07-09T11:46:51.715171+00:00
2026-07-09,sf,Iran,0.0,96,0.7,0.598,2026-07-09T11:46:51.715171+00:00
2026-07-09,sf,Iraq,0.0,96,0.1,0.085,2026-07-09T11:46:51.715171+00:00
2026-07-09,sf,Ivory Coast,0.0,96,0.8,0.684,2026-07-09T11:46:51.715171+00:00
2026-07-09,sf,Japan,0.0,96,3.0,2.564,2026-07-09T11:46:51.715171+00:00
2026-07-09,sf,Jordan,0.0,96,1.1,0.94,2026-07-09T11:46:51.715171+00:00
2026-07-09,sf,Mexico,0.0,96,0.1,0.085,2026-07-09T11:46:51.715171+00:00
2026-07-09,sf,Morocco,25.173,96,22.2,18.97,2026-07-09T11:46:51.715171+00:00
2026-07-09,sf,Netherlands,0.0,96,0.2,0.171,2026-07-09T11:46:51.715171+00:00
2026-07-09,sf,New Zealand,0.0,96,3.3,2.82,2026-07-09T11:46:51.715171+00:00
2026-07-09,sf,Norway,31.074,96,35.0,29.908,2026-07-09T11:46:51.715171+00:00
2026-07-09,sf,Panama,0.0,96,3.0,2.564,2026-07-09T11:46:51.715171+00:00
2026-07-09,sf,Paraguay,0.0,96,0.1,0.085,2026-07-09T11:46:51.715171+00:00
2026-07-09,sf,Portugal,0.0,96,5.9,5.042,2026-07-09T11:46:51.715171+00:00
2026-07-09,sf,Qatar,0.0,96,0.9,0.769,2026-07-09T11:46:51.715171+00:00
2026-07-09,sf,Saudi Arabia,0.0,96,1.9,1.624,2026-07-09T11:46:51.715171+00:00
2026-07-09,sf,Scotland,0.0,96,1.7,1.453,2026-07-09T11:46:51.715171+00:00
2026-07-09,sf,Senegal,0.0,96,0.1,0.085,2026-07-09T11:46:51.715171+00:00
2026-07-09,sf,South Africa,0.0,96,1.1,0.94,2026-07-09T11:46:51.715171+00:00
2026-07-09,sf,South Korea,0.0,96,1.9,1.624,2026-07-09T11:46:51.715171+00:00
2026-07-09,sf,Spain,74.662,96,75.0,64.089,2026-07-09T11:46:51.715171+00:00
2026-07-09,sf,Sweden,0.0,96,0.1,0.085,2026-07-09T11:46:51.715171+00:00
2026-07-09,sf,Switzerland,29.943,96,25.8,22.047,2026-07-09T11:46:51.715171+00:00
2026-07-09,sf,Tunisia,0.0,96,1.0,0.855,2026-07-09T11:46:51.715171+00:00
2026-07-09,sf,Turkey,0.0,96,3.8,3.247,2026-07-09T11:46:51.715171+00:00
2026-07-09,sf,United States,0.0,96,0.1,0.085,2026-07-09T11:46:51.715171+00:00
2026-07-09,sf,Uruguay,0.0,96,0.3,0.256,2026-07-09T11:46:51.715171+00:00
2026-07-09,sf,Uzbekistan,0.0,96,0.6,0.513,2026-07-09T11:46:51.715171+00:00
2026-07-10,final,Algeria,0.0,97,1.1,0.923,2026-07-10T11:39:13.660361+00:00
2026-07-10,final,Argentina,38.73,97,40.0,33.557,2026-07-10T11:39:13.660361+00:00
2026-07-10,final,Australia,0.0,97,0.5,0.419,2026-07-10T11:39:13.660361+00:00
2026-07-10,final,Austria,0.0,97,0.4,0.336,2026-07-10T11:39:13.660361+00:00
2026-07-10,final,Belgium,7.067,97,5.2,4.362,2026-07-10T11:39:13.660361+00:00
2026-07-10,final,Bosnia and Herzegovina,0.0,97,1.4,1.174,2026-07-10T11:39:13.660361+00:00
2026-07-10,final,Brazil,0.0,97,0.2,0.168,2026-07-10T11:39:13.660361+00:00
2026-07-10,final,Canada,0.0,97,1.7,1.426,2026-07-10T11:39:13.660361+00:00
2026-07-10,final,Cape Verde,0.0,97,2.0,1.678,2026-07-10T11:39:13.660361+00:00
2026-07-10,final,Colombia,0.0,97,0.1,0.084,2026-07-10T11:39:13.660361+00:00
2026-07-10,final,Croatia,0.0,97,2.7,2.265,2026-07-10T11:39:13.660361+00:00
2026-07-10,final,Curacao,0.0,97,1.8,1.51,2026-07-10T11:39:13.660361+00:00
2026-07-10,final,Czechia,0.0,97,1.0,0.839,2026-07-10T11:39:13.660361+00:00
2026-07-10,final,DR Congo,0.0,97,0.9,0.755,2026-07-10T11:39:13.660361+00:00
2026-07-10,final,Ecuador,0.0,97,1.8,1.51,2026-07-10T11:39:13.660361+00:00
2026-07-10,final,Egypt,0.0,97,0.8,0.671,2026-07-10T11:39:13.660361+00:00
2026-07-10,final,England,39.019,97,37.0,31.04,2026-07-10T11:39:13.660361+00:00
2026-07-10,final,France,53.473,97,66.0,55.369,2026-07-10T11:39:13.660361+00:00
2026-07-10,final,Germany,0.0,97,0.1,0.084,2026-07-10T11:39:13.660361+00:00
2026-07-10,final,Ghana,0.0,97,1.5,1.258,2026-07-10T11:39:13.660361+00:00
2026-07-10,final,Haiti,0.0,97,0.5,0.419,2026-07-10T11:39:13.660361+00:00
2026-07-10,final,Iran,0.0,97,0.8,0.671,2026-07-10T11:39:13.660361+00:00
2026-07-10,final,Iraq,0.0,97,0.2,0.168,2026-07-10T11:39:13.660361+00:00
2026-07-10,final,Ivory Coast,0.0,97,0.1,0.084,2026-07-10T11:39:13.660361+00:00
2026-07-10,final,Japan,0.0,97,3.2,2.685,2026-07-10T11:39:13.660361+00:00
2026-07-10,final,Jordan,0.0,97,0.6,0.503,2026-07-10T11:39:13.660361+00:00
2026-07-10,final,Mexico,0.0,97,3.6,3.02,2026-07-10T11:39:13.660361+00:00
2026-07-10,final,Morocco,0.0,97,0.2,0.168,2026-07-10T11:39:13.660361+00:00
2026-07-10,final,Netherlands,0.0,97,0.1,0.084,2026-07-10T11:39:13.660361+00:00
2026-07-10,final,New Zealand,0.0,97,0.2,0.168,2026-07-10T11:39:13.660361+00:00
2026-07-10,final,Norway,11.764,97,16.1,13.507,2026-07-10T11:39:13.660361+00:00
2026-07-10,final,Panama,0.0,97,0.1,0.084,2026-07-10T11:39:13.660361+00:00
2026-07-10,final,Paraguay,0.0,97,0.1,0.084,2026-07-10T11:39:13.660361+00:00
2026-07-10,final,Portugal,0.0,97,1.0,0.839,2026-07-10T11:39:13.660361+00:00
2026-07-10,final,Qatar,0.0,97,0.2,0.168,2026-07-10T11:39:13.660361+00:00
2026-07-10,final,Saudi Arabia,0.0,97,1.0,0.839,2026-07-10T11:39:13.660361+00:00
2026-07-10,final,Scotland,0.0,97,0.2,0.168,2026-07-10T11:39:13.660361+00:00
2026-07-10,final,Senegal,0.0,97,0.1,0.084,2026-07-10T11:39:13.660361+00:00
2026-07-10,final,South Africa,0.0,97,0.8,0.671,2026-07-10T11:39:13.660361+00:00
2026-07-10,final,South Korea,0.0,97,0.6,0.503,2026-07-10T11:39:13.660361+00:00
2026-07-10,final,Spain,39.46,97,30.0,25.168,2026-07-10T11:39:13.660361+00:00
2026-07-10,final,Sweden,0.0,97,0.7,0.587,2026-07-10T11:39:13.660361+00:00
2026-07-10,final,Switzerland,10.486,97,7.2,6.04,2026-07-10T11:39:13.660361+00:00
2026-07-10,final,Tunisia,0.0,97,1.6,1.342,2026-07-10T11:39:13.660361+00:00
2026-07-10,final,Turkey,0.0,97,0.1,0.084,2026-07-10T11:39:13.660361+00:00
2026-07-10,final,United States,0.0,97,0.1,0.084,2026-07-10T11:39:13.660361+00:00
2026-07-10,final,Uruguay,0.0,97,2.6,2.181,2026-07-10T11:39:13.660361+00:00
2026-07-10,final,Uzbekistan,0.0,97,0.2,0.168,2026-07-10T11:39:13.660361+00:00
2026-07-10,qf,Algeria,0.0,97,0.1,0.09,2026-07-10T11:39:13.660361+00:00
2026-07-10,qf,Argentina,100.0,97,99.9,89.426,2026-07-10T11:39:13.660361+00:00
2026-07-10,qf,Australia,0.0,97,6.6,5.908,2026-07-10T11:39:13.660361+00:00
2026-07-10,qf,Austria,0.0,97,4.6,4.118,2026-07-10T11:39:13.660361+00:00
2026-07-10,qf,Belgium,100.0,97,99.9,89.426,2026-07-10T11:39:13.660361+00:00
2026-07-10,qf,Bosnia and Herzegovina,0.0,97,4.7,4.207,2026-07-10T11:39:13.660361+00:00
2026-07-10,qf,Brazil,0.0,97,0.1,0.09,2026-07-10T11:39:13.660361+00:00
2026-07-10,qf,Canada,0.0,97,0.1,0.09,2026-07-10T11:39:13.660361+00:00
2026-07-10,qf,Cape Verde,0.0,97,0.2,0.179,2026-07-10T11:39:13.660361+00:00
2026-07-10,qf,Colombia,0.0,97,0.1,0.09,2026-07-10T11:39:13.660361+00:00
2026-07-10,qf,Croatia,0.0,97,0.1,0.09,2026-07-10T11:39:13.660361+00:00
2026-07-10,qf,Curacao,0.0,97,0.9,0.806,2026-07-10T11:39:13.660361+00:00
2026-07-10,qf,Czechia,0.0,97,0.1,0.09,2026-07-10T11:39:13.660361+00:00
2026-07-10,qf,DR Congo,0.0,97,0.1,0.09,2026-07-10T11:39:13.660361+00:00
2026-07-10,qf,Ecuador,0.0,97,0.1,0.09,2026-07-10T11:39:13.660361+00:00
2026-07-10,qf,Egypt,0.0,97,0.1,0.09,2026-07-10T11:39:13.660361+00:00
2026-07-10,qf,England,100.0,97,99.9,89.426,2026-07-10T11:39:13.660361+00:00
2026-07-10,qf,France,100.0,97,99.9,89.426,2026-07-10T11:39:13.660361+00:00
2026-07-10,qf,Germany,0.0,97,32.0,28.645,2026-07-10T11:39:13.660361+00:00
2026-07-10,qf,Ghana,0.0,97,0.1,0.09,2026-07-10T11:39:13.660361+00:00
2026-07-10,qf,Haiti,0.0,97,3.6,3.223,2026-07-10T11:39:13.660361+00:00
2026-07-10,qf,Iran,0.0,97,0.4,0.358,2026-07-10T11:39:13.660361+00:00
2026-07-10,qf,Iraq,0.0,97,0.5,0.448,2026-07-10T11:39:13.660361+00:00
2026-07-10,qf,Ivory Coast,0.0,97,1.0,0.895,2026-07-10T11:39:13.660361+00:00
2026-07-10,qf,Japan,0.0,97,0.1,0.09,2026-07-10T11:39:13.660361+00:00
2026-07-10,qf,Jordan,0.0,97,,,2026-07-10T11:39:13.660361+00:00
2026-07-10,qf,Mexico,0.0,97,0.1,0.09,2026-07-10T11:39:13.660361+00:00
2026-07-10,qf,Morocco,100.0,97,99.9,89.426,2026-07-10T11:39:13.660361+00:00
2026-07-10,qf,Netherlands,0.0,97,1.0,0.895,2026-07-10T11:39:13.660361+00:00
2026-07-10,qf,New Zealand,0.0,97,0.1,0.09,2026-07-10T11:39:13.660361+00:00
2026-07-10,qf,Norway,100.0,97,99.9,89.426,2026-07-10T11:39:13.660361+00:00
2026-07-10,qf,Panama,0.0,97,3.9,3.491,2026-07-10T11:39:13.660361+00:00
2026-07-10,qf,Paraguay,0.0,97,0.1,0.09,2026-07-10T11:39:13.660361+00:00
2026-07-10,qf,Portugal,0.0,97,2.7,2.417,2026-07-10T11:39:13.660361+00:00
2026-07-10,qf,Qatar,0.0,97,5.0,4.476,2026-07-10T11:39:13.660361+00:00
2026-07-10,qf,Saudi Arabia,0.0,97,1.5,1.343,2026-07-10T11:39:13.660361+00:00
2026-07-10,qf,Scotland,0.0,97,3.5,3.133,2026-07-10T11:39:13.660361+00:00
2026-07-10,qf,Senegal,0.0,97,1.0,0.895,2026-07-10T11:39:13.660361+00:00
2026-07-10,qf,South Africa,0.0,97,2.9,2.596,2026-07-10T11:39:13.660361+00:00
2026-07-10,qf,South Korea,0.0,97,4.8,4.297,2026-07-10T11:39:13.660361+00:00
2026-07-10,qf,Spain,100.0,97,99.9,89.426,2026-07-10T11:39:13.660361+00:00
2026-07-10,qf,Sweden,0.0,97,0.1,0.09,2026-07-10T11:39:13.660361+00:00
2026-07-10,qf,Switzerland,100.0,97,99.9,89.426,2026-07-10T11:39:13.660361+00:00
2026-07-10,qf,Tunisia,0.0,97,2.5,2.238,2026-07-10T11:39:13.660361+00:00
2026-07-10,qf,Turkey,0.0,97,0.1,0.09,2026-07-10T11:39:13.660361+00:00
2026-07-10,qf,United States,0.0,97,0.1,0.09,2026-07-10T11:39:13.660361+00:00
2026-07-10,qf,Uruguay,0.0,97,9.0,8.056,2026-07-10T11:39:13.660361+00:00
2026-07-10,qf,Uzbekistan,0.0,97,0.5,0.448,2026-07-10T11:39:13.660361+00:00
2026-07-10,r16,Algeria,0.0,97,3.0,2.903,2026-07-10T11:39:13.660361+00:00
2026-07-10,r16,Argentina,100.0,97,99.9,96.674,2026-07-10T11:39:13.660361+00:00
2026-07-10,r16,Australia,0.0,97,0.1,0.097,2026-07-10T11:39:13.660361+00:00
2026-07-10,r16,Austria,0.0,97,0.4,0.387,2026-07-10T11:39:13.660361+00:00
2026-07-10,r16,Belgium,100.0,97,99.9,96.674,2026-07-10T11:39:13.660361+00:00
2026-07-10,r16,Bosnia and Herzegovina,0.0,97,3.9,3.774,2026-07-10T11:39:13.660361+00:00
2026-07-10,r16,Brazil,100.0,97,99.9,96.674,2026-07-10T11:39:13.660361+00:00
2026-07-10,r16,Canada,100.0,97,99.9,96.674,2026-07-10T11:39:13.660361+00:00
2026-07-10,r16,Cape Verde,0.0,97,0.1,0.097,2026-07-10T11:39:13.660361+00:00
2026-07-10,r16,Colombia,100.0,97,99.9,96.674,2026-07-10T11:39:13.660361+00:00
2026-07-10,r16,Croatia,0.0,97,1.0,0.968,2026-07-10T11:39:13.660361+00:00
2026-07-10,r16,Curacao,0.0,97,0.6,0.581,2026-07-10T11:39:13.660361+00:00
2026-07-10,r16,Czechia,0.0,97,4.0,3.871,2026-07-10T11:39:13.660361+00:00
2026-07-10,r16,DR Congo,0.0,97,1.0,0.968,2026-07-10T11:39:13.660361+00:00
2026-07-10,r16,Ecuador,0.0,97,2.0,1.935,2026-07-10T11:39:13.660361+00:00
2026-07-10,r16,Egypt,100.0,97,99.9,96.674,2026-07-10T11:39:13.660361+00:00
2026-07-10,r16,England,100.0,97,99.9,96.674,2026-07-10T11:39:13.660361+00:00
2026-07-10,r16,France,100.0,97,99.9,96.674,2026-07-10T11:39:13.660361+00:00
2026-07-10,r16,Germany,0.0,97,0.1,0.097,2026-07-10T11:39:13.660361+00:00
2026-07-10,r16,Ghana,0.0,97,0.1,0.097,2026-07-10T11:39:13.660361+00:00
2026-07-10,r16,Haiti,0.0,97,0.5,0.484,2026-07-10T11:39:13.660361+00:00
2026-07-10,r16,Iran,0.0,97,0.1,0.097,2026-07-10T11:39:13.660361+00:00
2026-07-10,r16,Iraq,0.0,97,1.0,0.968,2026-07-10T11:39:13.660361+00:00
2026-07-10,r16,Ivory Coast,0.0,97,4.0,3.871,2026-07-10T11:39:13.660361+00:00
2026-07-10,r16,Japan,0.0,97,0.1,0.097,2026-07-10T11:39:13.660361+00:00
2026-07-10,r16,Jordan,0.0,97,3.2,3.097,2026-07-10T11:39:13.660361+00:00
2026-07-10,r16,Mexico,100.0,97,99.9,96.674,2026-07-10T11:39:13.660361+00:00
2026-07-10,r16,Morocco,100.0,97,99.9,96.674,2026-07-10T11:39:13.660361+00:00
2026-07-10,r16,Netherlands,0.0,97,0.1,0.097,2026-07-10T11:39:13.660361+00:00
2026-07-10,r16,New Zealand,0.0,97,1.3,1.258,2026-07-10T11:39:13.660361+00:00
2026-07-10,r16,Norway,100.0,97,99.9,96.674,2026-07-10T11:39:13.660361+00:00
2026-07-10,r16,Panama,0.0,97,0.1,0.097,2026-07-10T11:39:13.660361+00:00
2026-07-10,r16,Paraguay,100.0,97,99.9,96.674,2026-07-10T11:39:13.660361+00:00
2026-07-10,r16,Portugal,100.0,97,99.9,96.674,2026-07-10T11:39:13.660361+00:00
2026-07-10,r16,Qatar,0.0,97,2.3,2.226,2026-07-10T11:39:13.660361+00:00
2026-07-10,r16,Saudi Arabia,0.0,97,3.6,3.484,2026-07-10T11:39:13.660361+00:00
2026-07-10,r16,Scotland,0.0,97,1.6,1.548,2026-07-10T11:39:13.660361+00:00
2026-07-10,r16,Senegal,0.0,97,0.1,0.097,2026-07-10T11:39:13.660361+00:00
2026-07-10,r16,South Africa,0.0,97,0.1,0.097,2026-07-10T11:39:13.660361+00:00
2026-07-10,r16,South Korea,0.0,97,13.0,12.58,2026-07-10T11:39:13.660361+00:00
2026-07-10,r16,Spain,100.0,97,99.9,96.674,2026-07-10T11:39:13.660361+00:00
2026-07-10,r16,Sweden,0.0,97,1.0,0.968,2026-07-10T11:39:13.660361+00:00
2026-07-10,r16,Switzerland,100.0,97,99.9,96.674,2026-07-10T11:39:13.660361+00:00
2026-07-10,r16,Tunisia,0.0,97,3.0,2.903,2026-07-10T11:39:13.660361+00:00
2026-07-10,r16,Turkey,0.0,97,2.0,1.935,2026-07-10T11:39:13.660361+00:00
2026-07-10,r16,United States,100.0,97,99.9,96.674,2026-07-10T11:39:13.660361+00:00
2026-07-10,r16,Uruguay,0.0,97,0.1,0.097,2026-07-10T11:39:13.660361+00:00
2026-07-10,r16,Uzbekistan,0.0,97,1.5,1.452,2026-07-10T11:39:13.660361+00:00
2026-07-10,sf,Algeria,0.0,97,1.7,1.451,2026-07-10T11:39:13.660361+00:00
2026-07-10,sf,Argentina,70.118,97,73.0,62.327,2026-07-10T11:39:13.660361+00:00
2026-07-10,sf,Australia,0.0,97,2.8,2.391,2026-07-10T11:39:13.660361+00:00
2026-07-10,sf,Austria,0.0,97,2.4,2.049,2026-07-10T11:39:13.660361+00:00
2026-07-10,sf,Belgium,25.383,97,25.7,21.942,2026-07-10T11:39:13.660361+00:00
2026-07-10,sf,Bosnia and Herzegovina,0.0,97,1.0,0.854,2026-07-10T11:39:13.660361+00:00
2026-07-10,sf,Brazil,0.0,97,0.1,0.085,2026-07-10T11:39:13.660361+00:00
2026-07-10,sf,Canada,0.0,97,1.4,1.195,2026-07-10T11:39:13.660361+00:00
2026-07-10,sf,Cape Verde,0.0,97,1.1,0.939,2026-07-10T11:39:13.660361+00:00
2026-07-10,sf,Colombia,0.0,97,0.1,0.085,2026-07-10T11:39:13.660361+00:00
2026-07-10,sf,Croatia,0.0,97,1.3,1.11,2026-07-10T11:39:13.660361+00:00
2026-07-10,sf,Curacao,0.0,97,0.1,0.085,2026-07-10T11:39:13.660361+00:00
2026-07-10,sf,Czechia,0.0,97,2.1,1.793,2026-07-10T11:39:13.660361+00:00
2026-07-10,sf,DR Congo,0.0,97,1.2,1.025,2026-07-10T11:39:13.660361+00:00
2026-07-10,sf,Ecuador,0.0,97,0.1,0.085,2026-07-10T11:39:13.660361+00:00
2026-07-10,sf,Egypt,0.0,97,0.2,0.171,2026-07-10T11:39:13.660361+00:00
2026-07-10,sf,England,68.886,97,66.0,56.35,2026-07-10T11:39:13.660361+00:00
2026-07-10,sf,France,100.0,97,99.9,85.293,2026-07-10T11:39:13.660361+00:00
2026-07-10,sf,Germany,0.0,97,18.0,15.368,2026-07-10T11:39:13.660361+00:00
2026-07-10,sf,Ghana,0.0,97,1.8,1.537,2026-07-10T11:39:13.660361+00:00
2026-07-10,sf,Haiti,0.0,97,0.5,0.427,2026-07-10T11:39:13.660361+00:00
2026-07-10,sf,Iran,0.0,97,0.7,0.598,2026-07-10T11:39:13.660361+00:00
2026-07-10,sf,Iraq,0.0,97,0.1,0.085,2026-07-10T11:39:13.660361+00:00
2026-07-10,sf,Ivory Coast,0.0,97,0.8,0.683,2026-07-10T11:39:13.660361+00:00
2026-07-10,sf,Japan,0.0,97,3.0,2.561,2026-07-10T11:39:13.660361+00:00
2026-07-10,sf,Jordan,0.0,97,1.1,0.939,2026-07-10T11:39:13.660361+00:00
2026-07-10,sf,Mexico,0.0,97,0.1,0.085,2026-07-10T11:39:13.660361+00:00
2026-07-10,sf,Morocco,0.0,97,0.1,0.085,2026-07-10T11:39:13.660361+00:00
2026-07-10,sf,Netherlands,0.0,97,0.2,0.171,2026-07-10T11:39:13.660361+00:00
2026-07-10,sf,New Zealand,0.0,97,3.3,2.818,2026-07-10T11:39:13.660361+00:00
2026-07-10,sf,Norway,31.114,97,35.0,29.883,2026-07-10T11:39:13.660361+00:00
2026-07-10,sf,Panama,0.0,97,3.0,2.561,2026-07-10T11:39:13.660361+00:00
2026-07-10,sf,Paraguay,0.0,97,0.1,0.085,2026-07-10T11:39:13.660361+00:00
2026-07-10,sf,Portugal,0.0,97,5.9,5.037,2026-07-10T11:39:13.660361+00:00
2026-07-10,sf,Qatar,0.0,97,0.9,0.768,2026-07-10T11:39:13.660361+00:00
2026-07-10,sf,Saudi Arabia,0.0,97,1.9,1.622,2026-07-10T11:39:13.660361+00:00
2026-07-10,sf,Scotland,0.0,97,1.7,1.451,2026-07-10T11:39:13.660361+00:00
2026-07-10,sf,Senegal,0.0,97,0.1,0.085,2026-07-10T11:39:13.660361+00:00
2026-07-10,sf,South Africa,0.0,97,1.1,0.939,2026-07-10T11:39:13.660361+00:00
2026-07-10,sf,South Korea,0.0,97,1.9,1.622,2026-07-10T11:39:13.660361+00:00
2026-07-10,sf,Spain,74.617,97,75.0,64.034,2026-07-10T11:39:13.660361+00:00
2026-07-10,sf,Sweden,0.0,97,0.1,0.085,2026-07-10T11:39:13.660361+00:00
2026-07-10,sf,Switzerland,29.881,97,26.1,22.284,2026-07-10T11:39:13.660361+00:00
2026-07-10,sf,Tunisia,0.0,97,1.0,0.854,2026-07-10T11:39:13.660361+00:00
2026-07-10,sf,Turkey,0.0,97,3.8,3.244,2026-07-10T11:39:13.660361+00:00
2026-07-10,sf,United States,0.0,97,0.1,0.085,2026-07-10T11:39:13.660361+00:00
2026-07-10,sf,Uruguay,0.0,97,0.3,0.256,2026-07-10T11:39:13.660361+00:00
2026-07-10,sf,Uzbekistan,0.0,97,0.6,0.512,2026-07-10T11:39:13.660361+00:00
2026-07-11,final,Algeria,0.0,98,1.1,0.911,2026-07-11T10:11:25.779769+00:00
2026-07-11,final,Argentina,38.762,98,41.4,34.286,2026-07-11T10:11:25.779769+00:00
2026-07-11,final,Australia,0.0,98,0.5,0.414,2026-07-11T10:11:25.779769+00:00
2026-07-11,final,Austria,0.0,98,0.4,0.331,2026-07-11T10:11:25.779769+00:00
2026-07-11,final,Belgium,0.0,98,0.1,0.083,2026-07-11T10:11:25.779769+00:00
2026-07-11,final,Bosnia and Herzegovina,0.0,98,1.4,1.159,2026-07-11T10:11:25.779769+00:00
2026-07-11,final,Brazil,0.0,98,0.2,0.166,2026-07-11T10:11:25.779769+00:00
2026-07-11,final,Canada,0.0,98,1.7,1.408,2026-07-11T10:11:25.779769+00:00
2026-07-11,final,Cape Verde,0.0,98,2.0,1.656,2026-07-11T10:11:25.779769+00:00
2026-07-11,final,Colombia,0.0,98,0.1,0.083,2026-07-11T10:11:25.779769+00:00
2026-07-11,final,Croatia,0.0,98,2.7,2.236,2026-07-11T10:11:25.779769+00:00
2026-07-11,final,Curacao,0.0,98,1.8,1.491,2026-07-11T10:11:25.779769+00:00
2026-07-11,final,Czechia,0.0,98,1.0,0.828,2026-07-11T10:11:25.779769+00:00
2026-07-11,final,DR Congo,0.0,98,0.9,0.745,2026-07-11T10:11:25.779769+00:00
2026-07-11,final,Ecuador,0.0,98,1.8,1.491,2026-07-11T10:11:25.779769+00:00
2026-07-11,final,Egypt,0.0,98,0.8,0.663,2026-07-11T10:11:25.779769+00:00
2026-07-11,final,England,38.994,98,38.0,31.47,2026-07-11T10:11:25.779769+00:00
2026-07-11,final,France,46.998,98,60.0,49.689,2026-07-11T10:11:25.779769+00:00
2026-07-11,final,Germany,0.0,98,0.1,0.083,2026-07-11T10:11:25.779769+00:00
2026-07-11,final,Ghana,0.0,98,1.5,1.242,2026-07-11T10:11:25.779769+00:00
2026-07-11,final,Haiti,0.0,98,0.5,0.414,2026-07-11T10:11:25.779769+00:00
2026-07-11,final,Iran,0.0,98,0.8,0.663,2026-07-11T10:11:25.779769+00:00
2026-07-11,final,Iraq,0.0,98,0.2,0.166,2026-07-11T10:11:25.779769+00:00
2026-07-11,final,Ivory Coast,0.0,98,0.1,0.083,2026-07-11T10:11:25.779769+00:00
2026-07-11,final,Japan,0.0,98,3.2,2.65,2026-07-11T10:11:25.779769+00:00
2026-07-11,final,Jordan,0.0,98,0.6,0.497,2026-07-11T10:11:25.779769+00:00
2026-07-11,final,Mexico,0.0,98,3.6,2.981,2026-07-11T10:11:25.779769+00:00
2026-07-11,final,Morocco,0.0,98,0.2,0.166,2026-07-11T10:11:25.779769+00:00
2026-07-11,final,Netherlands,0.0,98,0.1,0.083,2026-07-11T10:11:25.779769+00:00
2026-07-11,final,New Zealand,0.0,98,0.2,0.166,2026-07-11T10:11:25.779769+00:00
2026-07-11,final,Norway,11.761,98,16.0,13.251,2026-07-11T10:11:25.779769+00:00
2026-07-11,final,Panama,0.0,98,0.1,0.083,2026-07-11T10:11:25.779769+00:00
2026-07-11,final,Paraguay,0.0,98,0.1,0.083,2026-07-11T10:11:25.779769+00:00
2026-07-11,final,Portugal,0.0,98,1.0,0.828,2026-07-11T10:11:25.779769+00:00
2026-07-11,final,Qatar,0.0,98,0.2,0.166,2026-07-11T10:11:25.779769+00:00
2026-07-11,final,Saudi Arabia,0.0,98,1.0,0.828,2026-07-11T10:11:25.779769+00:00
2026-07-11,final,Scotland,0.0,98,0.2,0.166,2026-07-11T10:11:25.779769+00:00
2026-07-11,final,Senegal,0.0,98,0.1,0.083,2026-07-11T10:11:25.779769+00:00
2026-07-11,final,South Africa,0.0,98,0.8,0.663,2026-07-11T10:11:25.779769+00:00
2026-07-11,final,South Korea,0.0,98,0.6,0.497,2026-07-11T10:11:25.779769+00:00
2026-07-11,final,Spain,53.002,98,42.0,34.783,2026-07-11T10:11:25.779769+00:00
2026-07-11,final,Sweden,0.0,98,0.7,0.58,2026-07-11T10:11:25.779769+00:00
2026-07-11,final,Switzerland,10.484,98,7.1,5.88,2026-07-11T10:11:25.779769+00:00
2026-07-11,final,Tunisia,0.0,98,1.6,1.325,2026-07-11T10:11:25.779769+00:00
2026-07-11,final,Turkey,0.0,98,0.1,0.083,2026-07-11T10:11:25.779769+00:00
2026-07-11,final,United States,0.0,98,0.1,0.083,2026-07-11T10:11:25.779769+00:00
2026-07-11,final,Uruguay,0.0,98,2.6,2.153,2026-07-11T10:11:25.779769+00:00
2026-07-11,final,Uzbekistan,0.0,98,0.2,0.166,2026-07-11T10:11:25.779769+00:00
2026-07-11,qf,Algeria,0.0,98,0.1,0.09,2026-07-11T10:11:25.779769+00:00
2026-07-11,qf,Argentina,100.0,98,99.9,89.426,2026-07-11T10:11:25.779769+00:00
2026-07-11,qf,Australia,0.0,98,6.6,5.908,2026-07-11T10:11:25.779769+00:00
2026-07-11,qf,Austria,0.0,98,4.6,4.118,2026-07-11T10:11:25.779769+00:00
2026-07-11,qf,Belgium,100.0,98,99.9,89.426,2026-07-11T10:11:25.779769+00:00
2026-07-11,qf,Bosnia and Herzegovina,0.0,98,4.7,4.207,2026-07-11T10:11:25.779769+00:00
2026-07-11,qf,Brazil,0.0,98,0.1,0.09,2026-07-11T10:11:25.779769+00:00
2026-07-11,qf,Canada,0.0,98,0.1,0.09,2026-07-11T10:11:25.779769+00:00
2026-07-11,qf,Cape Verde,0.0,98,0.2,0.179,2026-07-11T10:11:25.779769+00:00
2026-07-11,qf,Colombia,0.0,98,0.1,0.09,2026-07-11T10:11:25.779769+00:00
2026-07-11,qf,Croatia,0.0,98,0.1,0.09,2026-07-11T10:11:25.779769+00:00
2026-07-11,qf,Curacao,0.0,98,0.9,0.806,2026-07-11T10:11:25.779769+00:00
2026-07-11,qf,Czechia,0.0,98,0.1,0.09,2026-07-11T10:11:25.779769+00:00
2026-07-11,qf,DR Congo,0.0,98,0.1,0.09,2026-07-11T10:11:25.779769+00:00
2026-07-11,qf,Ecuador,0.0,98,0.1,0.09,2026-07-11T10:11:25.779769+00:00
2026-07-11,qf,Egypt,0.0,98,0.1,0.09,2026-07-11T10:11:25.779769+00:00
2026-07-11,qf,England,100.0,98,99.9,89.426,2026-07-11T10:11:25.779769+00:00
2026-07-11,qf,France,100.0,98,99.9,89.426,2026-07-11T10:11:25.779769+00:00
2026-07-11,qf,Germany,0.0,98,32.0,28.645,2026-07-11T10:11:25.779769+00:00
2026-07-11,qf,Ghana,0.0,98,0.1,0.09,2026-07-11T10:11:25.779769+00:00
2026-07-11,qf,Haiti,0.0,98,3.6,3.223,2026-07-11T10:11:25.779769+00:00
2026-07-11,qf,Iran,0.0,98,0.4,0.358,2026-07-11T10:11:25.779769+00:00
2026-07-11,qf,Iraq,0.0,98,0.5,0.448,2026-07-11T10:11:25.779769+00:00
2026-07-11,qf,Ivory Coast,0.0,98,1.0,0.895,2026-07-11T10:11:25.779769+00:00
2026-07-11,qf,Japan,0.0,98,0.1,0.09,2026-07-11T10:11:25.779769+00:00
2026-07-11,qf,Jordan,0.0,98,,,2026-07-11T10:11:25.779769+00:00
2026-07-11,qf,Mexico,0.0,98,0.1,0.09,2026-07-11T10:11:25.779769+00:00
2026-07-11,qf,Morocco,100.0,98,99.9,89.426,2026-07-11T10:11:25.779769+00:00
2026-07-11,qf,Netherlands,0.0,98,1.0,0.895,2026-07-11T10:11:25.779769+00:00
2026-07-11,qf,New Zealand,0.0,98,0.1,0.09,2026-07-11T10:11:25.779769+00:00
2026-07-11,qf,Norway,100.0,98,99.9,89.426,2026-07-11T10:11:25.779769+00:00
2026-07-11,qf,Panama,0.0,98,3.9,3.491,2026-07-11T10:11:25.779769+00:00
2026-07-11,qf,Paraguay,0.0,98,0.1,0.09,2026-07-11T10:11:25.779769+00:00
2026-07-11,qf,Portugal,0.0,98,2.7,2.417,2026-07-11T10:11:25.779769+00:00
2026-07-11,qf,Qatar,0.0,98,5.0,4.476,2026-07-11T10:11:25.779769+00:00
2026-07-11,qf,Saudi Arabia,0.0,98,1.5,1.343,2026-07-11T10:11:25.779769+00:00
2026-07-11,qf,Scotland,0.0,98,3.5,3.133,2026-07-11T10:11:25.779769+00:00
2026-07-11,qf,Senegal,0.0,98,1.0,0.895,2026-07-11T10:11:25.779769+00:00
2026-07-11,qf,South Africa,0.0,98,2.9,2.596,2026-07-11T10:11:25.779769+00:00
2026-07-11,qf,South Korea,0.0,98,4.8,4.297,2026-07-11T10:11:25.779769+00:00
2026-07-11,qf,Spain,100.0,98,99.9,89.426,2026-07-11T10:11:25.779769+00:00
2026-07-11,qf,Sweden,0.0,98,0.1,0.09,2026-07-11T10:11:25.779769+00:00
2026-07-11,qf,Switzerland,100.0,98,99.9,89.426,2026-07-11T10:11:25.779769+00:00
2026-07-11,qf,Tunisia,0.0,98,2.5,2.238,2026-07-11T10:11:25.779769+00:00
2026-07-11,qf,Turkey,0.0,98,0.1,0.09,2026-07-11T10:11:25.779769+00:00
2026-07-11,qf,United States,0.0,98,0.1,0.09,2026-07-11T10:11:25.779769+00:00
2026-07-11,qf,Uruguay,0.0,98,9.0,8.056,2026-07-11T10:11:25.779769+00:00
2026-07-11,qf,Uzbekistan,0.0,98,0.5,0.448,2026-07-11T10:11:25.779769+00:00
2026-07-11,r16,Algeria,0.0,98,3.0,2.903,2026-07-11T10:11:25.779769+00:00
2026-07-11,r16,Argentina,100.0,98,99.9,96.674,2026-07-11T10:11:25.779769+00:00
2026-07-11,r16,Australia,0.0,98,0.1,0.097,2026-07-11T10:11:25.779769+00:00
2026-07-11,r16,Austria,0.0,98,0.4,0.387,2026-07-11T10:11:25.779769+00:00
2026-07-11,r16,Belgium,100.0,98,99.9,96.674,2026-07-11T10:11:25.779769+00:00
2026-07-11,r16,Bosnia and Herzegovina,0.0,98,3.9,3.774,2026-07-11T10:11:25.779769+00:00
2026-07-11,r16,Brazil,100.0,98,99.9,96.674,2026-07-11T10:11:25.779769+00:00
2026-07-11,r16,Canada,100.0,98,99.9,96.674,2026-07-11T10:11:25.779769+00:00
2026-07-11,r16,Cape Verde,0.0,98,0.1,0.097,2026-07-11T10:11:25.779769+00:00
2026-07-11,r16,Colombia,100.0,98,99.9,96.674,2026-07-11T10:11:25.779769+00:00
2026-07-11,r16,Croatia,0.0,98,1.0,0.968,2026-07-11T10:11:25.779769+00:00
2026-07-11,r16,Curacao,0.0,98,0.6,0.581,2026-07-11T10:11:25.779769+00:00
2026-07-11,r16,Czechia,0.0,98,4.0,3.871,2026-07-11T10:11:25.779769+00:00
2026-07-11,r16,DR Congo,0.0,98,1.0,0.968,2026-07-11T10:11:25.779769+00:00
2026-07-11,r16,Ecuador,0.0,98,2.0,1.935,2026-07-11T10:11:25.779769+00:00
2026-07-11,r16,Egypt,100.0,98,99.9,96.674,2026-07-11T10:11:25.779769+00:00
2026-07-11,r16,England,100.0,98,99.9,96.674,2026-07-11T10:11:25.779769+00:00
2026-07-11,r16,France,100.0,98,99.9,96.674,2026-07-11T10:11:25.779769+00:00
2026-07-11,r16,Germany,0.0,98,0.1,0.097,2026-07-11T10:11:25.779769+00:00
2026-07-11,r16,Ghana,0.0,98,0.1,0.097,2026-07-11T10:11:25.779769+00:00
2026-07-11,r16,Haiti,0.0,98,0.5,0.484,2026-07-11T10:11:25.779769+00:00
2026-07-11,r16,Iran,0.0,98,0.1,0.097,2026-07-11T10:11:25.779769+00:00
2026-07-11,r16,Iraq,0.0,98,1.0,0.968,2026-07-11T10:11:25.779769+00:00
2026-07-11,r16,Ivory Coast,0.0,98,4.0,3.871,2026-07-11T10:11:25.779769+00:00
2026-07-11,r16,Japan,0.0,98,0.1,0.097,2026-07-11T10:11:25.779769+00:00
2026-07-11,r16,Jordan,0.0,98,3.2,3.097,2026-07-11T10:11:25.779769+00:00
2026-07-11,r16,Mexico,100.0,98,99.9,96.674,2026-07-11T10:11:25.779769+00:00
2026-07-11,r16,Morocco,100.0,98,99.9,96.674,2026-07-11T10:11:25.779769+00:00
2026-07-11,r16,Netherlands,0.0,98,0.1,0.097,2026-07-11T10:11:25.779769+00:00
2026-07-11,r16,New Zealand,0.0,98,1.3,1.258,2026-07-11T10:11:25.779769+00:00
2026-07-11,r16,Norway,100.0,98,99.9,96.674,2026-07-11T10:11:25.779769+00:00
2026-07-11,r16,Panama,0.0,98,0.1,0.097,2026-07-11T10:11:25.779769+00:00
2026-07-11,r16,Paraguay,100.0,98,99.9,96.674,2026-07-11T10:11:25.779769+00:00
2026-07-11,r16,Portugal,100.0,98,99.9,96.674,2026-07-11T10:11:25.779769+00:00
2026-07-11,r16,Qatar,0.0,98,2.3,2.226,2026-07-11T10:11:25.779769+00:00
2026-07-11,r16,Saudi Arabia,0.0,98,3.6,3.484,2026-07-11T10:11:25.779769+00:00
2026-07-11,r16,Scotland,0.0,98,1.6,1.548,2026-07-11T10:11:25.779769+00:00
2026-07-11,r16,Senegal,0.0,98,0.1,0.097,2026-07-11T10:11:25.779769+00:00
2026-07-11,r16,South Africa,0.0,98,0.1,0.097,2026-07-11T10:11:25.779769+00:00
2026-07-11,r16,South Korea,0.0,98,13.0,12.58,2026-07-11T10:11:25.779769+00:00
2026-07-11,r16,Spain,100.0,98,99.9,96.674,2026-07-11T10:11:25.779769+00:00
2026-07-11,r16,Sweden,0.0,98,1.0,0.968,2026-07-11T10:11:25.779769+00:00
2026-07-11,r16,Switzerland,100.0,98,99.9,96.674,2026-07-11T10:11:25.779769+00:00
2026-07-11,r16,Tunisia,0.0,98,3.0,2.903,2026-07-11T10:11:25.779769+00:00
2026-07-11,r16,Turkey,0.0,98,2.0,1.935,2026-07-11T10:11:25.779769+00:00
2026-07-11,r16,United States,100.0,98,99.9,96.674,2026-07-11T10:11:25.779769+00:00
2026-07-11,r16,Uruguay,0.0,98,0.1,0.097,2026-07-11T10:11:25.779769+00:00
2026-07-11,r16,Uzbekistan,0.0,98,1.5,1.452,2026-07-11T10:11:25.779769+00:00
2026-07-11,sf,Algeria,0.0,98,1.7,1.452,2026-07-11T10:11:25.779769+00:00
2026-07-11,sf,Argentina,70.103,98,75.0,64.075,2026-07-11T10:11:25.779769+00:00
2026-07-11,sf,Australia,0.0,98,2.8,2.392,2026-07-11T10:11:25.779769+00:00
2026-07-11,sf,Austria,0.0,98,2.4,2.05,2026-07-11T10:11:25.779769+00:00
2026-07-11,sf,Belgium,0.0,98,1.1,0.94,2026-07-11T10:11:25.779769+00:00
2026-07-11,sf,Bosnia and Herzegovina,0.0,98,1.0,0.854,2026-07-11T10:11:25.779769+00:00
2026-07-11,sf,Brazil,0.0,98,0.1,0.085,2026-07-11T10:11:25.779769+00:00
2026-07-11,sf,Canada,0.0,98,1.4,1.196,2026-07-11T10:11:25.779769+00:00
2026-07-11,sf,Cape Verde,0.0,98,1.1,0.94,2026-07-11T10:11:25.779769+00:00
2026-07-11,sf,Colombia,0.0,98,0.1,0.085,2026-07-11T10:11:25.779769+00:00
2026-07-11,sf,Croatia,0.0,98,1.3,1.111,2026-07-11T10:11:25.779769+00:00
2026-07-11,sf,Curacao,0.0,98,0.1,0.085,2026-07-11T10:11:25.779769+00:00
2026-07-11,sf,Czechia,0.0,98,2.1,1.794,2026-07-11T10:11:25.779769+00:00
2026-07-11,sf,DR Congo,0.0,98,1.2,1.025,2026-07-11T10:11:25.779769+00:00
2026-07-11,sf,Ecuador,0.0,98,0.1,0.085,2026-07-11T10:11:25.779769+00:00
2026-07-11,sf,Egypt,0.0,98,0.2,0.171,2026-07-11T10:11:25.779769+00:00
2026-07-11,sf,England,68.861,98,64.0,54.677,2026-07-11T10:11:25.779769+00:00
2026-07-11,sf,France,100.0,98,99.9,85.348,2026-07-11T10:11:25.779769+00:00
2026-07-11,sf,Germany,0.0,98,18.0,15.378,2026-07-11T10:11:25.779769+00:00
2026-07-11,sf,Ghana,0.0,98,1.8,1.538,2026-07-11T10:11:25.779769+00:00
2026-07-11,sf,Haiti,0.0,98,0.5,0.427,2026-07-11T10:11:25.779769+00:00
2026-07-11,sf,Iran,0.0,98,0.7,0.598,2026-07-11T10:11:25.779769+00:00
2026-07-11,sf,Iraq,0.0,98,0.1,0.085,2026-07-11T10:11:25.779769+00:00
2026-07-11,sf,Ivory Coast,0.0,98,0.8,0.683,2026-07-11T10:11:25.779769+00:00
2026-07-11,sf,Japan,0.0,98,3.0,2.563,2026-07-11T10:11:25.779769+00:00
2026-07-11,sf,Jordan,0.0,98,1.1,0.94,2026-07-11T10:11:25.779769+00:00
2026-07-11,sf,Mexico,0.0,98,0.1,0.085,2026-07-11T10:11:25.779769+00:00
2026-07-11,sf,Morocco,0.0,98,0.1,0.085,2026-07-11T10:11:25.779769+00:00
2026-07-11,sf,Netherlands,0.0,98,0.2,0.171,2026-07-11T10:11:25.779769+00:00
2026-07-11,sf,New Zealand,0.0,98,3.3,2.819,2026-07-11T10:11:25.779769+00:00
2026-07-11,sf,Norway,31.139,98,35.0,29.902,2026-07-11T10:11:25.779769+00:00
2026-07-11,sf,Panama,0.0,98,3.0,2.563,2026-07-11T10:11:25.779769+00:00
2026-07-11,sf,Paraguay,0.0,98,0.1,0.085,2026-07-11T10:11:25.779769+00:00
2026-07-11,sf,Portugal,0.0,98,5.9,5.041,2026-07-11T10:11:25.779769+00:00
2026-07-11,sf,Qatar,0.0,98,0.9,0.769,2026-07-11T10:11:25.779769+00:00
2026-07-11,sf,Saudi Arabia,0.0,98,1.9,1.623,2026-07-11T10:11:25.779769+00:00
2026-07-11,sf,Scotland,0.0,98,1.7,1.452,2026-07-11T10:11:25.779769+00:00
2026-07-11,sf,Senegal,0.0,98,0.1,0.085,2026-07-11T10:11:25.779769+00:00
2026-07-11,sf,South Africa,0.0,98,1.1,0.94,2026-07-11T10:11:25.779769+00:00
2026-07-11,sf,South Korea,0.0,98,1.9,1.623,2026-07-11T10:11:25.779769+00:00
2026-07-11,sf,Spain,100.0,98,99.9,85.348,2026-07-11T10:11:25.779769+00:00
2026-07-11,sf,Sweden,0.0,98,0.1,0.085,2026-07-11T10:11:25.779769+00:00
2026-07-11,sf,Switzerland,29.897,98,25.5,21.786,2026-07-11T10:11:25.779769+00:00
2026-07-11,sf,Tunisia,0.0,98,1.0,0.854,2026-07-11T10:11:25.779769+00:00
2026-07-11,sf,Turkey,0.0,98,3.8,3.246,2026-07-11T10:11:25.779769+00:00
2026-07-11,sf,United States,0.0,98,0.1,0.085,2026-07-11T10:11:25.779769+00:00
2026-07-11,sf,Uruguay,0.0,98,0.3,0.256,2026-07-11T10:11:25.779769+00:00
2026-07-11,sf,Uzbekistan,0.0,98,0.6,0.513,2026-07-11T10:11:25.779769+00:00
2026-07-12,final,Algeria,0.0,100,1.1,0.924,2026-07-12T10:23:12.367442+00:00
2026-07-12,final,Argentina,49.377,100,45.0,37.783,2026-07-12T10:23:12.367442+00:00
2026-07-12,final,Australia,0.0,100,0.5,0.42,2026-07-12T10:23:12.367442+00:00
2026-07-12,final,Austria,0.0,100,0.4,0.336,2026-07-12T10:23:12.367442+00:00
2026-07-12,final,Belgium,0.0,100,0.1,0.084,2026-07-12T10:23:12.367442+00:00
2026-07-12,final,Bosnia and Herzegovina,0.0,100,1.4,1.175,2026-07-12T10:23:12.367442+00:00
2026-07-12,final,Brazil,0.0,100,0.2,0.168,2026-07-12T10:23:12.367442+00:00
2026-07-12,final,Canada,0.0,100,1.7,1.427,2026-07-12T10:23:12.367442+00:00
2026-07-12,final,Cape Verde,0.0,100,2.0,1.679,2026-07-12T10:23:12.367442+00:00
2026-07-12,final,Colombia,0.0,100,0.1,0.084,2026-07-12T10:23:12.367442+00:00
2026-07-12,final,Croatia,0.0,100,2.7,2.267,2026-07-12T10:23:12.367442+00:00
2026-07-12,final,Curacao,0.0,100,1.8,1.511,2026-07-12T10:23:12.367442+00:00
2026-07-12,final,Czechia,0.0,100,1.0,0.84,2026-07-12T10:23:12.367442+00:00
2026-07-12,final,DR Congo,0.0,100,0.9,0.756,2026-07-12T10:23:12.367442+00:00
2026-07-12,final,Ecuador,0.0,100,1.8,1.511,2026-07-12T10:23:12.367442+00:00
2026-07-12,final,Egypt,0.0,100,0.8,0.672,2026-07-12T10:23:12.367442+00:00
2026-07-12,final,England,50.623,100,54.0,45.34,2026-07-12T10:23:12.367442+00:00
2026-07-12,final,France,46.99,100,61.0,51.217,2026-07-12T10:23:12.367442+00:00
2026-07-12,final,Germany,0.0,100,0.1,0.084,2026-07-12T10:23:12.367442+00:00
2026-07-12,final,Ghana,0.0,100,1.5,1.259,2026-07-12T10:23:12.367442+00:00
2026-07-12,final,Haiti,0.0,100,0.5,0.42,2026-07-12T10:23:12.367442+00:00
2026-07-12,final,Iran,0.0,100,0.8,0.672,2026-07-12T10:23:12.367442+00:00
2026-07-12,final,Iraq,0.0,100,0.2,0.168,2026-07-12T10:23:12.367442+00:00
2026-07-12,final,Ivory Coast,0.0,100,0.1,0.084,2026-07-12T10:23:12.367442+00:00
2026-07-12,final,Japan,0.0,100,3.2,2.687,2026-07-12T10:23:12.367442+00:00
2026-07-12,final,Jordan,0.0,100,0.6,0.504,2026-07-12T10:23:12.367442+00:00
2026-07-12,final,Mexico,0.0,100,3.6,3.023,2026-07-12T10:23:12.367442+00:00
2026-07-12,final,Morocco,0.0,100,0.2,0.168,2026-07-12T10:23:12.367442+00:00
2026-07-12,final,Netherlands,0.0,100,0.1,0.084,2026-07-12T10:23:12.367442+00:00
2026-07-12,final,New Zealand,0.0,100,0.2,0.168,2026-07-12T10:23:12.367442+00:00
2026-07-12,final,Norway,0.0,100,0.1,0.084,2026-07-12T10:23:12.367442+00:00
2026-07-12,final,Panama,0.0,100,0.1,0.084,2026-07-12T10:23:12.367442+00:00
2026-07-12,final,Paraguay,0.0,100,0.1,0.084,2026-07-12T10:23:12.367442+00:00
2026-07-12,final,Portugal,0.0,100,1.0,0.84,2026-07-12T10:23:12.367442+00:00
2026-07-12,final,Qatar,0.0,100,0.2,0.168,2026-07-12T10:23:12.367442+00:00
2026-07-12,final,Saudi Arabia,0.0,100,1.0,0.84,2026-07-12T10:23:12.367442+00:00
2026-07-12,final,Scotland,0.0,100,0.2,0.168,2026-07-12T10:23:12.367442+00:00
2026-07-12,final,Senegal,0.0,100,0.1,0.084,2026-07-12T10:23:12.367442+00:00
2026-07-12,final,South Africa,0.0,100,0.8,0.672,2026-07-12T10:23:12.367442+00:00
2026-07-12,final,South Korea,0.0,100,0.6,0.504,2026-07-12T10:23:12.367442+00:00
2026-07-12,final,Spain,53.01,100,41.0,34.425,2026-07-12T10:23:12.367442+00:00
2026-07-12,final,Sweden,0.0,100,0.7,0.588,2026-07-12T10:23:12.367442+00:00
2026-07-12,final,Switzerland,0.0,100,0.1,0.084,2026-07-12T10:23:12.367442+00:00
2026-07-12,final,Tunisia,0.0,100,1.6,1.343,2026-07-12T10:23:12.367442+00:00
2026-07-12,final,Turkey,0.0,100,0.1,0.084,2026-07-12T10:23:12.367442+00:00
2026-07-12,final,United States,0.0,100,0.1,0.084,2026-07-12T10:23:12.367442+00:00
2026-07-12,final,Uruguay,0.0,100,2.6,2.183,2026-07-12T10:23:12.367442+00:00
2026-07-12,final,Uzbekistan,0.0,100,0.2,0.168,2026-07-12T10:23:12.367442+00:00
2026-07-12,qf,Algeria,0.0,100,0.1,0.09,2026-07-12T10:23:12.367442+00:00
2026-07-12,qf,Argentina,100.0,100,99.9,89.426,2026-07-12T10:23:12.367442+00:00
2026-07-12,qf,Australia,0.0,100,6.6,5.908,2026-07-12T10:23:12.367442+00:00
2026-07-12,qf,Austria,0.0,100,4.6,4.118,2026-07-12T10:23:12.367442+00:00
2026-07-12,qf,Belgium,100.0,100,99.9,89.426,2026-07-12T10:23:12.367442+00:00
2026-07-12,qf,Bosnia and Herzegovina,0.0,100,4.7,4.207,2026-07-12T10:23:12.367442+00:00
2026-07-12,qf,Brazil,0.0,100,0.1,0.09,2026-07-12T10:23:12.367442+00:00
2026-07-12,qf,Canada,0.0,100,0.1,0.09,2026-07-12T10:23:12.367442+00:00
2026-07-12,qf,Cape Verde,0.0,100,0.2,0.179,2026-07-12T10:23:12.367442+00:00
2026-07-12,qf,Colombia,0.0,100,0.1,0.09,2026-07-12T10:23:12.367442+00:00
2026-07-12,qf,Croatia,0.0,100,0.1,0.09,2026-07-12T10:23:12.367442+00:00
2026-07-12,qf,Curacao,0.0,100,0.9,0.806,2026-07-12T10:23:12.367442+00:00
2026-07-12,qf,Czechia,0.0,100,0.1,0.09,2026-07-12T10:23:12.367442+00:00
2026-07-12,qf,DR Congo,0.0,100,0.1,0.09,2026-07-12T10:23:12.367442+00:00
2026-07-12,qf,Ecuador,0.0,100,0.1,0.09,2026-07-12T10:23:12.367442+00:00
2026-07-12,qf,Egypt,0.0,100,0.1,0.09,2026-07-12T10:23:12.367442+00:00
2026-07-12,qf,England,100.0,100,99.9,89.426,2026-07-12T10:23:12.367442+00:00
2026-07-12,qf,France,100.0,100,99.9,89.426,2026-07-12T10:23:12.367442+00:00
2026-07-12,qf,Germany,0.0,100,32.0,28.645,2026-07-12T10:23:12.367442+00:00
2026-07-12,qf,Ghana,0.0,100,0.1,0.09,2026-07-12T10:23:12.367442+00:00
2026-07-12,qf,Haiti,0.0,100,3.6,3.223,2026-07-12T10:23:12.367442+00:00
2026-07-12,qf,Iran,0.0,100,0.4,0.358,2026-07-12T10:23:12.367442+00:00
2026-07-12,qf,Iraq,0.0,100,0.5,0.448,2026-07-12T10:23:12.367442+00:00
2026-07-12,qf,Ivory Coast,0.0,100,1.0,0.895,2026-07-12T10:23:12.367442+00:00
2026-07-12,qf,Japan,0.0,100,0.1,0.09,2026-07-12T10:23:12.367442+00:00
2026-07-12,qf,Jordan,0.0,100,,,2026-07-12T10:23:12.367442+00:00
2026-07-12,qf,Mexico,0.0,100,0.1,0.09,2026-07-12T10:23:12.367442+00:00
2026-07-12,qf,Morocco,100.0,100,99.9,89.426,2026-07-12T10:23:12.367442+00:00
2026-07-12,qf,Netherlands,0.0,100,1.0,0.895,2026-07-12T10:23:12.367442+00:00
2026-07-12,qf,New Zealand,0.0,100,0.1,0.09,2026-07-12T10:23:12.367442+00:00
2026-07-12,qf,Norway,100.0,100,99.9,89.426,2026-07-12T10:23:12.367442+00:00
2026-07-12,qf,Panama,0.0,100,3.9,3.491,2026-07-12T10:23:12.367442+00:00
2026-07-12,qf,Paraguay,0.0,100,0.1,0.09,2026-07-12T10:23:12.367442+00:00
2026-07-12,qf,Portugal,0.0,100,2.7,2.417,2026-07-12T10:23:12.367442+00:00
2026-07-12,qf,Qatar,0.0,100,5.0,4.476,2026-07-12T10:23:12.367442+00:00
2026-07-12,qf,Saudi Arabia,0.0,100,1.5,1.343,2026-07-12T10:23:12.367442+00:00
2026-07-12,qf,Scotland,0.0,100,3.5,3.133,2026-07-12T10:23:12.367442+00:00
2026-07-12,qf,Senegal,0.0,100,1.0,0.895,2026-07-12T10:23:12.367442+00:00
2026-07-12,qf,South Africa,0.0,100,2.9,2.596,2026-07-12T10:23:12.367442+00:00
2026-07-12,qf,South Korea,0.0,100,4.8,4.297,2026-07-12T10:23:12.367442+00:00
2026-07-12,qf,Spain,100.0,100,99.9,89.426,2026-07-12T10:23:12.367442+00:00
2026-07-12,qf,Sweden,0.0,100,0.1,0.09,2026-07-12T10:23:12.367442+00:00
2026-07-12,qf,Switzerland,100.0,100,99.9,89.426,2026-07-12T10:23:12.367442+00:00
2026-07-12,qf,Tunisia,0.0,100,2.5,2.238,2026-07-12T10:23:12.367442+00:00
2026-07-12,qf,Turkey,0.0,100,0.1,0.09,2026-07-12T10:23:12.367442+00:00
2026-07-12,qf,United States,0.0,100,0.1,0.09,2026-07-12T10:23:12.367442+00:00
2026-07-12,qf,Uruguay,0.0,100,9.0,8.056,2026-07-12T10:23:12.367442+00:00
2026-07-12,qf,Uzbekistan,0.0,100,0.5,0.448,2026-07-12T10:23:12.367442+00:00
2026-07-12,r16,Algeria,0.0,100,3.0,2.903,2026-07-12T10:23:12.367442+00:00
2026-07-12,r16,Argentina,100.0,100,99.9,96.674,2026-07-12T10:23:12.367442+00:00
2026-07-12,r16,Australia,0.0,100,0.1,0.097,2026-07-12T10:23:12.367442+00:00
2026-07-12,r16,Austria,0.0,100,0.4,0.387,2026-07-12T10:23:12.367442+00:00
2026-07-12,r16,Belgium,100.0,100,99.9,96.674,2026-07-12T10:23:12.367442+00:00
2026-07-12,r16,Bosnia and Herzegovina,0.0,100,3.9,3.774,2026-07-12T10:23:12.367442+00:00
2026-07-12,r16,Brazil,100.0,100,99.9,96.674,2026-07-12T10:23:12.367442+00:00
2026-07-12,r16,Canada,100.0,100,99.9,96.674,2026-07-12T10:23:12.367442+00:00
2026-07-12,r16,Cape Verde,0.0,100,0.1,0.097,2026-07-12T10:23:12.367442+00:00
2026-07-12,r16,Colombia,100.0,100,99.9,96.674,2026-07-12T10:23:12.367442+00:00
2026-07-12,r16,Croatia,0.0,100,1.0,0.968,2026-07-12T10:23:12.367442+00:00
2026-07-12,r16,Curacao,0.0,100,0.6,0.581,2026-07-12T10:23:12.367442+00:00
2026-07-12,r16,Czechia,0.0,100,4.0,3.871,2026-07-12T10:23:12.367442+00:00
2026-07-12,r16,DR Congo,0.0,100,1.0,0.968,2026-07-12T10:23:12.367442+00:00
2026-07-12,r16,Ecuador,0.0,100,2.0,1.935,2026-07-12T10:23:12.367442+00:00
2026-07-12,r16,Egypt,100.0,100,99.9,96.674,2026-07-12T10:23:12.367442+00:00
2026-07-12,r16,England,100.0,100,99.9,96.674,2026-07-12T10:23:12.367442+00:00
2026-07-12,r16,France,100.0,100,99.9,96.674,2026-07-12T10:23:12.367442+00:00
2026-07-12,r16,Germany,0.0,100,0.1,0.097,2026-07-12T10:23:12.367442+00:00
2026-07-12,r16,Ghana,0.0,100,0.1,0.097,2026-07-12T10:23:12.367442+00:00
2026-07-12,r16,Haiti,0.0,100,0.5,0.484,2026-07-12T10:23:12.367442+00:00
2026-07-12,r16,Iran,0.0,100,0.1,0.097,2026-07-12T10:23:12.367442+00:00
2026-07-12,r16,Iraq,0.0,100,1.0,0.968,2026-07-12T10:23:12.367442+00:00
2026-07-12,r16,Ivory Coast,0.0,100,4.0,3.871,2026-07-12T10:23:12.367442+00:00
2026-07-12,r16,Japan,0.0,100,0.1,0.097,2026-07-12T10:23:12.367442+00:00
2026-07-12,r16,Jordan,0.0,100,3.2,3.097,2026-07-12T10:23:12.367442+00:00
2026-07-12,r16,Mexico,100.0,100,99.9,96.674,2026-07-12T10:23:12.367442+00:00
2026-07-12,r16,Morocco,100.0,100,99.9,96.674,2026-07-12T10:23:12.367442+00:00
2026-07-12,r16,Netherlands,0.0,100,0.1,0.097,2026-07-12T10:23:12.367442+00:00
2026-07-12,r16,New Zealand,0.0,100,1.3,1.258,2026-07-12T10:23:12.367442+00:00
2026-07-12,r16,Norway,100.0,100,99.9,96.674,2026-07-12T10:23:12.367442+00:00
2026-07-12,r16,Panama,0.0,100,0.1,0.097,2026-07-12T10:23:12.367442+00:00
2026-07-12,r16,Paraguay,100.0,100,99.9,96.674,2026-07-12T10:23:12.367442+00:00
2026-07-12,r16,Portugal,100.0,100,99.9,96.674,2026-07-12T10:23:12.367442+00:00
2026-07-12,r16,Qatar,0.0,100,2.3,2.226,2026-07-12T10:23:12.367442+00:00
2026-07-12,r16,Saudi Arabia,0.0,100,3.6,3.484,2026-07-12T10:23:12.367442+00:00
2026-07-12,r16,Scotland,0.0,100,1.6,1.548,2026-07-12T10:23:12.367442+00:00
2026-07-12,r16,Senegal,0.0,100,0.1,0.097,2026-07-12T10:23:12.367442+00:00
2026-07-12,r16,South Africa,0.0,100,0.1,0.097,2026-07-12T10:23:12.367442+00:00
2026-07-12,r16,South Korea,0.0,100,13.0,12.58,2026-07-12T10:23:12.367442+00:00
2026-07-12,r16,Spain,100.0,100,99.9,96.674,2026-07-12T10:23:12.367442+00:00
2026-07-12,r16,Sweden,0.0,100,1.0,0.968,2026-07-12T10:23:12.367442+00:00
2026-07-12,r16,Switzerland,100.0,100,99.9,96.674,2026-07-12T10:23:12.367442+00:00
2026-07-12,r16,Tunisia,0.0,100,3.0,2.903,2026-07-12T10:23:12.367442+00:00
2026-07-12,r16,Turkey,0.0,100,2.0,1.935,2026-07-12T10:23:12.367442+00:00
2026-07-12,r16,United States,100.0,100,99.9,96.674,2026-07-12T10:23:12.367442+00:00
2026-07-12,r16,Uruguay,0.0,100,0.1,0.097,2026-07-12T10:23:12.367442+00:00
2026-07-12,r16,Uzbekistan,0.0,100,1.5,1.452,2026-07-12T10:23:12.367442+00:00
2026-07-12,sf,Algeria,0.0,100,1.7,1.451,2026-07-12T10:23:12.367442+00:00
2026-07-12,sf,Argentina,100.0,100,99.9,85.257,2026-07-12T10:23:12.367442+00:00
2026-07-12,sf,Australia,0.0,100,2.8,2.39,2026-07-12T10:23:12.367442+00:00
2026-07-12,sf,Austria,0.0,100,2.4,2.048,2026-07-12T10:23:12.367442+00:00
2026-07-12,sf,Belgium,0.0,100,1.1,0.939,2026-07-12T10:23:12.367442+00:00
2026-07-12,sf,Bosnia and Herzegovina,0.0,100,1.0,0.853,2026-07-12T10:23:12.367442+00:00
2026-07-12,sf,Brazil,0.0,100,0.1,0.085,2026-07-12T10:23:12.367442+00:00
2026-07-12,sf,Canada,0.0,100,1.4,1.195,2026-07-12T10:23:12.367442+00:00
2026-07-12,sf,Cape Verde,0.0,100,1.1,0.939,2026-07-12T10:23:12.367442+00:00
2026-07-12,sf,Colombia,0.0,100,0.1,0.085,2026-07-12T10:23:12.367442+00:00
2026-07-12,sf,Croatia,0.0,100,1.3,1.109,2026-07-12T10:23:12.367442+00:00
2026-07-12,sf,Curacao,0.0,100,0.1,0.085,2026-07-12T10:23:12.367442+00:00
2026-07-12,sf,Czechia,0.0,100,2.1,1.792,2026-07-12T10:23:12.367442+00:00
2026-07-12,sf,DR Congo,0.0,100,1.2,1.024,2026-07-12T10:23:12.367442+00:00
2026-07-12,sf,Ecuador,0.0,100,0.1,0.085,2026-07-12T10:23:12.367442+00:00
2026-07-12,sf,Egypt,0.0,100,0.2,0.171,2026-07-12T10:23:12.367442+00:00
2026-07-12,sf,England,100.0,100,99.9,85.257,2026-07-12T10:23:12.367442+00:00
2026-07-12,sf,France,100.0,100,99.9,85.257,2026-07-12T10:23:12.367442+00:00
2026-07-12,sf,Germany,0.0,100,18.0,15.362,2026-07-12T10:23:12.367442+00:00
2026-07-12,sf,Ghana,0.0,100,1.8,1.536,2026-07-12T10:23:12.367442+00:00
2026-07-12,sf,Haiti,0.0,100,0.5,0.427,2026-07-12T10:23:12.367442+00:00
2026-07-12,sf,Iran,0.0,100,0.7,0.597,2026-07-12T10:23:12.367442+00:00
2026-07-12,sf,Iraq,0.0,100,0.1,0.085,2026-07-12T10:23:12.367442+00:00
2026-07-12,sf,Ivory Coast,0.0,100,0.8,0.683,2026-07-12T10:23:12.367442+00:00
2026-07-12,sf,Japan,0.0,100,3.0,2.56,2026-07-12T10:23:12.367442+00:00
2026-07-12,sf,Jordan,0.0,100,1.1,0.939,2026-07-12T10:23:12.367442+00:00
2026-07-12,sf,Mexico,0.0,100,0.1,0.085,2026-07-12T10:23:12.367442+00:00
2026-07-12,sf,Morocco,0.0,100,0.1,0.085,2026-07-12T10:23:12.367442+00:00
2026-07-12,sf,Netherlands,0.0,100,0.2,0.171,2026-07-12T10:23:12.367442+00:00
2026-07-12,sf,New Zealand,0.0,100,3.3,2.816,2026-07-12T10:23:12.367442+00:00
2026-07-12,sf,Norway,0.0,100,0.1,0.085,2026-07-12T10:23:12.367442+00:00
2026-07-12,sf,Panama,0.0,100,3.0,2.56,2026-07-12T10:23:12.367442+00:00
2026-07-12,sf,Paraguay,0.0,100,0.1,0.085,2026-07-12T10:23:12.367442+00:00
2026-07-12,sf,Portugal,0.0,100,5.9,5.035,2026-07-12T10:23:12.367442+00:00
2026-07-12,sf,Qatar,0.0,100,0.9,0.768,2026-07-12T10:23:12.367442+00:00
2026-07-12,sf,Saudi Arabia,0.0,100,1.9,1.622,2026-07-12T10:23:12.367442+00:00
2026-07-12,sf,Scotland,0.0,100,1.7,1.451,2026-07-12T10:23:12.367442+00:00
2026-07-12,sf,Senegal,0.0,100,0.1,0.085,2026-07-12T10:23:12.367442+00:00
2026-07-12,sf,South Africa,0.0,100,1.1,0.939,2026-07-12T10:23:12.367442+00:00
2026-07-12,sf,South Korea,0.0,100,1.9,1.622,2026-07-12T10:23:12.367442+00:00
2026-07-12,sf,Spain,100.0,100,99.9,85.257,2026-07-12T10:23:12.367442+00:00
2026-07-12,sf,Sweden,0.0,100,0.1,0.085,2026-07-12T10:23:12.367442+00:00
2026-07-12,sf,Switzerland,0.0,100,0.1,0.085,2026-07-12T10:23:12.367442+00:00
2026-07-12,sf,Tunisia,0.0,100,1.0,0.853,2026-07-12T10:23:12.367442+00:00
2026-07-12,sf,Turkey,0.0,100,3.8,3.243,2026-07-12T10:23:12.367442+00:00
2026-07-12,sf,United States,0.0,100,0.1,0.085,2026-07-12T10:23:12.367442+00:00
2026-07-12,sf,Uruguay,0.0,100,0.3,0.256,2026-07-12T10:23:12.367442+00:00
2026-07-12,sf,Uzbekistan,0.0,100,0.6,0.512,2026-07-12T10:23:12.367442+00:00
2026-07-13,final,Algeria,0.0,100,1.1,0.923,2026-07-13T11:53:40.812001+00:00
2026-07-13,final,Argentina,49.377,100,45.1,37.851,2026-07-13T11:53:40.812001+00:00
2026-07-13,final,Australia,0.0,100,0.5,0.42,2026-07-13T11:53:40.812001+00:00
2026-07-13,final,Austria,0.0,100,0.4,0.336,2026-07-13T11:53:40.812001+00:00
2026-07-13,final,Belgium,0.0,100,0.1,0.084,2026-07-13T11:53:40.812001+00:00
2026-07-13,final,Bosnia and Herzegovina,0.0,100,1.4,1.175,2026-07-13T11:53:40.812001+00:00
2026-07-13,final,Brazil,0.0,100,0.2,0.168,2026-07-13T11:53:40.812001+00:00
2026-07-13,final,Canada,0.0,100,1.7,1.427,2026-07-13T11:53:40.812001+00:00
2026-07-13,final,Cape Verde,0.0,100,2.0,1.679,2026-07-13T11:53:40.812001+00:00
2026-07-13,final,Colombia,0.0,100,0.1,0.084,2026-07-13T11:53:40.812001+00:00
2026-07-13,final,Croatia,0.0,100,2.7,2.266,2026-07-13T11:53:40.812001+00:00
2026-07-13,final,Curacao,0.0,100,1.8,1.511,2026-07-13T11:53:40.812001+00:00
2026-07-13,final,Czechia,0.0,100,1.0,0.839,2026-07-13T11:53:40.812001+00:00
2026-07-13,final,DR Congo,0.0,100,0.9,0.755,2026-07-13T11:53:40.812001+00:00
2026-07-13,final,Ecuador,0.0,100,1.8,1.511,2026-07-13T11:53:40.812001+00:00
2026-07-13,final,Egypt,0.0,100,0.8,0.671,2026-07-13T11:53:40.812001+00:00
2026-07-13,final,England,50.623,100,55.0,46.16,2026-07-13T11:53:40.812001+00:00
2026-07-13,final,France,46.99,100,60.0,50.357,2026-07-13T11:53:40.812001+00:00
2026-07-13,final,Germany,0.0,100,0.1,0.084,2026-07-13T11:53:40.812001+00:00
2026-07-13,final,Ghana,0.0,100,1.5,1.259,2026-07-13T11:53:40.812001+00:00
2026-07-13,final,Haiti,0.0,100,0.5,0.42,2026-07-13T11:53:40.812001+00:00
2026-07-13,final,Iran,0.0,100,0.8,0.671,2026-07-13T11:53:40.812001+00:00
2026-07-13,final,Iraq,0.0,100,0.2,0.168,2026-07-13T11:53:40.812001+00:00
2026-07-13,final,Ivory Coast,0.0,100,0.1,0.084,2026-07-13T11:53:40.812001+00:00
2026-07-13,final,Japan,0.0,100,3.2,2.686,2026-07-13T11:53:40.812001+00:00
2026-07-13,final,Jordan,0.0,100,0.6,0.504,2026-07-13T11:53:40.812001+00:00
2026-07-13,final,Mexico,0.0,100,3.6,3.021,2026-07-13T11:53:40.812001+00:00
2026-07-13,final,Morocco,0.0,100,0.2,0.168,2026-07-13T11:53:40.812001+00:00
2026-07-13,final,Netherlands,0.0,100,0.1,0.084,2026-07-13T11:53:40.812001+00:00
2026-07-13,final,New Zealand,0.0,100,0.2,0.168,2026-07-13T11:53:40.812001+00:00
2026-07-13,final,Norway,0.0,100,0.1,0.084,2026-07-13T11:53:40.812001+00:00
2026-07-13,final,Panama,0.0,100,0.1,0.084,2026-07-13T11:53:40.812001+00:00
2026-07-13,final,Paraguay,0.0,100,0.1,0.084,2026-07-13T11:53:40.812001+00:00
2026-07-13,final,Portugal,0.0,100,1.0,0.839,2026-07-13T11:53:40.812001+00:00
2026-07-13,final,Qatar,0.0,100,0.2,0.168,2026-07-13T11:53:40.812001+00:00
2026-07-13,final,Saudi Arabia,0.0,100,1.0,0.839,2026-07-13T11:53:40.812001+00:00
2026-07-13,final,Scotland,0.0,100,0.2,0.168,2026-07-13T11:53:40.812001+00:00
2026-07-13,final,Senegal,0.0,100,0.1,0.084,2026-07-13T11:53:40.812001+00:00
2026-07-13,final,South Africa,0.0,100,0.8,0.671,2026-07-13T11:53:40.812001+00:00
2026-07-13,final,South Korea,0.0,100,0.6,0.504,2026-07-13T11:53:40.812001+00:00
2026-07-13,final,Spain,53.01,100,41.0,34.41,2026-07-13T11:53:40.812001+00:00
2026-07-13,final,Sweden,0.0,100,0.7,0.587,2026-07-13T11:53:40.812001+00:00
2026-07-13,final,Switzerland,0.0,100,0.1,0.084,2026-07-13T11:53:40.812001+00:00
2026-07-13,final,Tunisia,0.0,100,1.6,1.343,2026-07-13T11:53:40.812001+00:00
2026-07-13,final,Turkey,0.0,100,0.1,0.084,2026-07-13T11:53:40.812001+00:00
2026-07-13,final,United States,0.0,100,0.1,0.084,2026-07-13T11:53:40.812001+00:00
2026-07-13,final,Uruguay,0.0,100,2.6,2.182,2026-07-13T11:53:40.812001+00:00
2026-07-13,final,Uzbekistan,0.0,100,0.2,0.168,2026-07-13T11:53:40.812001+00:00
2026-07-13,qf,Algeria,0.0,100,0.1,0.09,2026-07-13T11:53:40.812001+00:00
2026-07-13,qf,Argentina,100.0,100,99.9,89.426,2026-07-13T11:53:40.812001+00:00
2026-07-13,qf,Australia,0.0,100,6.6,5.908,2026-07-13T11:53:40.812001+00:00
2026-07-13,qf,Austria,0.0,100,4.6,4.118,2026-07-13T11:53:40.812001+00:00
2026-07-13,qf,Belgium,100.0,100,99.9,89.426,2026-07-13T11:53:40.812001+00:00
2026-07-13,qf,Bosnia and Herzegovina,0.0,100,4.7,4.207,2026-07-13T11:53:40.812001+00:00
2026-07-13,qf,Brazil,0.0,100,0.1,0.09,2026-07-13T11:53:40.812001+00:00
2026-07-13,qf,Canada,0.0,100,0.1,0.09,2026-07-13T11:53:40.812001+00:00
2026-07-13,qf,Cape Verde,0.0,100,0.2,0.179,2026-07-13T11:53:40.812001+00:00
2026-07-13,qf,Colombia,0.0,100,0.1,0.09,2026-07-13T11:53:40.812001+00:00
2026-07-13,qf,Croatia,0.0,100,0.1,0.09,2026-07-13T11:53:40.812001+00:00
2026-07-13,qf,Curacao,0.0,100,0.9,0.806,2026-07-13T11:53:40.812001+00:00
2026-07-13,qf,Czechia,0.0,100,0.1,0.09,2026-07-13T11:53:40.812001+00:00
2026-07-13,qf,DR Congo,0.0,100,0.1,0.09,2026-07-13T11:53:40.812001+00:00
2026-07-13,qf,Ecuador,0.0,100,0.1,0.09,2026-07-13T11:53:40.812001+00:00
2026-07-13,qf,Egypt,0.0,100,0.1,0.09,2026-07-13T11:53:40.812001+00:00
2026-07-13,qf,England,100.0,100,99.9,89.426,2026-07-13T11:53:40.812001+00:00
2026-07-13,qf,France,100.0,100,99.9,89.426,2026-07-13T11:53:40.812001+00:00
2026-07-13,qf,Germany,0.0,100,32.0,28.645,2026-07-13T11:53:40.812001+00:00
2026-07-13,qf,Ghana,0.0,100,0.1,0.09,2026-07-13T11:53:40.812001+00:00
2026-07-13,qf,Haiti,0.0,100,3.6,3.223,2026-07-13T11:53:40.812001+00:00
2026-07-13,qf,Iran,0.0,100,0.4,0.358,2026-07-13T11:53:40.812001+00:00
2026-07-13,qf,Iraq,0.0,100,0.5,0.448,2026-07-13T11:53:40.812001+00:00
2026-07-13,qf,Ivory Coast,0.0,100,1.0,0.895,2026-07-13T11:53:40.812001+00:00
2026-07-13,qf,Japan,0.0,100,0.1,0.09,2026-07-13T11:53:40.812001+00:00
2026-07-13,qf,Jordan,0.0,100,,,2026-07-13T11:53:40.812001+00:00
2026-07-13,qf,Mexico,0.0,100,0.1,0.09,2026-07-13T11:53:40.812001+00:00
2026-07-13,qf,Morocco,100.0,100,99.9,89.426,2026-07-13T11:53:40.812001+00:00
2026-07-13,qf,Netherlands,0.0,100,1.0,0.895,2026-07-13T11:53:40.812001+00:00
2026-07-13,qf,New Zealand,0.0,100,0.1,0.09,2026-07-13T11:53:40.812001+00:00
2026-07-13,qf,Norway,100.0,100,99.9,89.426,2026-07-13T11:53:40.812001+00:00
2026-07-13,qf,Panama,0.0,100,3.9,3.491,2026-07-13T11:53:40.812001+00:00
2026-07-13,qf,Paraguay,0.0,100,0.1,0.09,2026-07-13T11:53:40.812001+00:00
2026-07-13,qf,Portugal,0.0,100,2.7,2.417,2026-07-13T11:53:40.812001+00:00
2026-07-13,qf,Qatar,0.0,100,5.0,4.476,2026-07-13T11:53:40.812001+00:00
2026-07-13,qf,Saudi Arabia,0.0,100,1.5,1.343,2026-07-13T11:53:40.812001+00:00
2026-07-13,qf,Scotland,0.0,100,3.5,3.133,2026-07-13T11:53:40.812001+00:00
2026-07-13,qf,Senegal,0.0,100,1.0,0.895,2026-07-13T11:53:40.812001+00:00
2026-07-13,qf,South Africa,0.0,100,2.9,2.596,2026-07-13T11:53:40.812001+00:00
2026-07-13,qf,South Korea,0.0,100,4.8,4.297,2026-07-13T11:53:40.812001+00:00
2026-07-13,qf,Spain,100.0,100,99.9,89.426,2026-07-13T11:53:40.812001+00:00
2026-07-13,qf,Sweden,0.0,100,0.1,0.09,2026-07-13T11:53:40.812001+00:00
2026-07-13,qf,Switzerland,100.0,100,99.9,89.426,2026-07-13T11:53:40.812001+00:00
2026-07-13,qf,Tunisia,0.0,100,2.5,2.238,2026-07-13T11:53:40.812001+00:00
2026-07-13,qf,Turkey,0.0,100,0.1,0.09,2026-07-13T11:53:40.812001+00:00
2026-07-13,qf,United States,0.0,100,0.1,0.09,2026-07-13T11:53:40.812001+00:00
2026-07-13,qf,Uruguay,0.0,100,9.0,8.056,2026-07-13T11:53:40.812001+00:00
2026-07-13,qf,Uzbekistan,0.0,100,0.5,0.448,2026-07-13T11:53:40.812001+00:00
2026-07-13,r16,Algeria,0.0,100,3.0,2.903,2026-07-13T11:53:40.812001+00:00
2026-07-13,r16,Argentina,100.0,100,99.9,96.674,2026-07-13T11:53:40.812001+00:00
2026-07-13,r16,Australia,0.0,100,0.1,0.097,2026-07-13T11:53:40.812001+00:00
2026-07-13,r16,Austria,0.0,100,0.4,0.387,2026-07-13T11:53:40.812001+00:00
2026-07-13,r16,Belgium,100.0,100,99.9,96.674,2026-07-13T11:53:40.812001+00:00
2026-07-13,r16,Bosnia and Herzegovina,0.0,100,3.9,3.774,2026-07-13T11:53:40.812001+00:00
2026-07-13,r16,Brazil,100.0,100,99.9,96.674,2026-07-13T11:53:40.812001+00:00
2026-07-13,r16,Canada,100.0,100,99.9,96.674,2026-07-13T11:53:40.812001+00:00
2026-07-13,r16,Cape Verde,0.0,100,0.1,0.097,2026-07-13T11:53:40.812001+00:00
2026-07-13,r16,Colombia,100.0,100,99.9,96.674,2026-07-13T11:53:40.812001+00:00
2026-07-13,r16,Croatia,0.0,100,1.0,0.968,2026-07-13T11:53:40.812001+00:00
2026-07-13,r16,Curacao,0.0,100,0.6,0.581,2026-07-13T11:53:40.812001+00:00
2026-07-13,r16,Czechia,0.0,100,4.0,3.871,2026-07-13T11:53:40.812001+00:00
2026-07-13,r16,DR Congo,0.0,100,1.0,0.968,2026-07-13T11:53:40.812001+00:00
2026-07-13,r16,Ecuador,0.0,100,2.0,1.935,2026-07-13T11:53:40.812001+00:00
2026-07-13,r16,Egypt,100.0,100,99.9,96.674,2026-07-13T11:53:40.812001+00:00
2026-07-13,r16,England,100.0,100,99.9,96.674,2026-07-13T11:53:40.812001+00:00
2026-07-13,r16,France,100.0,100,99.9,96.674,2026-07-13T11:53:40.812001+00:00
2026-07-13,r16,Germany,0.0,100,0.1,0.097,2026-07-13T11:53:40.812001+00:00
2026-07-13,r16,Ghana,0.0,100,0.1,0.097,2026-07-13T11:53:40.812001+00:00
2026-07-13,r16,Haiti,0.0,100,0.5,0.484,2026-07-13T11:53:40.812001+00:00
2026-07-13,r16,Iran,0.0,100,0.1,0.097,2026-07-13T11:53:40.812001+00:00
2026-07-13,r16,Iraq,0.0,100,1.0,0.968,2026-07-13T11:53:40.812001+00:00
2026-07-13,r16,Ivory Coast,0.0,100,4.0,3.871,2026-07-13T11:53:40.812001+00:00
2026-07-13,r16,Japan,0.0,100,0.1,0.097,2026-07-13T11:53:40.812001+00:00
2026-07-13,r16,Jordan,0.0,100,3.2,3.097,2026-07-13T11:53:40.812001+00:00
2026-07-13,r16,Mexico,100.0,100,99.9,96.674,2026-07-13T11:53:40.812001+00:00
2026-07-13,r16,Morocco,100.0,100,99.9,96.674,2026-07-13T11:53:40.812001+00:00
2026-07-13,r16,Netherlands,0.0,100,0.1,0.097,2026-07-13T11:53:40.812001+00:00
2026-07-13,r16,New Zealand,0.0,100,1.3,1.258,2026-07-13T11:53:40.812001+00:00
2026-07-13,r16,Norway,100.0,100,99.9,96.674,2026-07-13T11:53:40.812001+00:00
2026-07-13,r16,Panama,0.0,100,0.1,0.097,2026-07-13T11:53:40.812001+00:00
2026-07-13,r16,Paraguay,100.0,100,99.9,96.674,2026-07-13T11:53:40.812001+00:00
2026-07-13,r16,Portugal,100.0,100,99.9,96.674,2026-07-13T11:53:40.812001+00:00
2026-07-13,r16,Qatar,0.0,100,2.3,2.226,2026-07-13T11:53:40.812001+00:00
2026-07-13,r16,Saudi Arabia,0.0,100,3.6,3.484,2026-07-13T11:53:40.812001+00:00
2026-07-13,r16,Scotland,0.0,100,1.6,1.548,2026-07-13T11:53:40.812001+00:00
2026-07-13,r16,Senegal,0.0,100,0.1,0.097,2026-07-13T11:53:40.812001+00:00
2026-07-13,r16,South Africa,0.0,100,0.1,0.097,2026-07-13T11:53:40.812001+00:00
2026-07-13,r16,South Korea,0.0,100,13.0,12.58,2026-07-13T11:53:40.812001+00:00
2026-07-13,r16,Spain,100.0,100,99.9,96.674,2026-07-13T11:53:40.812001+00:00
2026-07-13,r16,Sweden,0.0,100,1.0,0.968,2026-07-13T11:53:40.812001+00:00
2026-07-13,r16,Switzerland,100.0,100,99.9,96.674,2026-07-13T11:53:40.812001+00:00
2026-07-13,r16,Tunisia,0.0,100,3.0,2.903,2026-07-13T11:53:40.812001+00:00
2026-07-13,r16,Turkey,0.0,100,2.0,1.935,2026-07-13T11:53:40.812001+00:00
2026-07-13,r16,United States,100.0,100,99.9,96.674,2026-07-13T11:53:40.812001+00:00
2026-07-13,r16,Uruguay,0.0,100,0.1,0.097,2026-07-13T11:53:40.812001+00:00
2026-07-13,r16,Uzbekistan,0.0,100,1.5,1.452,2026-07-13T11:53:40.812001+00:00
2026-07-13,sf,Algeria,0.0,100,1.7,1.451,2026-07-13T11:53:40.812001+00:00
2026-07-13,sf,Argentina,100.0,100,99.9,85.257,2026-07-13T11:53:40.812001+00:00
2026-07-13,sf,Australia,0.0,100,2.8,2.39,2026-07-13T11:53:40.812001+00:00
2026-07-13,sf,Austria,0.0,100,2.4,2.048,2026-07-13T11:53:40.812001+00:00
2026-07-13,sf,Belgium,0.0,100,1.1,0.939,2026-07-13T11:53:40.812001+00:00
2026-07-13,sf,Bosnia and Herzegovina,0.0,100,1.0,0.853,2026-07-13T11:53:40.812001+00:00
2026-07-13,sf,Brazil,0.0,100,0.1,0.085,2026-07-13T11:53:40.812001+00:00
2026-07-13,sf,Canada,0.0,100,1.4,1.195,2026-07-13T11:53:40.812001+00:00
2026-07-13,sf,Cape Verde,0.0,100,1.1,0.939,2026-07-13T11:53:40.812001+00:00
2026-07-13,sf,Colombia,0.0,100,0.1,0.085,2026-07-13T11:53:40.812001+00:00
2026-07-13,sf,Croatia,0.0,100,1.3,1.109,2026-07-13T11:53:40.812001+00:00
2026-07-13,sf,Curacao,0.0,100,0.1,0.085,2026-07-13T11:53:40.812001+00:00
2026-07-13,sf,Czechia,0.0,100,2.1,1.792,2026-07-13T11:53:40.812001+00:00
2026-07-13,sf,DR Congo,0.0,100,1.2,1.024,2026-07-13T11:53:40.812001+00:00
2026-07-13,sf,Ecuador,0.0,100,0.1,0.085,2026-07-13T11:53:40.812001+00:00
2026-07-13,sf,Egypt,0.0,100,0.2,0.171,2026-07-13T11:53:40.812001+00:00
2026-07-13,sf,England,100.0,100,99.9,85.257,2026-07-13T11:53:40.812001+00:00
2026-07-13,sf,France,100.0,100,99.9,85.257,2026-07-13T11:53:40.812001+00:00
2026-07-13,sf,Germany,0.0,100,18.0,15.362,2026-07-13T11:53:40.812001+00:00
2026-07-13,sf,Ghana,0.0,100,1.8,1.536,2026-07-13T11:53:40.812001+00:00
2026-07-13,sf,Haiti,0.0,100,0.5,0.427,2026-07-13T11:53:40.812001+00:00
2026-07-13,sf,Iran,0.0,100,0.7,0.597,2026-07-13T11:53:40.812001+00:00
2026-07-13,sf,Iraq,0.0,100,0.1,0.085,2026-07-13T11:53:40.812001+00:00
2026-07-13,sf,Ivory Coast,0.0,100,0.8,0.683,2026-07-13T11:53:40.812001+00:00
2026-07-13,sf,Japan,0.0,100,3.0,2.56,2026-07-13T11:53:40.812001+00:00
2026-07-13,sf,Jordan,0.0,100,1.1,0.939,2026-07-13T11:53:40.812001+00:00
2026-07-13,sf,Mexico,0.0,100,0.1,0.085,2026-07-13T11:53:40.812001+00:00
2026-07-13,sf,Morocco,0.0,100,0.1,0.085,2026-07-13T11:53:40.812001+00:00
2026-07-13,sf,Netherlands,0.0,100,0.2,0.171,2026-07-13T11:53:40.812001+00:00
2026-07-13,sf,New Zealand,0.0,100,3.3,2.816,2026-07-13T11:53:40.812001+00:00
2026-07-13,sf,Norway,0.0,100,0.1,0.085,2026-07-13T11:53:40.812001+00:00
2026-07-13,sf,Panama,0.0,100,3.0,2.56,2026-07-13T11:53:40.812001+00:00
2026-07-13,sf,Paraguay,0.0,100,0.1,0.085,2026-07-13T11:53:40.812001+00:00
2026-07-13,sf,Portugal,0.0,100,5.9,5.035,2026-07-13T11:53:40.812001+00:00
2026-07-13,sf,Qatar,0.0,100,0.9,0.768,2026-07-13T11:53:40.812001+00:00
2026-07-13,sf,Saudi Arabia,0.0,100,1.9,1.622,2026-07-13T11:53:40.812001+00:00
2026-07-13,sf,Scotland,0.0,100,1.7,1.451,2026-07-13T11:53:40.812001+00:00
2026-07-13,sf,Senegal,0.0,100,0.1,0.085,2026-07-13T11:53:40.812001+00:00
2026-07-13,sf,South Africa,0.0,100,1.1,0.939,2026-07-13T11:53:40.812001+00:00
2026-07-13,sf,South Korea,0.0,100,1.9,1.622,2026-07-13T11:53:40.812001+00:00
2026-07-13,sf,Spain,100.0,100,99.9,85.257,2026-07-13T11:53:40.812001+00:00
2026-07-13,sf,Sweden,0.0,100,0.1,0.085,2026-07-13T11:53:40.812001+00:00
2026-07-13,sf,Switzerland,0.0,100,0.1,0.085,2026-07-13T11:53:40.812001+00:00
2026-07-13,sf,Tunisia,0.0,100,1.0,0.853,2026-07-13T11:53:40.812001+00:00
2026-07-13,sf,Turkey,0.0,100,3.8,3.243,2026-07-13T11:53:40.812001+00:00
2026-07-13,sf,United States,0.0,100,0.1,0.085,2026-07-13T11:53:40.812001+00:00
2026-07-13,sf,Uruguay,0.0,100,0.3,0.256,2026-07-13T11:53:40.812001+00:00
2026-07-13,sf,Uzbekistan,0.0,100,0.6,0.512,2026-07-13T11:53:40.812001+00:00
2026-07-14,final,Algeria,0.0,100,1.1,0.924,2026-07-14T10:31:52.21191+00:00
2026-07-14,final,Argentina,49.377,100,44.8,37.647,2026-07-14T10:31:52.21191+00:00
2026-07-14,final,Australia,0.0,100,0.5,0.42,2026-07-14T10:31:52.21191+00:00
2026-07-14,final,Austria,0.0,100,0.4,0.336,2026-07-14T10:31:52.21191+00:00
2026-07-14,final,Belgium,0.0,100,0.1,0.084,2026-07-14T10:31:52.21191+00:00
2026-07-14,final,Bosnia and Herzegovina,0.0,100,1.4,1.176,2026-07-14T10:31:52.21191+00:00
2026-07-14,final,Brazil,0.0,100,0.2,0.168,2026-07-14T10:31:52.21191+00:00
2026-07-14,final,Canada,0.0,100,1.7,1.429,2026-07-14T10:31:52.21191+00:00
2026-07-14,final,Cape Verde,0.0,100,2.0,1.681,2026-07-14T10:31:52.21191+00:00
2026-07-14,final,Colombia,0.0,100,0.1,0.084,2026-07-14T10:31:52.21191+00:00
2026-07-14,final,Croatia,0.0,100,2.7,2.269,2026-07-14T10:31:52.21191+00:00
2026-07-14,final,Curacao,0.0,100,1.8,1.513,2026-07-14T10:31:52.21191+00:00
2026-07-14,final,Czechia,0.0,100,1.0,0.84,2026-07-14T10:31:52.21191+00:00
2026-07-14,final,DR Congo,0.0,100,0.9,0.756,2026-07-14T10:31:52.21191+00:00
2026-07-14,final,Ecuador,0.0,100,1.8,1.513,2026-07-14T10:31:52.21191+00:00
2026-07-14,final,Egypt,0.0,100,0.8,0.672,2026-07-14T10:31:52.21191+00:00
2026-07-14,final,England,50.623,100,55.0,46.218,2026-07-14T10:31:52.21191+00:00
2026-07-14,final,France,46.99,100,60.0,50.42,2026-07-14T10:31:52.21191+00:00
2026-07-14,final,Germany,0.0,100,0.1,0.084,2026-07-14T10:31:52.21191+00:00
2026-07-14,final,Ghana,0.0,100,1.5,1.261,2026-07-14T10:31:52.21191+00:00
2026-07-14,final,Haiti,0.0,100,0.5,0.42,2026-07-14T10:31:52.21191+00:00
2026-07-14,final,Iran,0.0,100,0.8,0.672,2026-07-14T10:31:52.21191+00:00
2026-07-14,final,Iraq,0.0,100,0.2,0.168,2026-07-14T10:31:52.21191+00:00
2026-07-14,final,Ivory Coast,0.0,100,0.1,0.084,2026-07-14T10:31:52.21191+00:00
2026-07-14,final,Japan,0.0,100,3.2,2.689,2026-07-14T10:31:52.21191+00:00
2026-07-14,final,Jordan,0.0,100,0.6,0.504,2026-07-14T10:31:52.21191+00:00
2026-07-14,final,Mexico,0.0,100,3.6,3.025,2026-07-14T10:31:52.21191+00:00
2026-07-14,final,Morocco,0.0,100,0.2,0.168,2026-07-14T10:31:52.21191+00:00
2026-07-14,final,Netherlands,0.0,100,0.1,0.084,2026-07-14T10:31:52.21191+00:00
2026-07-14,final,New Zealand,0.0,100,0.2,0.168,2026-07-14T10:31:52.21191+00:00
2026-07-14,final,Norway,0.0,100,0.1,0.084,2026-07-14T10:31:52.21191+00:00
2026-07-14,final,Panama,0.0,100,0.1,0.084,2026-07-14T10:31:52.21191+00:00
2026-07-14,final,Paraguay,0.0,100,0.1,0.084,2026-07-14T10:31:52.21191+00:00
2026-07-14,final,Portugal,0.0,100,1.0,0.84,2026-07-14T10:31:52.21191+00:00
2026-07-14,final,Qatar,0.0,100,0.2,0.168,2026-07-14T10:31:52.21191+00:00
2026-07-14,final,Saudi Arabia,0.0,100,1.0,0.84,2026-07-14T10:31:52.21191+00:00
2026-07-14,final,Scotland,0.0,100,0.2,0.168,2026-07-14T10:31:52.21191+00:00
2026-07-14,final,Senegal,0.0,100,0.1,0.084,2026-07-14T10:31:52.21191+00:00
2026-07-14,final,South Africa,0.0,100,0.8,0.672,2026-07-14T10:31:52.21191+00:00
2026-07-14,final,South Korea,0.0,100,0.6,0.504,2026-07-14T10:31:52.21191+00:00
2026-07-14,final,Spain,53.01,100,41.0,34.454,2026-07-14T10:31:52.21191+00:00
2026-07-14,final,Sweden,0.0,100,0.7,0.588,2026-07-14T10:31:52.21191+00:00
2026-07-14,final,Switzerland,0.0,100,0.1,0.084,2026-07-14T10:31:52.21191+00:00
2026-07-14,final,Tunisia,0.0,100,1.6,1.345,2026-07-14T10:31:52.21191+00:00
2026-07-14,final,Turkey,0.0,100,0.1,0.084,2026-07-14T10:31:52.21191+00:00
2026-07-14,final,United States,0.0,100,0.1,0.084,2026-07-14T10:31:52.21191+00:00
2026-07-14,final,Uruguay,0.0,100,2.6,2.185,2026-07-14T10:31:52.21191+00:00
2026-07-14,final,Uzbekistan,0.0,100,0.2,0.168,2026-07-14T10:31:52.21191+00:00
2026-07-14,qf,Algeria,0.0,100,0.1,0.09,2026-07-14T10:31:52.21191+00:00
2026-07-14,qf,Argentina,100.0,100,99.9,89.426,2026-07-14T10:31:52.21191+00:00
2026-07-14,qf,Australia,0.0,100,6.6,5.908,2026-07-14T10:31:52.21191+00:00
2026-07-14,qf,Austria,0.0,100,4.6,4.118,2026-07-14T10:31:52.21191+00:00
2026-07-14,qf,Belgium,100.0,100,99.9,89.426,2026-07-14T10:31:52.21191+00:00
2026-07-14,qf,Bosnia and Herzegovina,0.0,100,4.7,4.207,2026-07-14T10:31:52.21191+00:00
2026-07-14,qf,Brazil,0.0,100,0.1,0.09,2026-07-14T10:31:52.21191+00:00
2026-07-14,qf,Canada,0.0,100,0.1,0.09,2026-07-14T10:31:52.21191+00:00
2026-07-14,qf,Cape Verde,0.0,100,0.2,0.179,2026-07-14T10:31:52.21191+00:00
2026-07-14,qf,Colombia,0.0,100,0.1,0.09,2026-07-14T10:31:52.21191+00:00
2026-07-14,qf,Croatia,0.0,100,0.1,0.09,2026-07-14T10:31:52.21191+00:00
2026-07-14,qf,Curacao,0.0,100,0.9,0.806,2026-07-14T10:31:52.21191+00:00
2026-07-14,qf,Czechia,0.0,100,0.1,0.09,2026-07-14T10:31:52.21191+00:00
2026-07-14,qf,DR Congo,0.0,100,0.1,0.09,2026-07-14T10:31:52.21191+00:00
2026-07-14,qf,Ecuador,0.0,100,0.1,0.09,2026-07-14T10:31:52.21191+00:00
2026-07-14,qf,Egypt,0.0,100,0.1,0.09,2026-07-14T10:31:52.21191+00:00
2026-07-14,qf,England,100.0,100,99.9,89.426,2026-07-14T10:31:52.21191+00:00
2026-07-14,qf,France,100.0,100,99.9,89.426,2026-07-14T10:31:52.21191+00:00
2026-07-14,qf,Germany,0.0,100,32.0,28.645,2026-07-14T10:31:52.21191+00:00
2026-07-14,qf,Ghana,0.0,100,0.1,0.09,2026-07-14T10:31:52.21191+00:00
2026-07-14,qf,Haiti,0.0,100,3.6,3.223,2026-07-14T10:31:52.21191+00:00
2026-07-14,qf,Iran,0.0,100,0.4,0.358,2026-07-14T10:31:52.21191+00:00
2026-07-14,qf,Iraq,0.0,100,0.5,0.448,2026-07-14T10:31:52.21191+00:00
2026-07-14,qf,Ivory Coast,0.0,100,1.0,0.895,2026-07-14T10:31:52.21191+00:00
2026-07-14,qf,Japan,0.0,100,0.1,0.09,2026-07-14T10:31:52.21191+00:00
2026-07-14,qf,Jordan,0.0,100,,,2026-07-14T10:31:52.21191+00:00
2026-07-14,qf,Mexico,0.0,100,0.1,0.09,2026-07-14T10:31:52.21191+00:00
2026-07-14,qf,Morocco,100.0,100,99.9,89.426,2026-07-14T10:31:52.21191+00:00
2026-07-14,qf,Netherlands,0.0,100,1.0,0.895,2026-07-14T10:31:52.21191+00:00
2026-07-14,qf,New Zealand,0.0,100,0.1,0.09,2026-07-14T10:31:52.21191+00:00
2026-07-14,qf,Norway,100.0,100,99.9,89.426,2026-07-14T10:31:52.21191+00:00
2026-07-14,qf,Panama,0.0,100,3.9,3.491,2026-07-14T10:31:52.21191+00:00
2026-07-14,qf,Paraguay,0.0,100,0.1,0.09,2026-07-14T10:31:52.21191+00:00
2026-07-14,qf,Portugal,0.0,100,2.7,2.417,2026-07-14T10:31:52.21191+00:00
2026-07-14,qf,Qatar,0.0,100,5.0,4.476,2026-07-14T10:31:52.21191+00:00
2026-07-14,qf,Saudi Arabia,0.0,100,1.5,1.343,2026-07-14T10:31:52.21191+00:00
2026-07-14,qf,Scotland,0.0,100,3.5,3.133,2026-07-14T10:31:52.21191+00:00
2026-07-14,qf,Senegal,0.0,100,1.0,0.895,2026-07-14T10:31:52.21191+00:00
2026-07-14,qf,South Africa,0.0,100,2.9,2.596,2026-07-14T10:31:52.21191+00:00
2026-07-14,qf,South Korea,0.0,100,4.8,4.297,2026-07-14T10:31:52.21191+00:00
2026-07-14,qf,Spain,100.0,100,99.9,89.426,2026-07-14T10:31:52.21191+00:00
2026-07-14,qf,Sweden,0.0,100,0.1,0.09,2026-07-14T10:31:52.21191+00:00
2026-07-14,qf,Switzerland,100.0,100,99.9,89.426,2026-07-14T10:31:52.21191+00:00
2026-07-14,qf,Tunisia,0.0,100,2.5,2.238,2026-07-14T10:31:52.21191+00:00
2026-07-14,qf,Turkey,0.0,100,0.1,0.09,2026-07-14T10:31:52.21191+00:00
2026-07-14,qf,United States,0.0,100,0.1,0.09,2026-07-14T10:31:52.21191+00:00
2026-07-14,qf,Uruguay,0.0,100,9.0,8.056,2026-07-14T10:31:52.21191+00:00
2026-07-14,qf,Uzbekistan,0.0,100,0.5,0.448,2026-07-14T10:31:52.21191+00:00
2026-07-14,r16,Algeria,0.0,100,3.0,2.903,2026-07-14T10:31:52.21191+00:00
2026-07-14,r16,Argentina,100.0,100,99.9,96.674,2026-07-14T10:31:52.21191+00:00
2026-07-14,r16,Australia,0.0,100,0.1,0.097,2026-07-14T10:31:52.21191+00:00
2026-07-14,r16,Austria,0.0,100,0.4,0.387,2026-07-14T10:31:52.21191+00:00
2026-07-14,r16,Belgium,100.0,100,99.9,96.674,2026-07-14T10:31:52.21191+00:00
2026-07-14,r16,Bosnia and Herzegovina,0.0,100,3.9,3.774,2026-07-14T10:31:52.21191+00:00
2026-07-14,r16,Brazil,100.0,100,99.9,96.674,2026-07-14T10:31:52.21191+00:00
2026-07-14,r16,Canada,100.0,100,99.9,96.674,2026-07-14T10:31:52.21191+00:00
2026-07-14,r16,Cape Verde,0.0,100,0.1,0.097,2026-07-14T10:31:52.21191+00:00
2026-07-14,r16,Colombia,100.0,100,99.9,96.674,2026-07-14T10:31:52.21191+00:00
2026-07-14,r16,Croatia,0.0,100,1.0,0.968,2026-07-14T10:31:52.21191+00:00
2026-07-14,r16,Curacao,0.0,100,0.6,0.581,2026-07-14T10:31:52.21191+00:00
2026-07-14,r16,Czechia,0.0,100,4.0,3.871,2026-07-14T10:31:52.21191+00:00
2026-07-14,r16,DR Congo,0.0,100,1.0,0.968,2026-07-14T10:31:52.21191+00:00
2026-07-14,r16,Ecuador,0.0,100,2.0,1.935,2026-07-14T10:31:52.21191+00:00
2026-07-14,r16,Egypt,100.0,100,99.9,96.674,2026-07-14T10:31:52.21191+00:00
2026-07-14,r16,England,100.0,100,99.9,96.674,2026-07-14T10:31:52.21191+00:00
2026-07-14,r16,France,100.0,100,99.9,96.674,2026-07-14T10:31:52.21191+00:00
2026-07-14,r16,Germany,0.0,100,0.1,0.097,2026-07-14T10:31:52.21191+00:00
2026-07-14,r16,Ghana,0.0,100,0.1,0.097,2026-07-14T10:31:52.21191+00:00
2026-07-14,r16,Haiti,0.0,100,0.5,0.484,2026-07-14T10:31:52.21191+00:00
2026-07-14,r16,Iran,0.0,100,0.1,0.097,2026-07-14T10:31:52.21191+00:00
2026-07-14,r16,Iraq,0.0,100,1.0,0.968,2026-07-14T10:31:52.21191+00:00
2026-07-14,r16,Ivory Coast,0.0,100,4.0,3.871,2026-07-14T10:31:52.21191+00:00
2026-07-14,r16,Japan,0.0,100,0.1,0.097,2026-07-14T10:31:52.21191+00:00
2026-07-14,r16,Jordan,0.0,100,3.2,3.097,2026-07-14T10:31:52.21191+00:00
2026-07-14,r16,Mexico,100.0,100,99.9,96.674,2026-07-14T10:31:52.21191+00:00
2026-07-14,r16,Morocco,100.0,100,99.9,96.674,2026-07-14T10:31:52.21191+00:00
2026-07-14,r16,Netherlands,0.0,100,0.1,0.097,2026-07-14T10:31:52.21191+00:00
2026-07-14,r16,New Zealand,0.0,100,1.3,1.258,2026-07-14T10:31:52.21191+00:00
2026-07-14,r16,Norway,100.0,100,99.9,96.674,2026-07-14T10:31:52.21191+00:00
2026-07-14,r16,Panama,0.0,100,0.1,0.097,2026-07-14T10:31:52.21191+00:00
2026-07-14,r16,Paraguay,100.0,100,99.9,96.674,2026-07-14T10:31:52.21191+00:00
2026-07-14,r16,Portugal,100.0,100,99.9,96.674,2026-07-14T10:31:52.21191+00:00
2026-07-14,r16,Qatar,0.0,100,2.3,2.226,2026-07-14T10:31:52.21191+00:00
2026-07-14,r16,Saudi Arabia,0.0,100,3.6,3.484,2026-07-14T10:31:52.21191+00:00
2026-07-14,r16,Scotland,0.0,100,1.6,1.548,2026-07-14T10:31:52.21191+00:00
2026-07-14,r16,Senegal,0.0,100,0.1,0.097,2026-07-14T10:31:52.21191+00:00
2026-07-14,r16,South Africa,0.0,100,0.1,0.097,2026-07-14T10:31:52.21191+00:00
2026-07-14,r16,South Korea,0.0,100,13.0,12.58,2026-07-14T10:31:52.21191+00:00
2026-07-14,r16,Spain,100.0,100,99.9,96.674,2026-07-14T10:31:52.21191+00:00
2026-07-14,r16,Sweden,0.0,100,1.0,0.968,2026-07-14T10:31:52.21191+00:00
2026-07-14,r16,Switzerland,100.0,100,99.9,96.674,2026-07-14T10:31:52.21191+00:00
2026-07-14,r16,Tunisia,0.0,100,3.0,2.903,2026-07-14T10:31:52.21191+00:00
2026-07-14,r16,Turkey,0.0,100,2.0,1.935,2026-07-14T10:31:52.21191+00:00
2026-07-14,r16,United States,100.0,100,99.9,96.674,2026-07-14T10:31:52.21191+00:00
2026-07-14,r16,Uruguay,0.0,100,0.1,0.097,2026-07-14T10:31:52.21191+00:00
2026-07-14,r16,Uzbekistan,0.0,100,1.5,1.452,2026-07-14T10:31:52.21191+00:00
2026-07-14,sf,Algeria,0.0,100,1.7,1.451,2026-07-14T10:31:52.21191+00:00
2026-07-14,sf,Argentina,100.0,100,99.9,85.257,2026-07-14T10:31:52.21191+00:00
2026-07-14,sf,Australia,0.0,100,2.8,2.39,2026-07-14T10:31:52.21191+00:00
2026-07-14,sf,Austria,0.0,100,2.4,2.048,2026-07-14T10:31:52.21191+00:00
2026-07-14,sf,Belgium,0.0,100,1.1,0.939,2026-07-14T10:31:52.21191+00:00
2026-07-14,sf,Bosnia and Herzegovina,0.0,100,1.0,0.853,2026-07-14T10:31:52.21191+00:00
2026-07-14,sf,Brazil,0.0,100,0.1,0.085,2026-07-14T10:31:52.21191+00:00
2026-07-14,sf,Canada,0.0,100,1.4,1.195,2026-07-14T10:31:52.21191+00:00
2026-07-14,sf,Cape Verde,0.0,100,1.1,0.939,2026-07-14T10:31:52.21191+00:00
2026-07-14,sf,Colombia,0.0,100,0.1,0.085,2026-07-14T10:31:52.21191+00:00
2026-07-14,sf,Croatia,0.0,100,1.3,1.109,2026-07-14T10:31:52.21191+00:00
2026-07-14,sf,Curacao,0.0,100,0.1,0.085,2026-07-14T10:31:52.21191+00:00
2026-07-14,sf,Czechia,0.0,100,2.1,1.792,2026-07-14T10:31:52.21191+00:00
2026-07-14,sf,DR Congo,0.0,100,1.2,1.024,2026-07-14T10:31:52.21191+00:00
2026-07-14,sf,Ecuador,0.0,100,0.1,0.085,2026-07-14T10:31:52.21191+00:00
2026-07-14,sf,Egypt,0.0,100,0.2,0.171,2026-07-14T10:31:52.21191+00:00
2026-07-14,sf,England,100.0,100,99.9,85.257,2026-07-14T10:31:52.21191+00:00
2026-07-14,sf,France,100.0,100,99.9,85.257,2026-07-14T10:31:52.21191+00:00
2026-07-14,sf,Germany,0.0,100,18.0,15.362,2026-07-14T10:31:52.21191+00:00
2026-07-14,sf,Ghana,0.0,100,1.8,1.536,2026-07-14T10:31:52.21191+00:00
2026-07-14,sf,Haiti,0.0,100,0.5,0.427,2026-07-14T10:31:52.21191+00:00
2026-07-14,sf,Iran,0.0,100,0.7,0.597,2026-07-14T10:31:52.21191+00:00
2026-07-14,sf,Iraq,0.0,100,0.1,0.085,2026-07-14T10:31:52.21191+00:00
2026-07-14,sf,Ivory Coast,0.0,100,0.8,0.683,2026-07-14T10:31:52.21191+00:00
2026-07-14,sf,Japan,0.0,100,3.0,2.56,2026-07-14T10:31:52.21191+00:00
2026-07-14,sf,Jordan,0.0,100,1.1,0.939,2026-07-14T10:31:52.21191+00:00
2026-07-14,sf,Mexico,0.0,100,0.1,0.085,2026-07-14T10:31:52.21191+00:00
2026-07-14,sf,Morocco,0.0,100,0.1,0.085,2026-07-14T10:31:52.21191+00:00
2026-07-14,sf,Netherlands,0.0,100,0.2,0.171,2026-07-14T10:31:52.21191+00:00
2026-07-14,sf,New Zealand,0.0,100,3.3,2.816,2026-07-14T10:31:52.21191+00:00
2026-07-14,sf,Norway,0.0,100,0.1,0.085,2026-07-14T10:31:52.21191+00:00
2026-07-14,sf,Panama,0.0,100,3.0,2.56,2026-07-14T10:31:52.21191+00:00
2026-07-14,sf,Paraguay,0.0,100,0.1,0.085,2026-07-14T10:31:52.21191+00:00
2026-07-14,sf,Portugal,0.0,100,5.9,5.035,2026-07-14T10:31:52.21191+00:00
2026-07-14,sf,Qatar,0.0,100,0.9,0.768,2026-07-14T10:31:52.21191+00:00
2026-07-14,sf,Saudi Arabia,0.0,100,1.9,1.622,2026-07-14T10:31:52.21191+00:00
2026-07-14,sf,Scotland,0.0,100,1.7,1.451,2026-07-14T10:31:52.21191+00:00
2026-07-14,sf,Senegal,0.0,100,0.1,0.085,2026-07-14T10:31:52.21191+00:00
2026-07-14,sf,South Africa,0.0,100,1.1,0.939,2026-07-14T10:31:52.21191+00:00
2026-07-14,sf,South Korea,0.0,100,1.9,1.622,2026-07-14T10:31:52.21191+00:00
2026-07-14,sf,Spain,100.0,100,99.9,85.257,2026-07-14T10:31:52.21191+00:00
2026-07-14,sf,Sweden,0.0,100,0.1,0.085,2026-07-14T10:31:52.21191+00:00
2026-07-14,sf,Switzerland,0.0,100,0.1,0.085,2026-07-14T10:31:52.21191+00:00
2026-07-14,sf,Tunisia,0.0,100,1.0,0.853,2026-07-14T10:31:52.21191+00:00
2026-07-14,sf,Turkey,0.0,100,3.8,3.243,2026-07-14T10:31:52.21191+00:00
2026-07-14,sf,United States,0.0,100,0.1,0.085,2026-07-14T10:31:52.21191+00:00
2026-07-14,sf,Uruguay,0.0,100,0.3,0.256,2026-07-14T10:31:52.21191+00:00
2026-07-14,sf,Uzbekistan,0.0,100,0.6,0.512,2026-07-14T10:31:52.21191+00:00
2026-07-15,final,Algeria,0.0,101,1.1,0.925,2026-07-15T10:36:18.019329+00:00
2026-07-15,final,Argentina,49.34,101,46.5,39.108,2026-07-15T10:36:18.019329+00:00
2026-07-15,final,Australia,0.0,101,0.5,0.421,2026-07-15T10:36:18.019329+00:00
2026-07-15,final,Austria,0.0,101,0.4,0.336,2026-07-15T10:36:18.019329+00:00
2026-07-15,final,Belgium,0.0,101,0.1,0.084,2026-07-15T10:36:18.019329+00:00
2026-07-15,final,Bosnia and Herzegovina,0.0,101,1.4,1.177,2026-07-15T10:36:18.019329+00:00
2026-07-15,final,Brazil,0.0,101,0.2,0.168,2026-07-15T10:36:18.019329+00:00
2026-07-15,final,Canada,0.0,101,1.7,1.43,2026-07-15T10:36:18.019329+00:00
2026-07-15,final,Cape Verde,0.0,101,2.0,1.682,2026-07-15T10:36:18.019329+00:00
2026-07-15,final,Colombia,0.0,101,0.1,0.084,2026-07-15T10:36:18.019329+00:00
2026-07-15,final,Croatia,0.0,101,2.7,2.271,2026-07-15T10:36:18.019329+00:00
2026-07-15,final,Curacao,0.0,101,1.8,1.514,2026-07-15T10:36:18.019329+00:00
2026-07-15,final,Czechia,0.0,101,1.0,0.841,2026-07-15T10:36:18.019329+00:00
2026-07-15,final,DR Congo,0.0,101,0.9,0.757,2026-07-15T10:36:18.019329+00:00
2026-07-15,final,Ecuador,0.0,101,1.8,1.514,2026-07-15T10:36:18.019329+00:00
2026-07-15,final,Egypt,0.0,101,0.8,0.673,2026-07-15T10:36:18.019329+00:00
2026-07-15,final,England,50.66,101,54.0,45.416,2026-07-15T10:36:18.019329+00:00
2026-07-15,final,France,0.0,101,0.2,0.168,2026-07-15T10:36:18.019329+00:00
2026-07-15,final,Germany,0.0,101,0.1,0.084,2026-07-15T10:36:18.019329+00:00
2026-07-15,final,Ghana,0.0,101,1.5,1.262,2026-07-15T10:36:18.019329+00:00
2026-07-15,final,Haiti,0.0,101,0.5,0.421,2026-07-15T10:36:18.019329+00:00
2026-07-15,final,Iran,0.0,101,0.8,0.673,2026-07-15T10:36:18.019329+00:00
2026-07-15,final,Iraq,0.0,101,0.2,0.168,2026-07-15T10:36:18.019329+00:00
2026-07-15,final,Ivory Coast,0.0,101,0.1,0.084,2026-07-15T10:36:18.019329+00:00
2026-07-15,final,Japan,0.0,101,3.2,2.691,2026-07-15T10:36:18.019329+00:00
2026-07-15,final,Jordan,0.0,101,0.6,0.505,2026-07-15T10:36:18.019329+00:00
2026-07-15,final,Mexico,0.0,101,3.6,3.028,2026-07-15T10:36:18.019329+00:00
2026-07-15,final,Morocco,0.0,101,0.2,0.168,2026-07-15T10:36:18.019329+00:00
2026-07-15,final,Netherlands,0.0,101,0.1,0.084,2026-07-15T10:36:18.019329+00:00
2026-07-15,final,New Zealand,0.0,101,0.2,0.168,2026-07-15T10:36:18.019329+00:00
2026-07-15,final,Norway,0.0,101,0.1,0.084,2026-07-15T10:36:18.019329+00:00
2026-07-15,final,Panama,0.0,101,0.1,0.084,2026-07-15T10:36:18.019329+00:00
2026-07-15,final,Paraguay,0.0,101,0.1,0.084,2026-07-15T10:36:18.019329+00:00
2026-07-15,final,Portugal,0.0,101,1.0,0.841,2026-07-15T10:36:18.019329+00:00
2026-07-15,final,Qatar,0.0,101,0.2,0.168,2026-07-15T10:36:18.019329+00:00
2026-07-15,final,Saudi Arabia,0.0,101,1.0,0.841,2026-07-15T10:36:18.019329+00:00
2026-07-15,final,Scotland,0.0,101,0.2,0.168,2026-07-15T10:36:18.019329+00:00
2026-07-15,final,Senegal,0.0,101,0.1,0.084,2026-07-15T10:36:18.019329+00:00
2026-07-15,final,South Africa,0.0,101,0.8,0.673,2026-07-15T10:36:18.019329+00:00
2026-07-15,final,South Korea,0.0,101,0.6,0.505,2026-07-15T10:36:18.019329+00:00
2026-07-15,final,Spain,100.0,101,99.9,84.02,2026-07-15T10:36:18.019329+00:00
2026-07-15,final,Sweden,0.0,101,0.7,0.589,2026-07-15T10:36:18.019329+00:00
2026-07-15,final,Switzerland,0.0,101,0.1,0.084,2026-07-15T10:36:18.019329+00:00
2026-07-15,final,Tunisia,0.0,101,1.6,1.346,2026-07-15T10:36:18.019329+00:00
2026-07-15,final,Turkey,0.0,101,0.1,0.084,2026-07-15T10:36:18.019329+00:00
2026-07-15,final,United States,0.0,101,0.1,0.084,2026-07-15T10:36:18.019329+00:00
2026-07-15,final,Uruguay,0.0,101,2.6,2.187,2026-07-15T10:36:18.019329+00:00
2026-07-15,final,Uzbekistan,0.0,101,0.2,0.168,2026-07-15T10:36:18.019329+00:00
2026-07-15,qf,Algeria,0.0,101,0.1,0.09,2026-07-15T10:36:18.019329+00:00
2026-07-15,qf,Argentina,100.0,101,99.9,89.426,2026-07-15T10:36:18.019329+00:00
2026-07-15,qf,Australia,0.0,101,6.6,5.908,2026-07-15T10:36:18.019329+00:00
2026-07-15,qf,Austria,0.0,101,4.6,4.118,2026-07-15T10:36:18.019329+00:00
2026-07-15,qf,Belgium,100.0,101,99.9,89.426,2026-07-15T10:36:18.019329+00:00
2026-07-15,qf,Bosnia and Herzegovina,0.0,101,4.7,4.207,2026-07-15T10:36:18.019329+00:00
2026-07-15,qf,Brazil,0.0,101,0.1,0.09,2026-07-15T10:36:18.019329+00:00
2026-07-15,qf,Canada,0.0,101,0.1,0.09,2026-07-15T10:36:18.019329+00:00
2026-07-15,qf,Cape Verde,0.0,101,0.2,0.179,2026-07-15T10:36:18.019329+00:00
2026-07-15,qf,Colombia,0.0,101,0.1,0.09,2026-07-15T10:36:18.019329+00:00
2026-07-15,qf,Croatia,0.0,101,0.1,0.09,2026-07-15T10:36:18.019329+00:00
2026-07-15,qf,Curacao,0.0,101,0.9,0.806,2026-07-15T10:36:18.019329+00:00
2026-07-15,qf,Czechia,0.0,101,0.1,0.09,2026-07-15T10:36:18.019329+00:00
2026-07-15,qf,DR Congo,0.0,101,0.1,0.09,2026-07-15T10:36:18.019329+00:00
2026-07-15,qf,Ecuador,0.0,101,0.1,0.09,2026-07-15T10:36:18.019329+00:00
2026-07-15,qf,Egypt,0.0,101,0.1,0.09,2026-07-15T10:36:18.019329+00:00
2026-07-15,qf,England,100.0,101,99.9,89.426,2026-07-15T10:36:18.019329+00:00
2026-07-15,qf,France,100.0,101,99.9,89.426,2026-07-15T10:36:18.019329+00:00
2026-07-15,qf,Germany,0.0,101,32.0,28.645,2026-07-15T10:36:18.019329+00:00
2026-07-15,qf,Ghana,0.0,101,0.1,0.09,2026-07-15T10:36:18.019329+00:00
2026-07-15,qf,Haiti,0.0,101,3.6,3.223,2026-07-15T10:36:18.019329+00:00
2026-07-15,qf,Iran,0.0,101,0.4,0.358,2026-07-15T10:36:18.019329+00:00
2026-07-15,qf,Iraq,0.0,101,0.5,0.448,2026-07-15T10:36:18.019329+00:00
2026-07-15,qf,Ivory Coast,0.0,101,1.0,0.895,2026-07-15T10:36:18.019329+00:00
2026-07-15,qf,Japan,0.0,101,0.1,0.09,2026-07-15T10:36:18.019329+00:00
2026-07-15,qf,Jordan,0.0,101,,,2026-07-15T10:36:18.019329+00:00
2026-07-15,qf,Mexico,0.0,101,0.1,0.09,2026-07-15T10:36:18.019329+00:00
2026-07-15,qf,Morocco,100.0,101,99.9,89.426,2026-07-15T10:36:18.019329+00:00
2026-07-15,qf,Netherlands,0.0,101,1.0,0.895,2026-07-15T10:36:18.019329+00:00
2026-07-15,qf,New Zealand,0.0,101,0.1,0.09,2026-07-15T10:36:18.019329+00:00
2026-07-15,qf,Norway,100.0,101,99.9,89.426,2026-07-15T10:36:18.019329+00:00
2026-07-15,qf,Panama,0.0,101,3.9,3.491,2026-07-15T10:36:18.019329+00:00
2026-07-15,qf,Paraguay,0.0,101,0.1,0.09,2026-07-15T10:36:18.019329+00:00
2026-07-15,qf,Portugal,0.0,101,2.7,2.417,2026-07-15T10:36:18.019329+00:00
2026-07-15,qf,Qatar,0.0,101,5.0,4.476,2026-07-15T10:36:18.019329+00:00
2026-07-15,qf,Saudi Arabia,0.0,101,1.5,1.343,2026-07-15T10:36:18.019329+00:00
2026-07-15,qf,Scotland,0.0,101,3.5,3.133,2026-07-15T10:36:18.019329+00:00
2026-07-15,qf,Senegal,0.0,101,1.0,0.895,2026-07-15T10:36:18.019329+00:00
2026-07-15,qf,South Africa,0.0,101,2.9,2.596,2026-07-15T10:36:18.019329+00:00
2026-07-15,qf,South Korea,0.0,101,4.8,4.297,2026-07-15T10:36:18.019329+00:00
2026-07-15,qf,Spain,100.0,101,99.9,89.426,2026-07-15T10:36:18.019329+00:00
2026-07-15,qf,Sweden,0.0,101,0.1,0.09,2026-07-15T10:36:18.019329+00:00
2026-07-15,qf,Switzerland,100.0,101,99.9,89.426,2026-07-15T10:36:18.019329+00:00
2026-07-15,qf,Tunisia,0.0,101,2.5,2.238,2026-07-15T10:36:18.019329+00:00
2026-07-15,qf,Turkey,0.0,101,0.1,0.09,2026-07-15T10:36:18.019329+00:00
2026-07-15,qf,United States,0.0,101,0.1,0.09,2026-07-15T10:36:18.019329+00:00
2026-07-15,qf,Uruguay,0.0,101,9.0,8.056,2026-07-15T10:36:18.019329+00:00
2026-07-15,qf,Uzbekistan,0.0,101,0.5,0.448,2026-07-15T10:36:18.019329+00:00
2026-07-15,r16,Algeria,0.0,101,3.0,2.903,2026-07-15T10:36:18.019329+00:00
2026-07-15,r16,Argentina,100.0,101,99.9,96.674,2026-07-15T10:36:18.019329+00:00
2026-07-15,r16,Australia,0.0,101,0.1,0.097,2026-07-15T10:36:18.019329+00:00
2026-07-15,r16,Austria,0.0,101,0.4,0.387,2026-07-15T10:36:18.019329+00:00
2026-07-15,r16,Belgium,100.0,101,99.9,96.674,2026-07-15T10:36:18.019329+00:00
2026-07-15,r16,Bosnia and Herzegovina,0.0,101,3.9,3.774,2026-07-15T10:36:18.019329+00:00
2026-07-15,r16,Brazil,100.0,101,99.9,96.674,2026-07-15T10:36:18.019329+00:00
2026-07-15,r16,Canada,100.0,101,99.9,96.674,2026-07-15T10:36:18.019329+00:00
2026-07-15,r16,Cape Verde,0.0,101,0.1,0.097,2026-07-15T10:36:18.019329+00:00
2026-07-15,r16,Colombia,100.0,101,99.9,96.674,2026-07-15T10:36:18.019329+00:00
2026-07-15,r16,Croatia,0.0,101,1.0,0.968,2026-07-15T10:36:18.019329+00:00
2026-07-15,r16,Curacao,0.0,101,0.6,0.581,2026-07-15T10:36:18.019329+00:00
2026-07-15,r16,Czechia,0.0,101,4.0,3.871,2026-07-15T10:36:18.019329+00:00
2026-07-15,r16,DR Congo,0.0,101,1.0,0.968,2026-07-15T10:36:18.019329+00:00
2026-07-15,r16,Ecuador,0.0,101,2.0,1.935,2026-07-15T10:36:18.019329+00:00
2026-07-15,r16,Egypt,100.0,101,99.9,96.674,2026-07-15T10:36:18.019329+00:00
2026-07-15,r16,England,100.0,101,99.9,96.674,2026-07-15T10:36:18.019329+00:00
2026-07-15,r16,France,100.0,101,99.9,96.674,2026-07-15T10:36:18.019329+00:00
2026-07-15,r16,Germany,0.0,101,0.1,0.097,2026-07-15T10:36:18.019329+00:00
2026-07-15,r16,Ghana,0.0,101,0.1,0.097,2026-07-15T10:36:18.019329+00:00
2026-07-15,r16,Haiti,0.0,101,0.5,0.484,2026-07-15T10:36:18.019329+00:00
2026-07-15,r16,Iran,0.0,101,0.1,0.097,2026-07-15T10:36:18.019329+00:00
2026-07-15,r16,Iraq,0.0,101,1.0,0.968,2026-07-15T10:36:18.019329+00:00
2026-07-15,r16,Ivory Coast,0.0,101,4.0,3.871,2026-07-15T10:36:18.019329+00:00
2026-07-15,r16,Japan,0.0,101,0.1,0.097,2026-07-15T10:36:18.019329+00:00
2026-07-15,r16,Jordan,0.0,101,3.2,3.097,2026-07-15T10:36:18.019329+00:00
2026-07-15,r16,Mexico,100.0,101,99.9,96.674,2026-07-15T10:36:18.019329+00:00
2026-07-15,r16,Morocco,100.0,101,99.9,96.674,2026-07-15T10:36:18.019329+00:00
2026-07-15,r16,Netherlands,0.0,101,0.1,0.097,2026-07-15T10:36:18.019329+00:00
2026-07-15,r16,New Zealand,0.0,101,1.3,1.258,2026-07-15T10:36:18.019329+00:00
2026-07-15,r16,Norway,100.0,101,99.9,96.674,2026-07-15T10:36:18.019329+00:00
2026-07-15,r16,Panama,0.0,101,0.1,0.097,2026-07-15T10:36:18.019329+00:00
2026-07-15,r16,Paraguay,100.0,101,99.9,96.674,2026-07-15T10:36:18.019329+00:00
2026-07-15,r16,Portugal,100.0,101,99.9,96.674,2026-07-15T10:36:18.019329+00:00
2026-07-15,r16,Qatar,0.0,101,2.3,2.226,2026-07-15T10:36:18.019329+00:00
2026-07-15,r16,Saudi Arabia,0.0,101,3.6,3.484,2026-07-15T10:36:18.019329+00:00
2026-07-15,r16,Scotland,0.0,101,1.6,1.548,2026-07-15T10:36:18.019329+00:00
2026-07-15,r16,Senegal,0.0,101,0.1,0.097,2026-07-15T10:36:18.019329+00:00
2026-07-15,r16,South Africa,0.0,101,0.1,0.097,2026-07-15T10:36:18.019329+00:00
2026-07-15,r16,South Korea,0.0,101,13.0,12.58,2026-07-15T10:36:18.019329+00:00
2026-07-15,r16,Spain,100.0,101,99.9,96.674,2026-07-15T10:36:18.019329+00:00
2026-07-15,r16,Sweden,0.0,101,1.0,0.968,2026-07-15T10:36:18.019329+00:00
2026-07-15,r16,Switzerland,100.0,101,99.9,96.674,2026-07-15T10:36:18.019329+00:00
2026-07-15,r16,Tunisia,0.0,101,3.0,2.903,2026-07-15T10:36:18.019329+00:00
2026-07-15,r16,Turkey,0.0,101,2.0,1.935,2026-07-15T10:36:18.019329+00:00
2026-07-15,r16,United States,100.0,101,99.9,96.674,2026-07-15T10:36:18.019329+00:00
2026-07-15,r16,Uruguay,0.0,101,0.1,0.097,2026-07-15T10:36:18.019329+00:00
2026-07-15,r16,Uzbekistan,0.0,101,1.5,1.452,2026-07-15T10:36:18.019329+00:00
2026-07-15,sf,Algeria,0.0,101,1.7,1.451,2026-07-15T10:36:18.019329+00:00
2026-07-15,sf,Argentina,100.0,101,99.9,85.257,2026-07-15T10:36:18.019329+00:00
2026-07-15,sf,Australia,0.0,101,2.8,2.39,2026-07-15T10:36:18.019329+00:00
2026-07-15,sf,Austria,0.0,101,2.4,2.048,2026-07-15T10:36:18.019329+00:00
2026-07-15,sf,Belgium,0.0,101,1.1,0.939,2026-07-15T10:36:18.019329+00:00
2026-07-15,sf,Bosnia and Herzegovina,0.0,101,1.0,0.853,2026-07-15T10:36:18.019329+00:00
2026-07-15,sf,Brazil,0.0,101,0.1,0.085,2026-07-15T10:36:18.019329+00:00
2026-07-15,sf,Canada,0.0,101,1.4,1.195,2026-07-15T10:36:18.019329+00:00
2026-07-15,sf,Cape Verde,0.0,101,1.1,0.939,2026-07-15T10:36:18.019329+00:00
2026-07-15,sf,Colombia,0.0,101,0.1,0.085,2026-07-15T10:36:18.019329+00:00
2026-07-15,sf,Croatia,0.0,101,1.3,1.109,2026-07-15T10:36:18.019329+00:00
2026-07-15,sf,Curacao,0.0,101,0.1,0.085,2026-07-15T10:36:18.019329+00:00
2026-07-15,sf,Czechia,0.0,101,2.1,1.792,2026-07-15T10:36:18.019329+00:00
2026-07-15,sf,DR Congo,0.0,101,1.2,1.024,2026-07-15T10:36:18.019329+00:00
2026-07-15,sf,Ecuador,0.0,101,0.1,0.085,2026-07-15T10:36:18.019329+00:00
2026-07-15,sf,Egypt,0.0,101,0.2,0.171,2026-07-15T10:36:18.019329+00:00
2026-07-15,sf,England,100.0,101,99.9,85.257,2026-07-15T10:36:18.019329+00:00
2026-07-15,sf,France,100.0,101,99.9,85.257,2026-07-15T10:36:18.019329+00:00
2026-07-15,sf,Germany,0.0,101,18.0,15.362,2026-07-15T10:36:18.019329+00:00
2026-07-15,sf,Ghana,0.0,101,1.8,1.536,2026-07-15T10:36:18.019329+00:00
2026-07-15,sf,Haiti,0.0,101,0.5,0.427,2026-07-15T10:36:18.019329+00:00
2026-07-15,sf,Iran,0.0,101,0.7,0.597,2026-07-15T10:36:18.019329+00:00
2026-07-15,sf,Iraq,0.0,101,0.1,0.085,2026-07-15T10:36:18.019329+00:00
2026-07-15,sf,Ivory Coast,0.0,101,0.8,0.683,2026-07-15T10:36:18.019329+00:00
2026-07-15,sf,Japan,0.0,101,3.0,2.56,2026-07-15T10:36:18.019329+00:00
2026-07-15,sf,Jordan,0.0,101,1.1,0.939,2026-07-15T10:36:18.019329+00:00
2026-07-15,sf,Mexico,0.0,101,0.1,0.085,2026-07-15T10:36:18.019329+00:00
2026-07-15,sf,Morocco,0.0,101,0.1,0.085,2026-07-15T10:36:18.019329+00:00
2026-07-15,sf,Netherlands,0.0,101,0.2,0.171,2026-07-15T10:36:18.019329+00:00
2026-07-15,sf,New Zealand,0.0,101,3.3,2.816,2026-07-15T10:36:18.019329+00:00
2026-07-15,sf,Norway,0.0,101,0.1,0.085,2026-07-15T10:36:18.019329+00:00
2026-07-15,sf,Panama,0.0,101,3.0,2.56,2026-07-15T10:36:18.019329+00:00
2026-07-15,sf,Paraguay,0.0,101,0.1,0.085,2026-07-15T10:36:18.019329+00:00
2026-07-15,sf,Portugal,0.0,101,5.9,5.035,2026-07-15T10:36:18.019329+00:00
2026-07-15,sf,Qatar,0.0,101,0.9,0.768,2026-07-15T10:36:18.019329+00:00
2026-07-15,sf,Saudi Arabia,0.0,101,1.9,1.622,2026-07-15T10:36:18.019329+00:00
2026-07-15,sf,Scotland,0.0,101,1.7,1.451,2026-07-15T10:36:18.019329+00:00
2026-07-15,sf,Senegal,0.0,101,0.1,0.085,2026-07-15T10:36:18.019329+00:00
2026-07-15,sf,South Africa,0.0,101,1.1,0.939,2026-07-15T10:36:18.019329+00:00
2026-07-15,sf,South Korea,0.0,101,1.9,1.622,2026-07-15T10:36:18.019329+00:00
2026-07-15,sf,Spain,100.0,101,99.9,85.257,2026-07-15T10:36:18.019329+00:00
2026-07-15,sf,Sweden,0.0,101,0.1,0.085,2026-07-15T10:36:18.019329+00:00
2026-07-15,sf,Switzerland,0.0,101,0.1,0.085,2026-07-15T10:36:18.019329+00:00
2026-07-15,sf,Tunisia,0.0,101,1.0,0.853,2026-07-15T10:36:18.019329+00:00
2026-07-15,sf,Turkey,0.0,101,3.8,3.243,2026-07-15T10:36:18.019329+00:00
2026-07-15,sf,United States,0.0,101,0.1,0.085,2026-07-15T10:36:18.019329+00:00
2026-07-15,sf,Uruguay,0.0,101,0.3,0.256,2026-07-15T10:36:18.019329+00:00
2026-07-15,sf,Uzbekistan,0.0,101,0.6,0.512,2026-07-15T10:36:18.019329+00:00
2026-07-16,final,Algeria,0.0,102,1.1,0.927,2026-07-16T10:41:36.985704+00:00
2026-07-16,final,Argentina,100.0,102,99.9,84.197,2026-07-16T10:41:36.985704+00:00
2026-07-16,final,Australia,0.0,102,0.5,0.421,2026-07-16T10:41:36.985704+00:00
2026-07-16,final,Austria,0.0,102,0.4,0.337,2026-07-16T10:41:36.985704+00:00
2026-07-16,final,Belgium,0.0,102,0.1,0.084,2026-07-16T10:41:36.985704+00:00
2026-07-16,final,Bosnia and Herzegovina,0.0,102,1.4,1.18,2026-07-16T10:41:36.985704+00:00
2026-07-16,final,Brazil,0.0,102,0.2,0.169,2026-07-16T10:41:36.985704+00:00
2026-07-16,final,Canada,0.0,102,1.7,1.433,2026-07-16T10:41:36.985704+00:00
2026-07-16,final,Cape Verde,0.0,102,2.0,1.686,2026-07-16T10:41:36.985704+00:00
2026-07-16,final,Colombia,0.0,102,0.1,0.084,2026-07-16T10:41:36.985704+00:00
2026-07-16,final,Croatia,0.0,102,2.7,2.276,2026-07-16T10:41:36.985704+00:00
2026-07-16,final,Curacao,0.0,102,1.8,1.517,2026-07-16T10:41:36.985704+00:00
2026-07-16,final,Czechia,0.0,102,1.0,0.843,2026-07-16T10:41:36.985704+00:00
2026-07-16,final,DR Congo,0.0,102,0.9,0.759,2026-07-16T10:41:36.985704+00:00
2026-07-16,final,Ecuador,0.0,102,1.8,1.517,2026-07-16T10:41:36.985704+00:00
2026-07-16,final,Egypt,0.0,102,0.8,0.674,2026-07-16T10:41:36.985704+00:00
2026-07-16,final,England,0.0,102,0.1,0.084,2026-07-16T10:41:36.985704+00:00
2026-07-16,final,France,0.0,102,0.2,0.169,2026-07-16T10:41:36.985704+00:00
2026-07-16,final,Germany,0.0,102,0.1,0.084,2026-07-16T10:41:36.985704+00:00
2026-07-16,final,Ghana,0.0,102,1.5,1.264,2026-07-16T10:41:36.985704+00:00
2026-07-16,final,Haiti,0.0,102,0.5,0.421,2026-07-16T10:41:36.985704+00:00
2026-07-16,final,Iran,0.0,102,0.8,0.674,2026-07-16T10:41:36.985704+00:00
2026-07-16,final,Iraq,0.0,102,0.2,0.169,2026-07-16T10:41:36.985704+00:00
2026-07-16,final,Ivory Coast,0.0,102,0.1,0.084,2026-07-16T10:41:36.985704+00:00
2026-07-16,final,Japan,0.0,102,3.2,2.697,2026-07-16T10:41:36.985704+00:00
2026-07-16,final,Jordan,0.0,102,0.6,0.506,2026-07-16T10:41:36.985704+00:00
2026-07-16,final,Mexico,0.0,102,3.6,3.034,2026-07-16T10:41:36.985704+00:00
2026-07-16,final,Morocco,0.0,102,0.2,0.169,2026-07-16T10:41:36.985704+00:00
2026-07-16,final,Netherlands,0.0,102,0.1,0.084,2026-07-16T10:41:36.985704+00:00
2026-07-16,final,New Zealand,0.0,102,0.2,0.169,2026-07-16T10:41:36.985704+00:00
2026-07-16,final,Norway,0.0,102,0.1,0.084,2026-07-16T10:41:36.985704+00:00
2026-07-16,final,Panama,0.0,102,0.1,0.084,2026-07-16T10:41:36.985704+00:00
2026-07-16,final,Paraguay,0.0,102,0.1,0.084,2026-07-16T10:41:36.985704+00:00
2026-07-16,final,Portugal,0.0,102,1.0,0.843,2026-07-16T10:41:36.985704+00:00
2026-07-16,final,Qatar,0.0,102,0.2,0.169,2026-07-16T10:41:36.985704+00:00
2026-07-16,final,Saudi Arabia,0.0,102,1.0,0.843,2026-07-16T10:41:36.985704+00:00
2026-07-16,final,Scotland,0.0,102,0.2,0.169,2026-07-16T10:41:36.985704+00:00
2026-07-16,final,Senegal,0.0,102,0.1,0.084,2026-07-16T10:41:36.985704+00:00
2026-07-16,final,South Africa,0.0,102,0.8,0.674,2026-07-16T10:41:36.985704+00:00
2026-07-16,final,South Korea,0.0,102,0.6,0.506,2026-07-16T10:41:36.985704+00:00
2026-07-16,final,Spain,100.0,102,99.9,84.197,2026-07-16T10:41:36.985704+00:00
2026-07-16,final,Sweden,0.0,102,0.7,0.59,2026-07-16T10:41:36.985704+00:00
2026-07-16,final,Switzerland,0.0,102,0.1,0.084,2026-07-16T10:41:36.985704+00:00
2026-07-16,final,Tunisia,0.0,102,1.6,1.349,2026-07-16T10:41:36.985704+00:00
2026-07-16,final,Turkey,0.0,102,0.1,0.084,2026-07-16T10:41:36.985704+00:00
2026-07-16,final,United States,0.0,102,0.1,0.084,2026-07-16T10:41:36.985704+00:00
2026-07-16,final,Uruguay,0.0,102,2.6,2.191,2026-07-16T10:41:36.985704+00:00
2026-07-16,final,Uzbekistan,0.0,102,0.2,0.169,2026-07-16T10:41:36.985704+00:00
2026-07-16,qf,Algeria,0.0,102,0.1,0.09,2026-07-16T10:41:36.985704+00:00
2026-07-16,qf,Argentina,100.0,102,99.9,89.426,2026-07-16T10:41:36.985704+00:00
2026-07-16,qf,Australia,0.0,102,6.6,5.908,2026-07-16T10:41:36.985704+00:00
2026-07-16,qf,Austria,0.0,102,4.6,4.118,2026-07-16T10:41:36.985704+00:00
2026-07-16,qf,Belgium,100.0,102,99.9,89.426,2026-07-16T10:41:36.985704+00:00
2026-07-16,qf,Bosnia and Herzegovina,0.0,102,4.7,4.207,2026-07-16T10:41:36.985704+00:00
2026-07-16,qf,Brazil,0.0,102,0.1,0.09,2026-07-16T10:41:36.985704+00:00
2026-07-16,qf,Canada,0.0,102,0.1,0.09,2026-07-16T10:41:36.985704+00:00
2026-07-16,qf,Cape Verde,0.0,102,0.2,0.179,2026-07-16T10:41:36.985704+00:00
2026-07-16,qf,Colombia,0.0,102,0.1,0.09,2026-07-16T10:41:36.985704+00:00
2026-07-16,qf,Croatia,0.0,102,0.1,0.09,2026-07-16T10:41:36.985704+00:00
2026-07-16,qf,Curacao,0.0,102,0.9,0.806,2026-07-16T10:41:36.985704+00:00
2026-07-16,qf,Czechia,0.0,102,0.1,0.09,2026-07-16T10:41:36.985704+00:00
2026-07-16,qf,DR Congo,0.0,102,0.1,0.09,2026-07-16T10:41:36.985704+00:00
2026-07-16,qf,Ecuador,0.0,102,0.1,0.09,2026-07-16T10:41:36.985704+00:00
2026-07-16,qf,Egypt,0.0,102,0.1,0.09,2026-07-16T10:41:36.985704+00:00
2026-07-16,qf,England,100.0,102,99.9,89.426,2026-07-16T10:41:36.985704+00:00
2026-07-16,qf,France,100.0,102,99.9,89.426,2026-07-16T10:41:36.985704+00:00
2026-07-16,qf,Germany,0.0,102,32.0,28.645,2026-07-16T10:41:36.985704+00:00
2026-07-16,qf,Ghana,0.0,102,0.1,0.09,2026-07-16T10:41:36.985704+00:00
2026-07-16,qf,Haiti,0.0,102,3.6,3.223,2026-07-16T10:41:36.985704+00:00
2026-07-16,qf,Iran,0.0,102,0.4,0.358,2026-07-16T10:41:36.985704+00:00
2026-07-16,qf,Iraq,0.0,102,0.5,0.448,2026-07-16T10:41:36.985704+00:00
2026-07-16,qf,Ivory Coast,0.0,102,1.0,0.895,2026-07-16T10:41:36.985704+00:00
2026-07-16,qf,Japan,0.0,102,0.1,0.09,2026-07-16T10:41:36.985704+00:00
2026-07-16,qf,Jordan,0.0,102,,,2026-07-16T10:41:36.985704+00:00
2026-07-16,qf,Mexico,0.0,102,0.1,0.09,2026-07-16T10:41:36.985704+00:00
2026-07-16,qf,Morocco,100.0,102,99.9,89.426,2026-07-16T10:41:36.985704+00:00
2026-07-16,qf,Netherlands,0.0,102,1.0,0.895,2026-07-16T10:41:36.985704+00:00
2026-07-16,qf,New Zealand,0.0,102,0.1,0.09,2026-07-16T10:41:36.985704+00:00
2026-07-16,qf,Norway,100.0,102,99.9,89.426,2026-07-16T10:41:36.985704+00:00
2026-07-16,qf,Panama,0.0,102,3.9,3.491,2026-07-16T10:41:36.985704+00:00
2026-07-16,qf,Paraguay,0.0,102,0.1,0.09,2026-07-16T10:41:36.985704+00:00
2026-07-16,qf,Portugal,0.0,102,2.7,2.417,2026-07-16T10:41:36.985704+00:00
2026-07-16,qf,Qatar,0.0,102,5.0,4.476,2026-07-16T10:41:36.985704+00:00
2026-07-16,qf,Saudi Arabia,0.0,102,1.5,1.343,2026-07-16T10:41:36.985704+00:00
2026-07-16,qf,Scotland,0.0,102,3.5,3.133,2026-07-16T10:41:36.985704+00:00
2026-07-16,qf,Senegal,0.0,102,1.0,0.895,2026-07-16T10:41:36.985704+00:00
2026-07-16,qf,South Africa,0.0,102,2.9,2.596,2026-07-16T10:41:36.985704+00:00
2026-07-16,qf,South Korea,0.0,102,4.8,4.297,2026-07-16T10:41:36.985704+00:00
2026-07-16,qf,Spain,100.0,102,99.9,89.426,2026-07-16T10:41:36.985704+00:00
2026-07-16,qf,Sweden,0.0,102,0.1,0.09,2026-07-16T10:41:36.985704+00:00
2026-07-16,qf,Switzerland,100.0,102,99.9,89.426,2026-07-16T10:41:36.985704+00:00
2026-07-16,qf,Tunisia,0.0,102,2.5,2.238,2026-07-16T10:41:36.985704+00:00
2026-07-16,qf,Turkey,0.0,102,0.1,0.09,2026-07-16T10:41:36.985704+00:00
2026-07-16,qf,United States,0.0,102,0.1,0.09,2026-07-16T10:41:36.985704+00:00
2026-07-16,qf,Uruguay,0.0,102,9.0,8.056,2026-07-16T10:41:36.985704+00:00
2026-07-16,qf,Uzbekistan,0.0,102,0.5,0.448,2026-07-16T10:41:36.985704+00:00
2026-07-16,r16,Algeria,0.0,102,3.0,2.903,2026-07-16T10:41:36.985704+00:00
2026-07-16,r16,Argentina,100.0,102,99.9,96.674,2026-07-16T10:41:36.985704+00:00
2026-07-16,r16,Australia,0.0,102,0.1,0.097,2026-07-16T10:41:36.985704+00:00
2026-07-16,r16,Austria,0.0,102,0.4,0.387,2026-07-16T10:41:36.985704+00:00
2026-07-16,r16,Belgium,100.0,102,99.9,96.674,2026-07-16T10:41:36.985704+00:00
2026-07-16,r16,Bosnia and Herzegovina,0.0,102,3.9,3.774,2026-07-16T10:41:36.985704+00:00
2026-07-16,r16,Brazil,100.0,102,99.9,96.674,2026-07-16T10:41:36.985704+00:00
2026-07-16,r16,Canada,100.0,102,99.9,96.674,2026-07-16T10:41:36.985704+00:00
2026-07-16,r16,Cape Verde,0.0,102,0.1,0.097,2026-07-16T10:41:36.985704+00:00
2026-07-16,r16,Colombia,100.0,102,99.9,96.674,2026-07-16T10:41:36.985704+00:00
2026-07-16,r16,Croatia,0.0,102,1.0,0.968,2026-07-16T10:41:36.985704+00:00
2026-07-16,r16,Curacao,0.0,102,0.6,0.581,2026-07-16T10:41:36.985704+00:00
2026-07-16,r16,Czechia,0.0,102,4.0,3.871,2026-07-16T10:41:36.985704+00:00
2026-07-16,r16,DR Congo,0.0,102,1.0,0.968,2026-07-16T10:41:36.985704+00:00
2026-07-16,r16,Ecuador,0.0,102,2.0,1.935,2026-07-16T10:41:36.985704+00:00
2026-07-16,r16,Egypt,100.0,102,99.9,96.674,2026-07-16T10:41:36.985704+00:00
2026-07-16,r16,England,100.0,102,99.9,96.674,2026-07-16T10:41:36.985704+00:00
2026-07-16,r16,France,100.0,102,99.9,96.674,2026-07-16T10:41:36.985704+00:00
2026-07-16,r16,Germany,0.0,102,0.1,0.097,2026-07-16T10:41:36.985704+00:00
2026-07-16,r16,Ghana,0.0,102,0.1,0.097,2026-07-16T10:41:36.985704+00:00
2026-07-16,r16,Haiti,0.0,102,0.5,0.484,2026-07-16T10:41:36.985704+00:00
2026-07-16,r16,Iran,0.0,102,0.1,0.097,2026-07-16T10:41:36.985704+00:00
2026-07-16,r16,Iraq,0.0,102,1.0,0.968,2026-07-16T10:41:36.985704+00:00
2026-07-16,r16,Ivory Coast,0.0,102,4.0,3.871,2026-07-16T10:41:36.985704+00:00
2026-07-16,r16,Japan,0.0,102,0.1,0.097,2026-07-16T10:41:36.985704+00:00
2026-07-16,r16,Jordan,0.0,102,3.2,3.097,2026-07-16T10:41:36.985704+00:00
2026-07-16,r16,Mexico,100.0,102,99.9,96.674,2026-07-16T10:41:36.985704+00:00
2026-07-16,r16,Morocco,100.0,102,99.9,96.674,2026-07-16T10:41:36.985704+00:00
2026-07-16,r16,Netherlands,0.0,102,0.1,0.097,2026-07-16T10:41:36.985704+00:00
2026-07-16,r16,New Zealand,0.0,102,1.3,1.258,2026-07-16T10:41:36.985704+00:00
2026-07-16,r16,Norway,100.0,102,99.9,96.674,2026-07-16T10:41:36.985704+00:00
2026-07-16,r16,Panama,0.0,102,0.1,0.097,2026-07-16T10:41:36.985704+00:00
2026-07-16,r16,Paraguay,100.0,102,99.9,96.674,2026-07-16T10:41:36.985704+00:00
2026-07-16,r16,Portugal,100.0,102,99.9,96.674,2026-07-16T10:41:36.985704+00:00
2026-07-16,r16,Qatar,0.0,102,2.3,2.226,2026-07-16T10:41:36.985704+00:00
2026-07-16,r16,Saudi Arabia,0.0,102,3.6,3.484,2026-07-16T10:41:36.985704+00:00
2026-07-16,r16,Scotland,0.0,102,1.6,1.548,2026-07-16T10:41:36.985704+00:00
2026-07-16,r16,Senegal,0.0,102,0.1,0.097,2026-07-16T10:41:36.985704+00:00
2026-07-16,r16,South Africa,0.0,102,0.1,0.097,2026-07-16T10:41:36.985704+00:00
2026-07-16,r16,South Korea,0.0,102,13.0,12.58,2026-07-16T10:41:36.985704+00:00
2026-07-16,r16,Spain,100.0,102,99.9,96.674,2026-07-16T10:41:36.985704+00:00
2026-07-16,r16,Sweden,0.0,102,1.0,0.968,2026-07-16T10:41:36.985704+00:00
2026-07-16,r16,Switzerland,100.0,102,99.9,96.674,2026-07-16T10:41:36.985704+00:00
2026-07-16,r16,Tunisia,0.0,102,3.0,2.903,2026-07-16T10:41:36.985704+00:00
2026-07-16,r16,Turkey,0.0,102,2.0,1.935,2026-07-16T10:41:36.985704+00:00
2026-07-16,r16,United States,100.0,102,99.9,96.674,2026-07-16T10:41:36.985704+00:00
2026-07-16,r16,Uruguay,0.0,102,0.1,0.097,2026-07-16T10:41:36.985704+00:00
2026-07-16,r16,Uzbekistan,0.0,102,1.5,1.452,2026-07-16T10:41:36.985704+00:00
2026-07-16,sf,Algeria,0.0,102,1.7,1.451,2026-07-16T10:41:36.985704+00:00
2026-07-16,sf,Argentina,100.0,102,99.9,85.257,2026-07-16T10:41:36.985704+00:00
2026-07-16,sf,Australia,0.0,102,2.8,2.39,2026-07-16T10:41:36.985704+00:00
2026-07-16,sf,Austria,0.0,102,2.4,2.048,2026-07-16T10:41:36.985704+00:00
2026-07-16,sf,Belgium,0.0,102,1.1,0.939,2026-07-16T10:41:36.985704+00:00
2026-07-16,sf,Bosnia and Herzegovina,0.0,102,1.0,0.853,2026-07-16T10:41:36.985704+00:00
2026-07-16,sf,Brazil,0.0,102,0.1,0.085,2026-07-16T10:41:36.985704+00:00
2026-07-16,sf,Canada,0.0,102,1.4,1.195,2026-07-16T10:41:36.985704+00:00
2026-07-16,sf,Cape Verde,0.0,102,1.1,0.939,2026-07-16T10:41:36.985704+00:00
2026-07-16,sf,Colombia,0.0,102,0.1,0.085,2026-07-16T10:41:36.985704+00:00
2026-07-16,sf,Croatia,0.0,102,1.3,1.109,2026-07-16T10:41:36.985704+00:00
2026-07-16,sf,Curacao,0.0,102,0.1,0.085,2026-07-16T10:41:36.985704+00:00
2026-07-16,sf,Czechia,0.0,102,2.1,1.792,2026-07-16T10:41:36.985704+00:00
2026-07-16,sf,DR Congo,0.0,102,1.2,1.024,2026-07-16T10:41:36.985704+00:00
2026-07-16,sf,Ecuador,0.0,102,0.1,0.085,2026-07-16T10:41:36.985704+00:00
2026-07-16,sf,Egypt,0.0,102,0.2,0.171,2026-07-16T10:41:36.985704+00:00
2026-07-16,sf,England,100.0,102,99.9,85.257,2026-07-16T10:41:36.985704+00:00
2026-07-16,sf,France,100.0,102,99.9,85.257,2026-07-16T10:41:36.985704+00:00
2026-07-16,sf,Germany,0.0,102,18.0,15.362,2026-07-16T10:41:36.985704+00:00
2026-07-16,sf,Ghana,0.0,102,1.8,1.536,2026-07-16T10:41:36.985704+00:00
2026-07-16,sf,Haiti,0.0,102,0.5,0.427,2026-07-16T10:41:36.985704+00:00
2026-07-16,sf,Iran,0.0,102,0.7,0.597,2026-07-16T10:41:36.985704+00:00
2026-07-16,sf,Iraq,0.0,102,0.1,0.085,2026-07-16T10:41:36.985704+00:00
2026-07-16,sf,Ivory Coast,0.0,102,0.8,0.683,2026-07-16T10:41:36.985704+00:00
2026-07-16,sf,Japan,0.0,102,3.0,2.56,2026-07-16T10:41:36.985704+00:00
2026-07-16,sf,Jordan,0.0,102,1.1,0.939,2026-07-16T10:41:36.985704+00:00
2026-07-16,sf,Mexico,0.0,102,0.1,0.085,2026-07-16T10:41:36.985704+00:00
2026-07-16,sf,Morocco,0.0,102,0.1,0.085,2026-07-16T10:41:36.985704+00:00
2026-07-16,sf,Netherlands,0.0,102,0.2,0.171,2026-07-16T10:41:36.985704+00:00
2026-07-16,sf,New Zealand,0.0,102,3.3,2.816,2026-07-16T10:41:36.985704+00:00
2026-07-16,sf,Norway,0.0,102,0.1,0.085,2026-07-16T10:41:36.985704+00:00
2026-07-16,sf,Panama,0.0,102,3.0,2.56,2026-07-16T10:41:36.985704+00:00
2026-07-16,sf,Paraguay,0.0,102,0.1,0.085,2026-07-16T10:41:36.985704+00:00
2026-07-16,sf,Portugal,0.0,102,5.9,5.035,2026-07-16T10:41:36.985704+00:00
2026-07-16,sf,Qatar,0.0,102,0.9,0.768,2026-07-16T10:41:36.985704+00:00
2026-07-16,sf,Saudi Arabia,0.0,102,1.9,1.622,2026-07-16T10:41:36.985704+00:00
2026-07-16,sf,Scotland,0.0,102,1.7,1.451,2026-07-16T10:41:36.985704+00:00
2026-07-16,sf,Senegal,0.0,102,0.1,0.085,2026-07-16T10:41:36.985704+00:00
2026-07-16,sf,South Africa,0.0,102,1.1,0.939,2026-07-16T10:41:36.985704+00:00
2026-07-16,sf,South Korea,0.0,102,1.9,1.622,2026-07-16T10:41:36.985704+00:00
2026-07-16,sf,Spain,100.0,102,99.9,85.257,2026-07-16T10:41:36.985704+00:00
2026-07-16,sf,Sweden,0.0,102,0.1,0.085,2026-07-16T10:41:36.985704+00:00
2026-07-16,sf,Switzerland,0.0,102,0.1,0.085,2026-07-16T10:41:36.985704+00:00
2026-07-16,sf,Tunisia,0.0,102,1.0,0.853,2026-07-16T10:41:36.985704+00:00
2026-07-16,sf,Turkey,0.0,102,3.8,3.243,2026-07-16T10:41:36.985704+00:00
2026-07-16,sf,United States,0.0,102,0.1,0.085,2026-07-16T10:41:36.985704+00:00
2026-07-16,sf,Uruguay,0.0,102,0.3,0.256,2026-07-16T10:41:36.985704+00:00
2026-07-16,sf,Uzbekistan,0.0,102,0.6,0.512,2026-07-16T10:41:36.985704+00:00
2026-07-17,final,Algeria,0.0,102,1.1,0.927,2026-07-17T10:33:23.762163+00:00
2026-07-17,final,Argentina,100.0,102,99.9,84.197,2026-07-17T10:33:23.762163+00:00
2026-07-17,final,Australia,0.0,102,0.5,0.421,2026-07-17T10:33:23.762163+00:00
2026-07-17,final,Austria,0.0,102,0.4,0.337,2026-07-17T10:33:23.762163+00:00
2026-07-17,final,Belgium,0.0,102,0.1,0.084,2026-07-17T10:33:23.762163+00:00
2026-07-17,final,Bosnia and Herzegovina,0.0,102,1.4,1.18,2026-07-17T10:33:23.762163+00:00
2026-07-17,final,Brazil,0.0,102,0.2,0.169,2026-07-17T10:33:23.762163+00:00
2026-07-17,final,Canada,0.0,102,1.7,1.433,2026-07-17T10:33:23.762163+00:00
2026-07-17,final,Cape Verde,0.0,102,2.0,1.686,2026-07-17T10:33:23.762163+00:00
2026-07-17,final,Colombia,0.0,102,0.1,0.084,2026-07-17T10:33:23.762163+00:00
2026-07-17,final,Croatia,0.0,102,2.7,2.276,2026-07-17T10:33:23.762163+00:00
2026-07-17,final,Curacao,0.0,102,1.8,1.517,2026-07-17T10:33:23.762163+00:00
2026-07-17,final,Czechia,0.0,102,1.0,0.843,2026-07-17T10:33:23.762163+00:00
2026-07-17,final,DR Congo,0.0,102,0.9,0.759,2026-07-17T10:33:23.762163+00:00
2026-07-17,final,Ecuador,0.0,102,1.8,1.517,2026-07-17T10:33:23.762163+00:00
2026-07-17,final,Egypt,0.0,102,0.8,0.674,2026-07-17T10:33:23.762163+00:00
2026-07-17,final,England,0.0,102,0.1,0.084,2026-07-17T10:33:23.762163+00:00
2026-07-17,final,France,0.0,102,0.2,0.169,2026-07-17T10:33:23.762163+00:00
2026-07-17,final,Germany,0.0,102,0.1,0.084,2026-07-17T10:33:23.762163+00:00
2026-07-17,final,Ghana,0.0,102,1.5,1.264,2026-07-17T10:33:23.762163+00:00
2026-07-17,final,Haiti,0.0,102,0.5,0.421,2026-07-17T10:33:23.762163+00:00
2026-07-17,final,Iran,0.0,102,0.8,0.674,2026-07-17T10:33:23.762163+00:00
2026-07-17,final,Iraq,0.0,102,0.2,0.169,2026-07-17T10:33:23.762163+00:00
2026-07-17,final,Ivory Coast,0.0,102,0.1,0.084,2026-07-17T10:33:23.762163+00:00
2026-07-17,final,Japan,0.0,102,3.2,2.697,2026-07-17T10:33:23.762163+00:00
2026-07-17,final,Jordan,0.0,102,0.6,0.506,2026-07-17T10:33:23.762163+00:00
2026-07-17,final,Mexico,0.0,102,3.6,3.034,2026-07-17T10:33:23.762163+00:00
2026-07-17,final,Morocco,0.0,102,0.2,0.169,2026-07-17T10:33:23.762163+00:00
2026-07-17,final,Netherlands,0.0,102,0.1,0.084,2026-07-17T10:33:23.762163+00:00
2026-07-17,final,New Zealand,0.0,102,0.2,0.169,2026-07-17T10:33:23.762163+00:00
2026-07-17,final,Norway,0.0,102,0.1,0.084,2026-07-17T10:33:23.762163+00:00
2026-07-17,final,Panama,0.0,102,0.1,0.084,2026-07-17T10:33:23.762163+00:00
2026-07-17,final,Paraguay,0.0,102,0.1,0.084,2026-07-17T10:33:23.762163+00:00
2026-07-17,final,Portugal,0.0,102,1.0,0.843,2026-07-17T10:33:23.762163+00:00
2026-07-17,final,Qatar,0.0,102,0.2,0.169,2026-07-17T10:33:23.762163+00:00
2026-07-17,final,Saudi Arabia,0.0,102,1.0,0.843,2026-07-17T10:33:23.762163+00:00
2026-07-17,final,Scotland,0.0,102,0.2,0.169,2026-07-17T10:33:23.762163+00:00
2026-07-17,final,Senegal,0.0,102,0.1,0.084,2026-07-17T10:33:23.762163+00:00
2026-07-17,final,South Africa,0.0,102,0.8,0.674,2026-07-17T10:33:23.762163+00:00
2026-07-17,final,South Korea,0.0,102,0.6,0.506,2026-07-17T10:33:23.762163+00:00
2026-07-17,final,Spain,100.0,102,99.9,84.197,2026-07-17T10:33:23.762163+00:00
2026-07-17,final,Sweden,0.0,102,0.7,0.59,2026-07-17T10:33:23.762163+00:00
2026-07-17,final,Switzerland,0.0,102,0.1,0.084,2026-07-17T10:33:23.762163+00:00
2026-07-17,final,Tunisia,0.0,102,1.6,1.349,2026-07-17T10:33:23.762163+00:00
2026-07-17,final,Turkey,0.0,102,0.1,0.084,2026-07-17T10:33:23.762163+00:00
2026-07-17,final,United States,0.0,102,0.1,0.084,2026-07-17T10:33:23.762163+00:00
2026-07-17,final,Uruguay,0.0,102,2.6,2.191,2026-07-17T10:33:23.762163+00:00
2026-07-17,final,Uzbekistan,0.0,102,0.2,0.169,2026-07-17T10:33:23.762163+00:00
2026-07-17,qf,Algeria,0.0,102,0.1,0.09,2026-07-17T10:33:23.762163+00:00
2026-07-17,qf,Argentina,100.0,102,99.9,89.426,2026-07-17T10:33:23.762163+00:00
2026-07-17,qf,Australia,0.0,102,6.6,5.908,2026-07-17T10:33:23.762163+00:00
2026-07-17,qf,Austria,0.0,102,4.6,4.118,2026-07-17T10:33:23.762163+00:00
2026-07-17,qf,Belgium,100.0,102,99.9,89.426,2026-07-17T10:33:23.762163+00:00
2026-07-17,qf,Bosnia and Herzegovina,0.0,102,4.7,4.207,2026-07-17T10:33:23.762163+00:00
2026-07-17,qf,Brazil,0.0,102,0.1,0.09,2026-07-17T10:33:23.762163+00:00
2026-07-17,qf,Canada,0.0,102,0.1,0.09,2026-07-17T10:33:23.762163+00:00
2026-07-17,qf,Cape Verde,0.0,102,0.2,0.179,2026-07-17T10:33:23.762163+00:00
2026-07-17,qf,Colombia,0.0,102,0.1,0.09,2026-07-17T10:33:23.762163+00:00
2026-07-17,qf,Croatia,0.0,102,0.1,0.09,2026-07-17T10:33:23.762163+00:00
2026-07-17,qf,Curacao,0.0,102,0.9,0.806,2026-07-17T10:33:23.762163+00:00
2026-07-17,qf,Czechia,0.0,102,0.1,0.09,2026-07-17T10:33:23.762163+00:00
2026-07-17,qf,DR Congo,0.0,102,0.1,0.09,2026-07-17T10:33:23.762163+00:00
2026-07-17,qf,Ecuador,0.0,102,0.1,0.09,2026-07-17T10:33:23.762163+00:00
2026-07-17,qf,Egypt,0.0,102,0.1,0.09,2026-07-17T10:33:23.762163+00:00
2026-07-17,qf,England,100.0,102,99.9,89.426,2026-07-17T10:33:23.762163+00:00
2026-07-17,qf,France,100.0,102,99.9,89.426,2026-07-17T10:33:23.762163+00:00
2026-07-17,qf,Germany,0.0,102,32.0,28.645,2026-07-17T10:33:23.762163+00:00
2026-07-17,qf,Ghana,0.0,102,0.1,0.09,2026-07-17T10:33:23.762163+00:00
2026-07-17,qf,Haiti,0.0,102,3.6,3.223,2026-07-17T10:33:23.762163+00:00
2026-07-17,qf,Iran,0.0,102,0.4,0.358,2026-07-17T10:33:23.762163+00:00
2026-07-17,qf,Iraq,0.0,102,0.5,0.448,2026-07-17T10:33:23.762163+00:00
2026-07-17,qf,Ivory Coast,0.0,102,1.0,0.895,2026-07-17T10:33:23.762163+00:00
2026-07-17,qf,Japan,0.0,102,0.1,0.09,2026-07-17T10:33:23.762163+00:00
2026-07-17,qf,Jordan,0.0,102,,,2026-07-17T10:33:23.762163+00:00
2026-07-17,qf,Mexico,0.0,102,0.1,0.09,2026-07-17T10:33:23.762163+00:00
2026-07-17,qf,Morocco,100.0,102,99.9,89.426,2026-07-17T10:33:23.762163+00:00
2026-07-17,qf,Netherlands,0.0,102,1.0,0.895,2026-07-17T10:33:23.762163+00:00
2026-07-17,qf,New Zealand,0.0,102,0.1,0.09,2026-07-17T10:33:23.762163+00:00
2026-07-17,qf,Norway,100.0,102,99.9,89.426,2026-07-17T10:33:23.762163+00:00
2026-07-17,qf,Panama,0.0,102,3.9,3.491,2026-07-17T10:33:23.762163+00:00
2026-07-17,qf,Paraguay,0.0,102,0.1,0.09,2026-07-17T10:33:23.762163+00:00
2026-07-17,qf,Portugal,0.0,102,2.7,2.417,2026-07-17T10:33:23.762163+00:00
2026-07-17,qf,Qatar,0.0,102,5.0,4.476,2026-07-17T10:33:23.762163+00:00
2026-07-17,qf,Saudi Arabia,0.0,102,1.5,1.343,2026-07-17T10:33:23.762163+00:00
2026-07-17,qf,Scotland,0.0,102,3.5,3.133,2026-07-17T10:33:23.762163+00:00
2026-07-17,qf,Senegal,0.0,102,1.0,0.895,2026-07-17T10:33:23.762163+00:00
2026-07-17,qf,South Africa,0.0,102,2.9,2.596,2026-07-17T10:33:23.762163+00:00
2026-07-17,qf,South Korea,0.0,102,4.8,4.297,2026-07-17T10:33:23.762163+00:00
2026-07-17,qf,Spain,100.0,102,99.9,89.426,2026-07-17T10:33:23.762163+00:00
2026-07-17,qf,Sweden,0.0,102,0.1,0.09,2026-07-17T10:33:23.762163+00:00
2026-07-17,qf,Switzerland,100.0,102,99.9,89.426,2026-07-17T10:33:23.762163+00:00
2026-07-17,qf,Tunisia,0.0,102,2.5,2.238,2026-07-17T10:33:23.762163+00:00
2026-07-17,qf,Turkey,0.0,102,0.1,0.09,2026-07-17T10:33:23.762163+00:00
2026-07-17,qf,United States,0.0,102,0.1,0.09,2026-07-17T10:33:23.762163+00:00
2026-07-17,qf,Uruguay,0.0,102,9.0,8.056,2026-07-17T10:33:23.762163+00:00
2026-07-17,qf,Uzbekistan,0.0,102,0.5,0.448,2026-07-17T10:33:23.762163+00:00
2026-07-17,r16,Algeria,0.0,102,3.0,2.903,2026-07-17T10:33:23.762163+00:00
2026-07-17,r16,Argentina,100.0,102,99.9,96.674,2026-07-17T10:33:23.762163+00:00
2026-07-17,r16,Australia,0.0,102,0.1,0.097,2026-07-17T10:33:23.762163+00:00
2026-07-17,r16,Austria,0.0,102,0.4,0.387,2026-07-17T10:33:23.762163+00:00
2026-07-17,r16,Belgium,100.0,102,99.9,96.674,2026-07-17T10:33:23.762163+00:00
2026-07-17,r16,Bosnia and Herzegovina,0.0,102,3.9,3.774,2026-07-17T10:33:23.762163+00:00
2026-07-17,r16,Brazil,100.0,102,99.9,96.674,2026-07-17T10:33:23.762163+00:00
2026-07-17,r16,Canada,100.0,102,99.9,96.674,2026-07-17T10:33:23.762163+00:00
2026-07-17,r16,Cape Verde,0.0,102,0.1,0.097,2026-07-17T10:33:23.762163+00:00
2026-07-17,r16,Colombia,100.0,102,99.9,96.674,2026-07-17T10:33:23.762163+00:00
2026-07-17,r16,Croatia,0.0,102,1.0,0.968,2026-07-17T10:33:23.762163+00:00
2026-07-17,r16,Curacao,0.0,102,0.6,0.581,2026-07-17T10:33:23.762163+00:00
2026-07-17,r16,Czechia,0.0,102,4.0,3.871,2026-07-17T10:33:23.762163+00:00
2026-07-17,r16,DR Congo,0.0,102,1.0,0.968,2026-07-17T10:33:23.762163+00:00
2026-07-17,r16,Ecuador,0.0,102,2.0,1.935,2026-07-17T10:33:23.762163+00:00
2026-07-17,r16,Egypt,100.0,102,99.9,96.674,2026-07-17T10:33:23.762163+00:00
2026-07-17,r16,England,100.0,102,99.9,96.674,2026-07-17T10:33:23.762163+00:00
2026-07-17,r16,France,100.0,102,99.9,96.674,2026-07-17T10:33:23.762163+00:00
2026-07-17,r16,Germany,0.0,102,0.1,0.097,2026-07-17T10:33:23.762163+00:00
2026-07-17,r16,Ghana,0.0,102,0.1,0.097,2026-07-17T10:33:23.762163+00:00
2026-07-17,r16,Haiti,0.0,102,0.5,0.484,2026-07-17T10:33:23.762163+00:00
2026-07-17,r16,Iran,0.0,102,0.1,0.097,2026-07-17T10:33:23.762163+00:00
2026-07-17,r16,Iraq,0.0,102,1.0,0.968,2026-07-17T10:33:23.762163+00:00
2026-07-17,r16,Ivory Coast,0.0,102,4.0,3.871,2026-07-17T10:33:23.762163+00:00
2026-07-17,r16,Japan,0.0,102,0.1,0.097,2026-07-17T10:33:23.762163+00:00
2026-07-17,r16,Jordan,0.0,102,3.2,3.097,2026-07-17T10:33:23.762163+00:00
2026-07-17,r16,Mexico,100.0,102,99.9,96.674,2026-07-17T10:33:23.762163+00:00
2026-07-17,r16,Morocco,100.0,102,99.9,96.674,2026-07-17T10:33:23.762163+00:00
2026-07-17,r16,Netherlands,0.0,102,0.1,0.097,2026-07-17T10:33:23.762163+00:00
2026-07-17,r16,New Zealand,0.0,102,1.3,1.258,2026-07-17T10:33:23.762163+00:00
2026-07-17,r16,Norway,100.0,102,99.9,96.674,2026-07-17T10:33:23.762163+00:00
2026-07-17,r16,Panama,0.0,102,0.1,0.097,2026-07-17T10:33:23.762163+00:00
2026-07-17,r16,Paraguay,100.0,102,99.9,96.674,2026-07-17T10:33:23.762163+00:00
2026-07-17,r16,Portugal,100.0,102,99.9,96.674,2026-07-17T10:33:23.762163+00:00
2026-07-17,r16,Qatar,0.0,102,2.3,2.226,2026-07-17T10:33:23.762163+00:00
2026-07-17,r16,Saudi Arabia,0.0,102,3.6,3.484,2026-07-17T10:33:23.762163+00:00
2026-07-17,r16,Scotland,0.0,102,1.6,1.548,2026-07-17T10:33:23.762163+00:00
2026-07-17,r16,Senegal,0.0,102,0.1,0.097,2026-07-17T10:33:23.762163+00:00
2026-07-17,r16,South Africa,0.0,102,0.1,0.097,2026-07-17T10:33:23.762163+00:00
2026-07-17,r16,South Korea,0.0,102,13.0,12.58,2026-07-17T10:33:23.762163+00:00
2026-07-17,r16,Spain,100.0,102,99.9,96.674,2026-07-17T10:33:23.762163+00:00
2026-07-17,r16,Sweden,0.0,102,1.0,0.968,2026-07-17T10:33:23.762163+00:00
2026-07-17,r16,Switzerland,100.0,102,99.9,96.674,2026-07-17T10:33:23.762163+00:00
2026-07-17,r16,Tunisia,0.0,102,3.0,2.903,2026-07-17T10:33:23.762163+00:00
2026-07-17,r16,Turkey,0.0,102,2.0,1.935,2026-07-17T10:33:23.762163+00:00
2026-07-17,r16,United States,100.0,102,99.9,96.674,2026-07-17T10:33:23.762163+00:00
2026-07-17,r16,Uruguay,0.0,102,0.1,0.097,2026-07-17T10:33:23.762163+00:00
2026-07-17,r16,Uzbekistan,0.0,102,1.5,1.452,2026-07-17T10:33:23.762163+00:00
2026-07-17,sf,Algeria,0.0,102,1.7,1.451,2026-07-17T10:33:23.762163+00:00
2026-07-17,sf,Argentina,100.0,102,99.9,85.257,2026-07-17T10:33:23.762163+00:00
2026-07-17,sf,Australia,0.0,102,2.8,2.39,2026-07-17T10:33:23.762163+00:00
2026-07-17,sf,Austria,0.0,102,2.4,2.048,2026-07-17T10:33:23.762163+00:00
2026-07-17,sf,Belgium,0.0,102,1.1,0.939,2026-07-17T10:33:23.762163+00:00
2026-07-17,sf,Bosnia and Herzegovina,0.0,102,1.0,0.853,2026-07-17T10:33:23.762163+00:00
2026-07-17,sf,Brazil,0.0,102,0.1,0.085,2026-07-17T10:33:23.762163+00:00
2026-07-17,sf,Canada,0.0,102,1.4,1.195,2026-07-17T10:33:23.762163+00:00
2026-07-17,sf,Cape Verde,0.0,102,1.1,0.939,2026-07-17T10:33:23.762163+00:00
2026-07-17,sf,Colombia,0.0,102,0.1,0.085,2026-07-17T10:33:23.762163+00:00
2026-07-17,sf,Croatia,0.0,102,1.3,1.109,2026-07-17T10:33:23.762163+00:00
2026-07-17,sf,Curacao,0.0,102,0.1,0.085,2026-07-17T10:33:23.762163+00:00
2026-07-17,sf,Czechia,0.0,102,2.1,1.792,2026-07-17T10:33:23.762163+00:00
2026-07-17,sf,DR Congo,0.0,102,1.2,1.024,2026-07-17T10:33:23.762163+00:00
2026-07-17,sf,Ecuador,0.0,102,0.1,0.085,2026-07-17T10:33:23.762163+00:00
2026-07-17,sf,Egypt,0.0,102,0.2,0.171,2026-07-17T10:33:23.762163+00:00
2026-07-17,sf,England,100.0,102,99.9,85.257,2026-07-17T10:33:23.762163+00:00
2026-07-17,sf,France,100.0,102,99.9,85.257,2026-07-17T10:33:23.762163+00:00
2026-07-17,sf,Germany,0.0,102,18.0,15.362,2026-07-17T10:33:23.762163+00:00
2026-07-17,sf,Ghana,0.0,102,1.8,1.536,2026-07-17T10:33:23.762163+00:00
2026-07-17,sf,Haiti,0.0,102,0.5,0.427,2026-07-17T10:33:23.762163+00:00
2026-07-17,sf,Iran,0.0,102,0.7,0.597,2026-07-17T10:33:23.762163+00:00
2026-07-17,sf,Iraq,0.0,102,0.1,0.085,2026-07-17T10:33:23.762163+00:00
2026-07-17,sf,Ivory Coast,0.0,102,0.8,0.683,2026-07-17T10:33:23.762163+00:00
2026-07-17,sf,Japan,0.0,102,3.0,2.56,2026-07-17T10:33:23.762163+00:00
2026-07-17,sf,Jordan,0.0,102,1.1,0.939,2026-07-17T10:33:23.762163+00:00
2026-07-17,sf,Mexico,0.0,102,0.1,0.085,2026-07-17T10:33:23.762163+00:00
2026-07-17,sf,Morocco,0.0,102,0.1,0.085,2026-07-17T10:33:23.762163+00:00
2026-07-17,sf,Netherlands,0.0,102,0.2,0.171,2026-07-17T10:33:23.762163+00:00
2026-07-17,sf,New Zealand,0.0,102,3.3,2.816,2026-07-17T10:33:23.762163+00:00
2026-07-17,sf,Norway,0.0,102,0.1,0.085,2026-07-17T10:33:23.762163+00:00
2026-07-17,sf,Panama,0.0,102,3.0,2.56,2026-07-17T10:33:23.762163+00:00
2026-07-17,sf,Paraguay,0.0,102,0.1,0.085,2026-07-17T10:33:23.762163+00:00
2026-07-17,sf,Portugal,0.0,102,5.9,5.035,2026-07-17T10:33:23.762163+00:00
2026-07-17,sf,Qatar,0.0,102,0.9,0.768,2026-07-17T10:33:23.762163+00:00
2026-07-17,sf,Saudi Arabia,0.0,102,1.9,1.622,2026-07-17T10:33:23.762163+00:00
2026-07-17,sf,Scotland,0.0,102,1.7,1.451,2026-07-17T10:33:23.762163+00:00
2026-07-17,sf,Senegal,0.0,102,0.1,0.085,2026-07-17T10:33:23.762163+00:00
2026-07-17,sf,South Africa,0.0,102,1.1,0.939,2026-07-17T10:33:23.762163+00:00
2026-07-17,sf,South Korea,0.0,102,1.9,1.622,2026-07-17T10:33:23.762163+00:00
2026-07-17,sf,Spain,100.0,102,99.9,85.257,2026-07-17T10:33:23.762163+00:00
2026-07-17,sf,Sweden,0.0,102,0.1,0.085,2026-07-17T10:33:23.762163+00:00
2026-07-17,sf,Switzerland,0.0,102,0.1,0.085,2026-07-17T10:33:23.762163+00:00
2026-07-17,sf,Tunisia,0.0,102,1.0,0.853,2026-07-17T10:33:23.762163+00:00
2026-07-17,sf,Turkey,0.0,102,3.8,3.243,2026-07-17T10:33:23.762163+00:00
2026-07-17,sf,United States,0.0,102,0.1,0.085,2026-07-17T10:33:23.762163+00:00
2026-07-17,sf,Uruguay,0.0,102,0.3,0.256,2026-07-17T10:33:23.762163+00:00
2026-07-17,sf,Uzbekistan,0.0,102,0.6,0.512,2026-07-17T10:33:23.762163+00:00
2026-07-18,final,Algeria,0.0,102,1.1,0.927,2026-07-18T10:06:03.889324+00:00
2026-07-18,final,Argentina,100.0,102,99.9,84.197,2026-07-18T10:06:03.889324+00:00
2026-07-18,final,Australia,0.0,102,0.5,0.421,2026-07-18T10:06:03.889324+00:00
2026-07-18,final,Austria,0.0,102,0.4,0.337,2026-07-18T10:06:03.889324+00:00
2026-07-18,final,Belgium,0.0,102,0.1,0.084,2026-07-18T10:06:03.889324+00:00
2026-07-18,final,Bosnia and Herzegovina,0.0,102,1.4,1.18,2026-07-18T10:06:03.889324+00:00
2026-07-18,final,Brazil,0.0,102,0.2,0.169,2026-07-18T10:06:03.889324+00:00
2026-07-18,final,Canada,0.0,102,1.7,1.433,2026-07-18T10:06:03.889324+00:00
2026-07-18,final,Cape Verde,0.0,102,2.0,1.686,2026-07-18T10:06:03.889324+00:00
2026-07-18,final,Colombia,0.0,102,0.1,0.084,2026-07-18T10:06:03.889324+00:00
2026-07-18,final,Croatia,0.0,102,2.7,2.276,2026-07-18T10:06:03.889324+00:00
2026-07-18,final,Curacao,0.0,102,1.8,1.517,2026-07-18T10:06:03.889324+00:00
2026-07-18,final,Czechia,0.0,102,1.0,0.843,2026-07-18T10:06:03.889324+00:00
2026-07-18,final,DR Congo,0.0,102,0.9,0.759,2026-07-18T10:06:03.889324+00:00
2026-07-18,final,Ecuador,0.0,102,1.8,1.517,2026-07-18T10:06:03.889324+00:00
2026-07-18,final,Egypt,0.0,102,0.8,0.674,2026-07-18T10:06:03.889324+00:00
2026-07-18,final,England,0.0,102,0.1,0.084,2026-07-18T10:06:03.889324+00:00
2026-07-18,final,France,0.0,102,0.2,0.169,2026-07-18T10:06:03.889324+00:00
2026-07-18,final,Germany,0.0,102,0.1,0.084,2026-07-18T10:06:03.889324+00:00
2026-07-18,final,Ghana,0.0,102,1.5,1.264,2026-07-18T10:06:03.889324+00:00
2026-07-18,final,Haiti,0.0,102,0.5,0.421,2026-07-18T10:06:03.889324+00:00
2026-07-18,final,Iran,0.0,102,0.8,0.674,2026-07-18T10:06:03.889324+00:00
2026-07-18,final,Iraq,0.0,102,0.2,0.169,2026-07-18T10:06:03.889324+00:00
2026-07-18,final,Ivory Coast,0.0,102,0.1,0.084,2026-07-18T10:06:03.889324+00:00
2026-07-18,final,Japan,0.0,102,3.2,2.697,2026-07-18T10:06:03.889324+00:00
2026-07-18,final,Jordan,0.0,102,0.6,0.506,2026-07-18T10:06:03.889324+00:00
2026-07-18,final,Mexico,0.0,102,3.6,3.034,2026-07-18T10:06:03.889324+00:00
2026-07-18,final,Morocco,0.0,102,0.2,0.169,2026-07-18T10:06:03.889324+00:00
2026-07-18,final,Netherlands,0.0,102,0.1,0.084,2026-07-18T10:06:03.889324+00:00
2026-07-18,final,New Zealand,0.0,102,0.2,0.169,2026-07-18T10:06:03.889324+00:00
2026-07-18,final,Norway,0.0,102,0.1,0.084,2026-07-18T10:06:03.889324+00:00
2026-07-18,final,Panama,0.0,102,0.1,0.084,2026-07-18T10:06:03.889324+00:00
2026-07-18,final,Paraguay,0.0,102,0.1,0.084,2026-07-18T10:06:03.889324+00:00
2026-07-18,final,Portugal,0.0,102,1.0,0.843,2026-07-18T10:06:03.889324+00:00
2026-07-18,final,Qatar,0.0,102,0.2,0.169,2026-07-18T10:06:03.889324+00:00
2026-07-18,final,Saudi Arabia,0.0,102,1.0,0.843,2026-07-18T10:06:03.889324+00:00
2026-07-18,final,Scotland,0.0,102,0.2,0.169,2026-07-18T10:06:03.889324+00:00
2026-07-18,final,Senegal,0.0,102,0.1,0.084,2026-07-18T10:06:03.889324+00:00
2026-07-18,final,South Africa,0.0,102,0.8,0.674,2026-07-18T10:06:03.889324+00:00
2026-07-18,final,South Korea,0.0,102,0.6,0.506,2026-07-18T10:06:03.889324+00:00
2026-07-18,final,Spain,100.0,102,99.9,84.197,2026-07-18T10:06:03.889324+00:00
2026-07-18,final,Sweden,0.0,102,0.7,0.59,2026-07-18T10:06:03.889324+00:00
2026-07-18,final,Switzerland,0.0,102,0.1,0.084,2026-07-18T10:06:03.889324+00:00
2026-07-18,final,Tunisia,0.0,102,1.6,1.349,2026-07-18T10:06:03.889324+00:00
2026-07-18,final,Turkey,0.0,102,0.1,0.084,2026-07-18T10:06:03.889324+00:00
2026-07-18,final,United States,0.0,102,0.1,0.084,2026-07-18T10:06:03.889324+00:00
2026-07-18,final,Uruguay,0.0,102,2.6,2.191,2026-07-18T10:06:03.889324+00:00
2026-07-18,final,Uzbekistan,0.0,102,0.2,0.169,2026-07-18T10:06:03.889324+00:00
2026-07-18,qf,Algeria,0.0,102,0.1,0.09,2026-07-18T10:06:03.889324+00:00
2026-07-18,qf,Argentina,100.0,102,99.9,89.426,2026-07-18T10:06:03.889324+00:00
2026-07-18,qf,Australia,0.0,102,6.6,5.908,2026-07-18T10:06:03.889324+00:00
2026-07-18,qf,Austria,0.0,102,4.6,4.118,2026-07-18T10:06:03.889324+00:00
2026-07-18,qf,Belgium,100.0,102,99.9,89.426,2026-07-18T10:06:03.889324+00:00
2026-07-18,qf,Bosnia and Herzegovina,0.0,102,4.7,4.207,2026-07-18T10:06:03.889324+00:00
2026-07-18,qf,Brazil,0.0,102,0.1,0.09,2026-07-18T10:06:03.889324+00:00
2026-07-18,qf,Canada,0.0,102,0.1,0.09,2026-07-18T10:06:03.889324+00:00
2026-07-18,qf,Cape Verde,0.0,102,0.2,0.179,2026-07-18T10:06:03.889324+00:00
2026-07-18,qf,Colombia,0.0,102,0.1,0.09,2026-07-18T10:06:03.889324+00:00
2026-07-18,qf,Croatia,0.0,102,0.1,0.09,2026-07-18T10:06:03.889324+00:00
2026-07-18,qf,Curacao,0.0,102,0.9,0.806,2026-07-18T10:06:03.889324+00:00
2026-07-18,qf,Czechia,0.0,102,0.1,0.09,2026-07-18T10:06:03.889324+00:00
2026-07-18,qf,DR Congo,0.0,102,0.1,0.09,2026-07-18T10:06:03.889324+00:00
2026-07-18,qf,Ecuador,0.0,102,0.1,0.09,2026-07-18T10:06:03.889324+00:00
2026-07-18,qf,Egypt,0.0,102,0.1,0.09,2026-07-18T10:06:03.889324+00:00
2026-07-18,qf,England,100.0,102,99.9,89.426,2026-07-18T10:06:03.889324+00:00
2026-07-18,qf,France,100.0,102,99.9,89.426,2026-07-18T10:06:03.889324+00:00
2026-07-18,qf,Germany,0.0,102,32.0,28.645,2026-07-18T10:06:03.889324+00:00
2026-07-18,qf,Ghana,0.0,102,0.1,0.09,2026-07-18T10:06:03.889324+00:00
2026-07-18,qf,Haiti,0.0,102,3.6,3.223,2026-07-18T10:06:03.889324+00:00
2026-07-18,qf,Iran,0.0,102,0.4,0.358,2026-07-18T10:06:03.889324+00:00
2026-07-18,qf,Iraq,0.0,102,0.5,0.448,2026-07-18T10:06:03.889324+00:00
2026-07-18,qf,Ivory Coast,0.0,102,1.0,0.895,2026-07-18T10:06:03.889324+00:00
2026-07-18,qf,Japan,0.0,102,0.1,0.09,2026-07-18T10:06:03.889324+00:00
2026-07-18,qf,Jordan,0.0,102,,,2026-07-18T10:06:03.889324+00:00
2026-07-18,qf,Mexico,0.0,102,0.1,0.09,2026-07-18T10:06:03.889324+00:00
2026-07-18,qf,Morocco,100.0,102,99.9,89.426,2026-07-18T10:06:03.889324+00:00
2026-07-18,qf,Netherlands,0.0,102,1.0,0.895,2026-07-18T10:06:03.889324+00:00
2026-07-18,qf,New Zealand,0.0,102,0.1,0.09,2026-07-18T10:06:03.889324+00:00
2026-07-18,qf,Norway,100.0,102,99.9,89.426,2026-07-18T10:06:03.889324+00:00
2026-07-18,qf,Panama,0.0,102,3.9,3.491,2026-07-18T10:06:03.889324+00:00
2026-07-18,qf,Paraguay,0.0,102,0.1,0.09,2026-07-18T10:06:03.889324+00:00
2026-07-18,qf,Portugal,0.0,102,2.7,2.417,2026-07-18T10:06:03.889324+00:00
2026-07-18,qf,Qatar,0.0,102,5.0,4.476,2026-07-18T10:06:03.889324+00:00
2026-07-18,qf,Saudi Arabia,0.0,102,1.5,1.343,2026-07-18T10:06:03.889324+00:00
2026-07-18,qf,Scotland,0.0,102,3.5,3.133,2026-07-18T10:06:03.889324+00:00
2026-07-18,qf,Senegal,0.0,102,1.0,0.895,2026-07-18T10:06:03.889324+00:00
2026-07-18,qf,South Africa,0.0,102,2.9,2.596,2026-07-18T10:06:03.889324+00:00
2026-07-18,qf,South Korea,0.0,102,4.8,4.297,2026-07-18T10:06:03.889324+00:00
2026-07-18,qf,Spain,100.0,102,99.9,89.426,2026-07-18T10:06:03.889324+00:00
2026-07-18,qf,Sweden,0.0,102,0.1,0.09,2026-07-18T10:06:03.889324+00:00
2026-07-18,qf,Switzerland,100.0,102,99.9,89.426,2026-07-18T10:06:03.889324+00:00
2026-07-18,qf,Tunisia,0.0,102,2.5,2.238,2026-07-18T10:06:03.889324+00:00
2026-07-18,qf,Turkey,0.0,102,0.1,0.09,2026-07-18T10:06:03.889324+00:00
2026-07-18,qf,United States,0.0,102,0.1,0.09,2026-07-18T10:06:03.889324+00:00
2026-07-18,qf,Uruguay,0.0,102,9.0,8.056,2026-07-18T10:06:03.889324+00:00
2026-07-18,qf,Uzbekistan,0.0,102,0.5,0.448,2026-07-18T10:06:03.889324+00:00
2026-07-18,r16,Algeria,0.0,102,3.0,2.903,2026-07-18T10:06:03.889324+00:00
2026-07-18,r16,Argentina,100.0,102,99.9,96.674,2026-07-18T10:06:03.889324+00:00
2026-07-18,r16,Australia,0.0,102,0.1,0.097,2026-07-18T10:06:03.889324+00:00
2026-07-18,r16,Austria,0.0,102,0.4,0.387,2026-07-18T10:06:03.889324+00:00
2026-07-18,r16,Belgium,100.0,102,99.9,96.674,2026-07-18T10:06:03.889324+00:00
2026-07-18,r16,Bosnia and Herzegovina,0.0,102,3.9,3.774,2026-07-18T10:06:03.889324+00:00
2026-07-18,r16,Brazil,100.0,102,99.9,96.674,2026-07-18T10:06:03.889324+00:00
2026-07-18,r16,Canada,100.0,102,99.9,96.674,2026-07-18T10:06:03.889324+00:00
2026-07-18,r16,Cape Verde,0.0,102,0.1,0.097,2026-07-18T10:06:03.889324+00:00
2026-07-18,r16,Colombia,100.0,102,99.9,96.674,2026-07-18T10:06:03.889324+00:00
2026-07-18,r16,Croatia,0.0,102,1.0,0.968,2026-07-18T10:06:03.889324+00:00
2026-07-18,r16,Curacao,0.0,102,0.6,0.581,2026-07-18T10:06:03.889324+00:00
2026-07-18,r16,Czechia,0.0,102,4.0,3.871,2026-07-18T10:06:03.889324+00:00
2026-07-18,r16,DR Congo,0.0,102,1.0,0.968,2026-07-18T10:06:03.889324+00:00
2026-07-18,r16,Ecuador,0.0,102,2.0,1.935,2026-07-18T10:06:03.889324+00:00
2026-07-18,r16,Egypt,100.0,102,99.9,96.674,2026-07-18T10:06:03.889324+00:00
2026-07-18,r16,England,100.0,102,99.9,96.674,2026-07-18T10:06:03.889324+00:00
2026-07-18,r16,France,100.0,102,99.9,96.674,2026-07-18T10:06:03.889324+00:00
2026-07-18,r16,Germany,0.0,102,0.1,0.097,2026-07-18T10:06:03.889324+00:00
2026-07-18,r16,Ghana,0.0,102,0.1,0.097,2026-07-18T10:06:03.889324+00:00
2026-07-18,r16,Haiti,0.0,102,0.5,0.484,2026-07-18T10:06:03.889324+00:00
2026-07-18,r16,Iran,0.0,102,0.1,0.097,2026-07-18T10:06:03.889324+00:00
2026-07-18,r16,Iraq,0.0,102,1.0,0.968,2026-07-18T10:06:03.889324+00:00
2026-07-18,r16,Ivory Coast,0.0,102,4.0,3.871,2026-07-18T10:06:03.889324+00:00
2026-07-18,r16,Japan,0.0,102,0.1,0.097,2026-07-18T10:06:03.889324+00:00
2026-07-18,r16,Jordan,0.0,102,3.2,3.097,2026-07-18T10:06:03.889324+00:00
2026-07-18,r16,Mexico,100.0,102,99.9,96.674,2026-07-18T10:06:03.889324+00:00
2026-07-18,r16,Morocco,100.0,102,99.9,96.674,2026-07-18T10:06:03.889324+00:00
2026-07-18,r16,Netherlands,0.0,102,0.1,0.097,2026-07-18T10:06:03.889324+00:00
2026-07-18,r16,New Zealand,0.0,102,1.3,1.258,2026-07-18T10:06:03.889324+00:00
2026-07-18,r16,Norway,100.0,102,99.9,96.674,2026-07-18T10:06:03.889324+00:00
2026-07-18,r16,Panama,0.0,102,0.1,0.097,2026-07-18T10:06:03.889324+00:00
2026-07-18,r16,Paraguay,100.0,102,99.9,96.674,2026-07-18T10:06:03.889324+00:00
2026-07-18,r16,Portugal,100.0,102,99.9,96.674,2026-07-18T10:06:03.889324+00:00
2026-07-18,r16,Qatar,0.0,102,2.3,2.226,2026-07-18T10:06:03.889324+00:00
2026-07-18,r16,Saudi Arabia,0.0,102,3.6,3.484,2026-07-18T10:06:03.889324+00:00
2026-07-18,r16,Scotland,0.0,102,1.6,1.548,2026-07-18T10:06:03.889324+00:00
2026-07-18,r16,Senegal,0.0,102,0.1,0.097,2026-07-18T10:06:03.889324+00:00
2026-07-18,r16,South Africa,0.0,102,0.1,0.097,2026-07-18T10:06:03.889324+00:00
2026-07-18,r16,South Korea,0.0,102,13.0,12.58,2026-07-18T10:06:03.889324+00:00
2026-07-18,r16,Spain,100.0,102,99.9,96.674,2026-07-18T10:06:03.889324+00:00
2026-07-18,r16,Sweden,0.0,102,1.0,0.968,2026-07-18T10:06:03.889324+00:00
2026-07-18,r16,Switzerland,100.0,102,99.9,96.674,2026-07-18T10:06:03.889324+00:00
2026-07-18,r16,Tunisia,0.0,102,3.0,2.903,2026-07-18T10:06:03.889324+00:00
2026-07-18,r16,Turkey,0.0,102,2.0,1.935,2026-07-18T10:06:03.889324+00:00
2026-07-18,r16,United States,100.0,102,99.9,96.674,2026-07-18T10:06:03.889324+00:00
2026-07-18,r16,Uruguay,0.0,102,0.1,0.097,2026-07-18T10:06:03.889324+00:00
2026-07-18,r16,Uzbekistan,0.0,102,1.5,1.452,2026-07-18T10:06:03.889324+00:00
2026-07-18,sf,Algeria,0.0,102,1.7,1.451,2026-07-18T10:06:03.889324+00:00
2026-07-18,sf,Argentina,100.0,102,99.9,85.257,2026-07-18T10:06:03.889324+00:00
2026-07-18,sf,Australia,0.0,102,2.8,2.39,2026-07-18T10:06:03.889324+00:00
2026-07-18,sf,Austria,0.0,102,2.4,2.048,2026-07-18T10:06:03.889324+00:00
2026-07-18,sf,Belgium,0.0,102,1.1,0.939,2026-07-18T10:06:03.889324+00:00
2026-07-18,sf,Bosnia and Herzegovina,0.0,102,1.0,0.853,2026-07-18T10:06:03.889324+00:00
2026-07-18,sf,Brazil,0.0,102,0.1,0.085,2026-07-18T10:06:03.889324+00:00
2026-07-18,sf,Canada,0.0,102,1.4,1.195,2026-07-18T10:06:03.889324+00:00
2026-07-18,sf,Cape Verde,0.0,102,1.1,0.939,2026-07-18T10:06:03.889324+00:00
2026-07-18,sf,Colombia,0.0,102,0.1,0.085,2026-07-18T10:06:03.889324+00:00
2026-07-18,sf,Croatia,0.0,102,1.3,1.109,2026-07-18T10:06:03.889324+00:00
2026-07-18,sf,Curacao,0.0,102,0.1,0.085,2026-07-18T10:06:03.889324+00:00
2026-07-18,sf,Czechia,0.0,102,2.1,1.792,2026-07-18T10:06:03.889324+00:00
2026-07-18,sf,DR Congo,0.0,102,1.2,1.024,2026-07-18T10:06:03.889324+00:00
2026-07-18,sf,Ecuador,0.0,102,0.1,0.085,2026-07-18T10:06:03.889324+00:00
2026-07-18,sf,Egypt,0.0,102,0.2,0.171,2026-07-18T10:06:03.889324+00:00
2026-07-18,sf,England,100.0,102,99.9,85.257,2026-07-18T10:06:03.889324+00:00
2026-07-18,sf,France,100.0,102,99.9,85.257,2026-07-18T10:06:03.889324+00:00
2026-07-18,sf,Germany,0.0,102,18.0,15.362,2026-07-18T10:06:03.889324+00:00
2026-07-18,sf,Ghana,0.0,102,1.8,1.536,2026-07-18T10:06:03.889324+00:00
2026-07-18,sf,Haiti,0.0,102,0.5,0.427,2026-07-18T10:06:03.889324+00:00
2026-07-18,sf,Iran,0.0,102,0.7,0.597,2026-07-18T10:06:03.889324+00:00
2026-07-18,sf,Iraq,0.0,102,0.1,0.085,2026-07-18T10:06:03.889324+00:00
2026-07-18,sf,Ivory Coast,0.0,102,0.8,0.683,2026-07-18T10:06:03.889324+00:00
2026-07-18,sf,Japan,0.0,102,3.0,2.56,2026-07-18T10:06:03.889324+00:00
2026-07-18,sf,Jordan,0.0,102,1.1,0.939,2026-07-18T10:06:03.889324+00:00
2026-07-18,sf,Mexico,0.0,102,0.1,0.085,2026-07-18T10:06:03.889324+00:00
2026-07-18,sf,Morocco,0.0,102,0.1,0.085,2026-07-18T10:06:03.889324+00:00
2026-07-18,sf,Netherlands,0.0,102,0.2,0.171,2026-07-18T10:06:03.889324+00:00
2026-07-18,sf,New Zealand,0.0,102,3.3,2.816,2026-07-18T10:06:03.889324+00:00
2026-07-18,sf,Norway,0.0,102,0.1,0.085,2026-07-18T10:06:03.889324+00:00
2026-07-18,sf,Panama,0.0,102,3.0,2.56,2026-07-18T10:06:03.889324+00:00
2026-07-18,sf,Paraguay,0.0,102,0.1,0.085,2026-07-18T10:06:03.889324+00:00
2026-07-18,sf,Portugal,0.0,102,5.9,5.035,2026-07-18T10:06:03.889324+00:00
2026-07-18,sf,Qatar,0.0,102,0.9,0.768,2026-07-18T10:06:03.889324+00:00
2026-07-18,sf,Saudi Arabia,0.0,102,1.9,1.622,2026-07-18T10:06:03.889324+00:00
2026-07-18,sf,Scotland,0.0,102,1.7,1.451,2026-07-18T10:06:03.889324+00:00
2026-07-18,sf,Senegal,0.0,102,0.1,0.085,2026-07-18T10:06:03.889324+00:00
2026-07-18,sf,South Africa,0.0,102,1.1,0.939,2026-07-18T10:06:03.889324+00:00
2026-07-18,sf,South Korea,0.0,102,1.9,1.622,2026-07-18T10:06:03.889324+00:00
2026-07-18,sf,Spain,100.0,102,99.9,85.257,2026-07-18T10:06:03.889324+00:00
2026-07-18,sf,Sweden,0.0,102,0.1,0.085,2026-07-18T10:06:03.889324+00:00
2026-07-18,sf,Switzerland,0.0,102,0.1,0.085,2026-07-18T10:06:03.889324+00:00
2026-07-18,sf,Tunisia,0.0,102,1.0,0.853,2026-07-18T10:06:03.889324+00:00
2026-07-18,sf,Turkey,0.0,102,3.8,3.243,2026-07-18T10:06:03.889324+00:00
2026-07-18,sf,United States,0.0,102,0.1,0.085,2026-07-18T10:06:03.889324+00:00
2026-07-18,sf,Uruguay,0.0,102,0.3,0.256,2026-07-18T10:06:03.889324+00:00
2026-07-18,sf,Uzbekistan,0.0,102,0.6,0.512,2026-07-18T10:06:03.889324+00:00
2026-07-19,final,Algeria,0.0,102,1.1,0.927,2026-07-19T10:22:36.662753+00:00
2026-07-19,final,Argentina,100.0,102,99.9,84.197,2026-07-19T10:22:36.662753+00:00
2026-07-19,final,Australia,0.0,102,0.5,0.421,2026-07-19T10:22:36.662753+00:00
2026-07-19,final,Austria,0.0,102,0.4,0.337,2026-07-19T10:22:36.662753+00:00
2026-07-19,final,Belgium,0.0,102,0.1,0.084,2026-07-19T10:22:36.662753+00:00
2026-07-19,final,Bosnia and Herzegovina,0.0,102,1.4,1.18,2026-07-19T10:22:36.662753+00:00
2026-07-19,final,Brazil,0.0,102,0.2,0.169,2026-07-19T10:22:36.662753+00:00
2026-07-19,final,Canada,0.0,102,1.7,1.433,2026-07-19T10:22:36.662753+00:00
2026-07-19,final,Cape Verde,0.0,102,2.0,1.686,2026-07-19T10:22:36.662753+00:00
2026-07-19,final,Colombia,0.0,102,0.1,0.084,2026-07-19T10:22:36.662753+00:00
2026-07-19,final,Croatia,0.0,102,2.7,2.276,2026-07-19T10:22:36.662753+00:00
2026-07-19,final,Curacao,0.0,102,1.8,1.517,2026-07-19T10:22:36.662753+00:00
2026-07-19,final,Czechia,0.0,102,1.0,0.843,2026-07-19T10:22:36.662753+00:00
2026-07-19,final,DR Congo,0.0,102,0.9,0.759,2026-07-19T10:22:36.662753+00:00
2026-07-19,final,Ecuador,0.0,102,1.8,1.517,2026-07-19T10:22:36.662753+00:00
2026-07-19,final,Egypt,0.0,102,0.8,0.674,2026-07-19T10:22:36.662753+00:00
2026-07-19,final,England,0.0,102,0.1,0.084,2026-07-19T10:22:36.662753+00:00
2026-07-19,final,France,0.0,102,0.2,0.169,2026-07-19T10:22:36.662753+00:00
2026-07-19,final,Germany,0.0,102,0.1,0.084,2026-07-19T10:22:36.662753+00:00
2026-07-19,final,Ghana,0.0,102,1.5,1.264,2026-07-19T10:22:36.662753+00:00
2026-07-19,final,Haiti,0.0,102,0.5,0.421,2026-07-19T10:22:36.662753+00:00
2026-07-19,final,Iran,0.0,102,0.8,0.674,2026-07-19T10:22:36.662753+00:00
2026-07-19,final,Iraq,0.0,102,0.2,0.169,2026-07-19T10:22:36.662753+00:00
2026-07-19,final,Ivory Coast,0.0,102,0.1,0.084,2026-07-19T10:22:36.662753+00:00
2026-07-19,final,Japan,0.0,102,3.2,2.697,2026-07-19T10:22:36.662753+00:00
2026-07-19,final,Jordan,0.0,102,0.6,0.506,2026-07-19T10:22:36.662753+00:00
2026-07-19,final,Mexico,0.0,102,3.6,3.034,2026-07-19T10:22:36.662753+00:00
2026-07-19,final,Morocco,0.0,102,0.2,0.169,2026-07-19T10:22:36.662753+00:00
2026-07-19,final,Netherlands,0.0,102,0.1,0.084,2026-07-19T10:22:36.662753+00:00
2026-07-19,final,New Zealand,0.0,102,0.2,0.169,2026-07-19T10:22:36.662753+00:00
2026-07-19,final,Norway,0.0,102,0.1,0.084,2026-07-19T10:22:36.662753+00:00
2026-07-19,final,Panama,0.0,102,0.1,0.084,2026-07-19T10:22:36.662753+00:00
2026-07-19,final,Paraguay,0.0,102,0.1,0.084,2026-07-19T10:22:36.662753+00:00
2026-07-19,final,Portugal,0.0,102,1.0,0.843,2026-07-19T10:22:36.662753+00:00
2026-07-19,final,Qatar,0.0,102,0.2,0.169,2026-07-19T10:22:36.662753+00:00
2026-07-19,final,Saudi Arabia,0.0,102,1.0,0.843,2026-07-19T10:22:36.662753+00:00
2026-07-19,final,Scotland,0.0,102,0.2,0.169,2026-07-19T10:22:36.662753+00:00
2026-07-19,final,Senegal,0.0,102,0.1,0.084,2026-07-19T10:22:36.662753+00:00
2026-07-19,final,South Africa,0.0,102,0.8,0.674,2026-07-19T10:22:36.662753+00:00
2026-07-19,final,South Korea,0.0,102,0.6,0.506,2026-07-19T10:22:36.662753+00:00
2026-07-19,final,Spain,100.0,102,99.9,84.197,2026-07-19T10:22:36.662753+00:00
2026-07-19,final,Sweden,0.0,102,0.7,0.59,2026-07-19T10:22:36.662753+00:00
2026-07-19,final,Switzerland,0.0,102,0.1,0.084,2026-07-19T10:22:36.662753+00:00
2026-07-19,final,Tunisia,0.0,102,1.6,1.349,2026-07-19T10:22:36.662753+00:00
2026-07-19,final,Turkey,0.0,102,0.1,0.084,2026-07-19T10:22:36.662753+00:00
2026-07-19,final,United States,0.0,102,0.1,0.084,2026-07-19T10:22:36.662753+00:00
2026-07-19,final,Uruguay,0.0,102,2.6,2.191,2026-07-19T10:22:36.662753+00:00
2026-07-19,final,Uzbekistan,0.0,102,0.2,0.169,2026-07-19T10:22:36.662753+00:00
2026-07-19,qf,Algeria,0.0,102,0.1,0.09,2026-07-19T10:22:36.662753+00:00
2026-07-19,qf,Argentina,100.0,102,99.9,89.426,2026-07-19T10:22:36.662753+00:00
2026-07-19,qf,Australia,0.0,102,6.6,5.908,2026-07-19T10:22:36.662753+00:00
2026-07-19,qf,Austria,0.0,102,4.6,4.118,2026-07-19T10:22:36.662753+00:00
2026-07-19,qf,Belgium,100.0,102,99.9,89.426,2026-07-19T10:22:36.662753+00:00
2026-07-19,qf,Bosnia and Herzegovina,0.0,102,4.7,4.207,2026-07-19T10:22:36.662753+00:00
2026-07-19,qf,Brazil,0.0,102,0.1,0.09,2026-07-19T10:22:36.662753+00:00
2026-07-19,qf,Canada,0.0,102,0.1,0.09,2026-07-19T10:22:36.662753+00:00
2026-07-19,qf,Cape Verde,0.0,102,0.2,0.179,2026-07-19T10:22:36.662753+00:00
2026-07-19,qf,Colombia,0.0,102,0.1,0.09,2026-07-19T10:22:36.662753+00:00
2026-07-19,qf,Croatia,0.0,102,0.1,0.09,2026-07-19T10:22:36.662753+00:00
2026-07-19,qf,Curacao,0.0,102,0.9,0.806,2026-07-19T10:22:36.662753+00:00
2026-07-19,qf,Czechia,0.0,102,0.1,0.09,2026-07-19T10:22:36.662753+00:00
2026-07-19,qf,DR Congo,0.0,102,0.1,0.09,2026-07-19T10:22:36.662753+00:00
2026-07-19,qf,Ecuador,0.0,102,0.1,0.09,2026-07-19T10:22:36.662753+00:00
2026-07-19,qf,Egypt,0.0,102,0.1,0.09,2026-07-19T10:22:36.662753+00:00
2026-07-19,qf,England,100.0,102,99.9,89.426,2026-07-19T10:22:36.662753+00:00
2026-07-19,qf,France,100.0,102,99.9,89.426,2026-07-19T10:22:36.662753+00:00
2026-07-19,qf,Germany,0.0,102,32.0,28.645,2026-07-19T10:22:36.662753+00:00
2026-07-19,qf,Ghana,0.0,102,0.1,0.09,2026-07-19T10:22:36.662753+00:00
2026-07-19,qf,Haiti,0.0,102,3.6,3.223,2026-07-19T10:22:36.662753+00:00
2026-07-19,qf,Iran,0.0,102,0.4,0.358,2026-07-19T10:22:36.662753+00:00
2026-07-19,qf,Iraq,0.0,102,0.5,0.448,2026-07-19T10:22:36.662753+00:00
2026-07-19,qf,Ivory Coast,0.0,102,1.0,0.895,2026-07-19T10:22:36.662753+00:00
2026-07-19,qf,Japan,0.0,102,0.1,0.09,2026-07-19T10:22:36.662753+00:00
2026-07-19,qf,Jordan,0.0,102,,,2026-07-19T10:22:36.662753+00:00
2026-07-19,qf,Mexico,0.0,102,0.1,0.09,2026-07-19T10:22:36.662753+00:00
2026-07-19,qf,Morocco,100.0,102,99.9,89.426,2026-07-19T10:22:36.662753+00:00
2026-07-19,qf,Netherlands,0.0,102,1.0,0.895,2026-07-19T10:22:36.662753+00:00
2026-07-19,qf,New Zealand,0.0,102,0.1,0.09,2026-07-19T10:22:36.662753+00:00
2026-07-19,qf,Norway,100.0,102,99.9,89.426,2026-07-19T10:22:36.662753+00:00
2026-07-19,qf,Panama,0.0,102,3.9,3.491,2026-07-19T10:22:36.662753+00:00
2026-07-19,qf,Paraguay,0.0,102,0.1,0.09,2026-07-19T10:22:36.662753+00:00
2026-07-19,qf,Portugal,0.0,102,2.7,2.417,2026-07-19T10:22:36.662753+00:00
2026-07-19,qf,Qatar,0.0,102,5.0,4.476,2026-07-19T10:22:36.662753+00:00
2026-07-19,qf,Saudi Arabia,0.0,102,1.5,1.343,2026-07-19T10:22:36.662753+00:00
2026-07-19,qf,Scotland,0.0,102,3.5,3.133,2026-07-19T10:22:36.662753+00:00
2026-07-19,qf,Senegal,0.0,102,1.0,0.895,2026-07-19T10:22:36.662753+00:00
2026-07-19,qf,South Africa,0.0,102,2.9,2.596,2026-07-19T10:22:36.662753+00:00
2026-07-19,qf,South Korea,0.0,102,4.8,4.297,2026-07-19T10:22:36.662753+00:00
2026-07-19,qf,Spain,100.0,102,99.9,89.426,2026-07-19T10:22:36.662753+00:00
2026-07-19,qf,Sweden,0.0,102,0.1,0.09,2026-07-19T10:22:36.662753+00:00
2026-07-19,qf,Switzerland,100.0,102,99.9,89.426,2026-07-19T10:22:36.662753+00:00
2026-07-19,qf,Tunisia,0.0,102,2.5,2.238,2026-07-19T10:22:36.662753+00:00
2026-07-19,qf,Turkey,0.0,102,0.1,0.09,2026-07-19T10:22:36.662753+00:00
2026-07-19,qf,United States,0.0,102,0.1,0.09,2026-07-19T10:22:36.662753+00:00
2026-07-19,qf,Uruguay,0.0,102,9.0,8.056,2026-07-19T10:22:36.662753+00:00
2026-07-19,qf,Uzbekistan,0.0,102,0.5,0.448,2026-07-19T10:22:36.662753+00:00
2026-07-19,r16,Algeria,0.0,102,3.0,2.903,2026-07-19T10:22:36.662753+00:00
2026-07-19,r16,Argentina,100.0,102,99.9,96.674,2026-07-19T10:22:36.662753+00:00
2026-07-19,r16,Australia,0.0,102,0.1,0.097,2026-07-19T10:22:36.662753+00:00
2026-07-19,r16,Austria,0.0,102,0.4,0.387,2026-07-19T10:22:36.662753+00:00
2026-07-19,r16,Belgium,100.0,102,99.9,96.674,2026-07-19T10:22:36.662753+00:00
2026-07-19,r16,Bosnia and Herzegovina,0.0,102,3.9,3.774,2026-07-19T10:22:36.662753+00:00
2026-07-19,r16,Brazil,100.0,102,99.9,96.674,2026-07-19T10:22:36.662753+00:00
2026-07-19,r16,Canada,100.0,102,99.9,96.674,2026-07-19T10:22:36.662753+00:00
2026-07-19,r16,Cape Verde,0.0,102,0.1,0.097,2026-07-19T10:22:36.662753+00:00
2026-07-19,r16,Colombia,100.0,102,99.9,96.674,2026-07-19T10:22:36.662753+00:00
2026-07-19,r16,Croatia,0.0,102,1.0,0.968,2026-07-19T10:22:36.662753+00:00
2026-07-19,r16,Curacao,0.0,102,0.6,0.581,2026-07-19T10:22:36.662753+00:00
2026-07-19,r16,Czechia,0.0,102,4.0,3.871,2026-07-19T10:22:36.662753+00:00
2026-07-19,r16,DR Congo,0.0,102,1.0,0.968,2026-07-19T10:22:36.662753+00:00
2026-07-19,r16,Ecuador,0.0,102,2.0,1.935,2026-07-19T10:22:36.662753+00:00
2026-07-19,r16,Egypt,100.0,102,99.9,96.674,2026-07-19T10:22:36.662753+00:00
2026-07-19,r16,England,100.0,102,99.9,96.674,2026-07-19T10:22:36.662753+00:00
2026-07-19,r16,France,100.0,102,99.9,96.674,2026-07-19T10:22:36.662753+00:00
2026-07-19,r16,Germany,0.0,102,0.1,0.097,2026-07-19T10:22:36.662753+00:00
2026-07-19,r16,Ghana,0.0,102,0.1,0.097,2026-07-19T10:22:36.662753+00:00
2026-07-19,r16,Haiti,0.0,102,0.5,0.484,2026-07-19T10:22:36.662753+00:00
2026-07-19,r16,Iran,0.0,102,0.1,0.097,2026-07-19T10:22:36.662753+00:00
2026-07-19,r16,Iraq,0.0,102,1.0,0.968,2026-07-19T10:22:36.662753+00:00
2026-07-19,r16,Ivory Coast,0.0,102,4.0,3.871,2026-07-19T10:22:36.662753+00:00
2026-07-19,r16,Japan,0.0,102,0.1,0.097,2026-07-19T10:22:36.662753+00:00
2026-07-19,r16,Jordan,0.0,102,3.2,3.097,2026-07-19T10:22:36.662753+00:00
2026-07-19,r16,Mexico,100.0,102,99.9,96.674,2026-07-19T10:22:36.662753+00:00
2026-07-19,r16,Morocco,100.0,102,99.9,96.674,2026-07-19T10:22:36.662753+00:00
2026-07-19,r16,Netherlands,0.0,102,0.1,0.097,2026-07-19T10:22:36.662753+00:00
2026-07-19,r16,New Zealand,0.0,102,1.3,1.258,2026-07-19T10:22:36.662753+00:00
2026-07-19,r16,Norway,100.0,102,99.9,96.674,2026-07-19T10:22:36.662753+00:00
2026-07-19,r16,Panama,0.0,102,0.1,0.097,2026-07-19T10:22:36.662753+00:00
2026-07-19,r16,Paraguay,100.0,102,99.9,96.674,2026-07-19T10:22:36.662753+00:00
2026-07-19,r16,Portugal,100.0,102,99.9,96.674,2026-07-19T10:22:36.662753+00:00
2026-07-19,r16,Qatar,0.0,102,2.3,2.226,2026-07-19T10:22:36.662753+00:00
2026-07-19,r16,Saudi Arabia,0.0,102,3.6,3.484,2026-07-19T10:22:36.662753+00:00
2026-07-19,r16,Scotland,0.0,102,1.6,1.548,2026-07-19T10:22:36.662753+00:00
2026-07-19,r16,Senegal,0.0,102,0.1,0.097,2026-07-19T10:22:36.662753+00:00
2026-07-19,r16,South Africa,0.0,102,0.1,0.097,2026-07-19T10:22:36.662753+00:00
2026-07-19,r16,South Korea,0.0,102,13.0,12.58,2026-07-19T10:22:36.662753+00:00
2026-07-19,r16,Spain,100.0,102,99.9,96.674,2026-07-19T10:22:36.662753+00:00
2026-07-19,r16,Sweden,0.0,102,1.0,0.968,2026-07-19T10:22:36.662753+00:00
2026-07-19,r16,Switzerland,100.0,102,99.9,96.674,2026-07-19T10:22:36.662753+00:00
2026-07-19,r16,Tunisia,0.0,102,3.0,2.903,2026-07-19T10:22:36.662753+00:00
2026-07-19,r16,Turkey,0.0,102,2.0,1.935,2026-07-19T10:22:36.662753+00:00
2026-07-19,r16,United States,100.0,102,99.9,96.674,2026-07-19T10:22:36.662753+00:00
2026-07-19,r16,Uruguay,0.0,102,0.1,0.097,2026-07-19T10:22:36.662753+00:00
2026-07-19,r16,Uzbekistan,0.0,102,1.5,1.452,2026-07-19T10:22:36.662753+00:00
2026-07-19,sf,Algeria,0.0,102,1.7,1.451,2026-07-19T10:22:36.662753+00:00
2026-07-19,sf,Argentina,100.0,102,99.9,85.257,2026-07-19T10:22:36.662753+00:00
2026-07-19,sf,Australia,0.0,102,2.8,2.39,2026-07-19T10:22:36.662753+00:00
2026-07-19,sf,Austria,0.0,102,2.4,2.048,2026-07-19T10:22:36.662753+00:00
2026-07-19,sf,Belgium,0.0,102,1.1,0.939,2026-07-19T10:22:36.662753+00:00
2026-07-19,sf,Bosnia and Herzegovina,0.0,102,1.0,0.853,2026-07-19T10:22:36.662753+00:00
2026-07-19,sf,Brazil,0.0,102,0.1,0.085,2026-07-19T10:22:36.662753+00:00
2026-07-19,sf,Canada,0.0,102,1.4,1.195,2026-07-19T10:22:36.662753+00:00
2026-07-19,sf,Cape Verde,0.0,102,1.1,0.939,2026-07-19T10:22:36.662753+00:00
2026-07-19,sf,Colombia,0.0,102,0.1,0.085,2026-07-19T10:22:36.662753+00:00
2026-07-19,sf,Croatia,0.0,102,1.3,1.109,2026-07-19T10:22:36.662753+00:00
2026-07-19,sf,Curacao,0.0,102,0.1,0.085,2026-07-19T10:22:36.662753+00:00
2026-07-19,sf,Czechia,0.0,102,2.1,1.792,2026-07-19T10:22:36.662753+00:00
2026-07-19,sf,DR Congo,0.0,102,1.2,1.024,2026-07-19T10:22:36.662753+00:00
2026-07-19,sf,Ecuador,0.0,102,0.1,0.085,2026-07-19T10:22:36.662753+00:00
2026-07-19,sf,Egypt,0.0,102,0.2,0.171,2026-07-19T10:22:36.662753+00:00
2026-07-19,sf,England,100.0,102,99.9,85.257,2026-07-19T10:22:36.662753+00:00
2026-07-19,sf,France,100.0,102,99.9,85.257,2026-07-19T10:22:36.662753+00:00
2026-07-19,sf,Germany,0.0,102,18.0,15.362,2026-07-19T10:22:36.662753+00:00
2026-07-19,sf,Ghana,0.0,102,1.8,1.536,2026-07-19T10:22:36.662753+00:00
2026-07-19,sf,Haiti,0.0,102,0.5,0.427,2026-07-19T10:22:36.662753+00:00
2026-07-19,sf,Iran,0.0,102,0.7,0.597,2026-07-19T10:22:36.662753+00:00
2026-07-19,sf,Iraq,0.0,102,0.1,0.085,2026-07-19T10:22:36.662753+00:00
2026-07-19,sf,Ivory Coast,0.0,102,0.8,0.683,2026-07-19T10:22:36.662753+00:00
2026-07-19,sf,Japan,0.0,102,3.0,2.56,2026-07-19T10:22:36.662753+00:00
2026-07-19,sf,Jordan,0.0,102,1.1,0.939,2026-07-19T10:22:36.662753+00:00
2026-07-19,sf,Mexico,0.0,102,0.1,0.085,2026-07-19T10:22:36.662753+00:00
2026-07-19,sf,Morocco,0.0,102,0.1,0.085,2026-07-19T10:22:36.662753+00:00
2026-07-19,sf,Netherlands,0.0,102,0.2,0.171,2026-07-19T10:22:36.662753+00:00
2026-07-19,sf,New Zealand,0.0,102,3.3,2.816,2026-07-19T10:22:36.662753+00:00
2026-07-19,sf,Norway,0.0,102,0.1,0.085,2026-07-19T10:22:36.662753+00:00
2026-07-19,sf,Panama,0.0,102,3.0,2.56,2026-07-19T10:22:36.662753+00:00
2026-07-19,sf,Paraguay,0.0,102,0.1,0.085,2026-07-19T10:22:36.662753+00:00
2026-07-19,sf,Portugal,0.0,102,5.9,5.035,2026-07-19T10:22:36.662753+00:00
2026-07-19,sf,Qatar,0.0,102,0.9,0.768,2026-07-19T10:22:36.662753+00:00
2026-07-19,sf,Saudi Arabia,0.0,102,1.9,1.622,2026-07-19T10:22:36.662753+00:00
2026-07-19,sf,Scotland,0.0,102,1.7,1.451,2026-07-19T10:22:36.662753+00:00
2026-07-19,sf,Senegal,0.0,102,0.1,0.085,2026-07-19T10:22:36.662753+00:00
2026-07-19,sf,South Africa,0.0,102,1.1,0.939,2026-07-19T10:22:36.662753+00:00
2026-07-19,sf,South Korea,0.0,102,1.9,1.622,2026-07-19T10:22:36.662753+00:00
2026-07-19,sf,Spain,100.0,102,99.9,85.257,2026-07-19T10:22:36.662753+00:00
2026-07-19,sf,Sweden,0.0,102,0.1,0.085,2026-07-19T10:22:36.662753+00:00
2026-07-19,sf,Switzerland,0.0,102,0.1,0.085,2026-07-19T10:22:36.662753+00:00
2026-07-19,sf,Tunisia,0.0,102,1.0,0.853,2026-07-19T10:22:36.662753+00:00
2026-07-19,sf,Turkey,0.0,102,3.8,3.243,2026-07-19T10:22:36.662753+00:00
2026-07-19,sf,United States,0.0,102,0.1,0.085,2026-07-19T10:22:36.662753+00:00
2026-07-19,sf,Uruguay,0.0,102,0.3,0.256,2026-07-19T10:22:36.662753+00:00
2026-07-19,sf,Uzbekistan,0.0,102,0.6,0.512,2026-07-19T10:22:36.662753+00:00
